tree
version=v4
num_class=1
num_tree_per_iteration=1
label_index=0
max_feature_idx=17
objective=binary sigmoid:1
feature_names=prep_time_min order_hour is_peak_lunch is_peak_dinner is_late_night is_weekend day_of_week month Delivery_person_Age Delivery_person_Ratings Vehicle_condition multiple_deliveries Weather_conditions Road_traffic_density Type_of_vehicle Type_of_order City Festival
feature_infos=[5:15] [-1:23] [0:1] [0:1] [0:1] [0:1] [0:6] [2:4] [15:50] [1:5] [0:3] [0:3] -1:3:2:0:1:5:4:6 -1:2:1:3:0 -1:2:3:1 -1:3:2:0:1 -1:0:2:1 -1:0:1
tree_sizes=6725 6762 6677 6708 6666 6721 6687 6688 6654 6694 6742 6796 6742 6725 6682 6657 6719 6676 6635 6649 6801 6656 6716 6666 6727 6719 6785 6708 6771 6775 6667 6715 6756 6686 6710 6785 6691 6768 6743 6730 6733 6714 6702 6731 6730 6698 6722 6678 6702 6669 6775 6763 6750 6775 6695 6695 6686 6709 6767 6708 6724 6692 6717 6730 6732 6718 6706 6723 6722 6694 6734 6722 6721 6707 6745 6767 6737 6728 6671 6647 6737 6727 6710 6683 6760 6756 6709 6725 6723 6746 6662 6655 6744 6660 6721 6700 6721 6649 6661 6691 6742 6802 6785 6778 6656 6650 6767 6602 6748 6698 6710 6824 6753 6733 6734 6792 6752 6768 6672 6756 6677 6741 6701 6724 6708 6704 6662 6687 6759 6692 6820 6697 6719 6724 6691 6719 6672 6742 6815 6632 6703

Tree=0
num_leaves=63
num_cat=9
split_feature=7 8 4 9 3 9 0 9 8 8 14 15 8 10 9 8 1 5 8 8 9 9 9 8 0 14 1 8 8 5 9 12 9 12 8 15 0 0 12 9 9 8 8 9 7 9 8 9 8 1 0 5 0 8 15 8 14 0 8 1 1 9
split_gain=1927.9 6.73536 5.2003 5.4605 5.62357 4.90012 4.84374 8.30163 5.66366 4.67145 4.47556 8.96862 5.79456 5.05888 4.73511 5.77908 4.68649 4.51437 4.86661 4.40344 5.62221 4.37919 4.25938 5.34134 4.18619 4.1612 3.92735 4.24501 3.87133 3.69522 11.7078 5.21458 4.70885 3.56785 7.19993 4.02832 4.12019 3.68118 3.52337 5.99599 3.62153 3.50918 3.48923 3.42019 4.02128 4.29481 3.6754 3.83804 3.4404 3.3254 7.44081 6.07876 4.34602 4.45195 3.99825 6.66714 5.22018 5.70357 7.05242 4.67074 3.8622 3.76515
threshold=2.5000000000000004 44.500000000000007 1.0000000180025095e-35 2.5500000000000003 1.0000000180025095e-35 3.9500000000000006 7.5000000000000009 3.4500000000000006 38.500000000000007 20.500000000000004 0 1 37.500000000000007 2.5000000000000004 4.1500000000000012 32.500000000000007 22.500000000000004 1.0000000180025095e-35 27.500000000000004 27.500000000000004 4.9500000000000011 3.5500000000000003 4.5500000000000007 37.500000000000007 inf 2 20.500000000000004 36.500000000000007 24.500000000000004 1.0000000180025095e-35 4.7500000000000009 3 4.6500000000000012 4 38.500000000000007 5 7.5000000000000009 7.5000000000000009 6 4.0500000000000007 4.4500000000000011 22.500000000000004 36.500000000000007 3.7500000000000004 3.5000000000000004 4.8500000000000005 26.500000000000004 4.1500000000000012 34.500000000000007 12.500000000000002 1.0000000180025095e-35 1.0000000180025095e-35 7.5000000000000009 38.500000000000007 7 22.500000000000004 8 12.500000000000002 33.500000000000007 8.5000000000000018 10.500000000000002 4.5500000000000007
decision_type=2 10 2 8 2 10 10 8 8 8 9 1 10 2 8 10 2 2 10 10 10 10 8 10 8 9 2 8 10 2 10 1 8 1 10 1 10 10 1 10 10 10 10 10 2 10 10 10 10 2 10 2 10 10 1 10 9 10 10 2 2 10
left_child=5 2 21 -4 10 -1 9 -8 28 -6 11 12 -5 -13 17 19 -14 18 -12 29 -21 26 42 -24 -19 -23 -2 -28 -9 31 -31 32 -16 35 37 36 -17 -35 39 -27 -40 -32 -11 -30 46 48 -45 -48 -46 50 51 -42 53 -52 55 59 57 58 -57 -54 -58 -51
right_child=1 -3 3 4 6 -7 7 8 -10 22 14 13 16 -15 15 33 -18 24 -20 20 -22 25 23 -25 -26 38 27 -29 43 30 41 -33 -34 34 -36 -37 -38 -39 40 -41 49 -43 -44 44 45 -47 47 -49 -50 61 52 -53 54 -55 -56 56 60 -59 -60 -61 -62 -63
leaf_value=-0.063353090771001236 -0.0089043081900779426 0.04254529628209993 0.034191743562494305 0.014860061506242361 0.037943684930963992 -0.052617967117484385 -0.039519079276960897 -0.0021636056924023181 0.028007214740682605 0.026611307791642464 -0.0018451639901597649 0.00023591338882603661 -0.029036111369623432 0.030398858472363559 -0.018340200251033514 -0.023539472403842531 0.01116238416599824 0.0174514389630894 0.027361149237242269 0.011271462467783943 -0.0099378524100445318 0.012445788442929455 0.0064483717708979701 0.028279975316728198 -0.021828376209705416 -0.013879799342886294 -0.0073868077515156574 0.041127547046563913 0.038905362325811849 -0.012008051468334564 0.030398858472363559 0.0069713746316174656 0.0013909102309873432 -0.0081628866277420279 0.01505406184908238 0.0057496703545646573 0.011922931736089805 -0.025309056998328878 0.011107595066587903 0.0058761314751727281 0.025025118706071471 0.0052576634663249727 -0.0014463278778172298 0.023687501041386418 -0.020993862519596909 0.017451438963089407 -0.017874542520536614 0.0088568016697204346 0.0099188969999857261 0.0032979950800131183 0.00091627823124897502 -0.0041216578584356194 0.063721213737596122 -0.023539472403842535 0.003790166279981395 -0.019147179581056929 0.0064332180139908546 0.031423012859455562 0.028007214740682605 0.022458166656425742 -0.021349830462412404 0.0092363049718057616
leaf_weight=73.758244007825851 41.736628994345665 8.7670861184596998 10.752492919564245 223.81919699907303 11.711747422814367 876.27405042946339 6.3190580755472174 79.530793085694313 18.946973830461502 43.66874922811985 12.437422767281531 221.89274008572102 9.0346772968769073 9.2682564556598646 27.380697220563889 19.02860909700394 9.5403847098350525 7.8747294098138836 34.309783354401588 171.52169431746006 22.636585026979446 363.58911997079849 152.68470445275307 20.316689252853394 9.6741802990436536 25.533623084425926 5.6364689022302601 5.9131342321634301 5.5933827310800543 90.293486401438713 13.902384683489798 228.02471600472927 66.000320225954056 64.807486563920975 16.68490169942379 85.243233934044838 7.235226407647132 28.998729273676872 703.04380722343922 658.29787161946297 50.17376321554184 24.602717280387878 8.4666091650724393 25.657218277454376 20.808785438537601 10.499639213085173 9.0584889203309995 167.54634363949299 7.9654388278722754 187.94013108313084 194.73654787242413 14.833290487527846 6.0514668971300152 12.685739398002623 314.60477958619595 10.929374679923059 27.227627083659172 24.335126101970673 9.4734869152307493 15.978500902652739 11.339835599064825 1877.0236235111952
leaf_count=346 171 31 39 859 42 4008 28 320 70 162 50 887 39 34 115 81 37 30 127 665 93 1405 600 75 41 106 23 21 20 373 51 894 263 265 64 335 28 124 2727 2591 187 97 34 96 88 40 38 654 31 745 777 60 20 54 1245 46 107 89 35 60 48 7319
internal_value=-0.000189 0.00750862 0.00746183 0.00576329 0.00560991 -0.0534514 0.00889129 0.00591493 0.00674564 0.0133138 0.00423406 0.00739981 0.0125602 0.00138535 0.0026232 0.00184593 -0.00838966 0.0130966 0.0195906 0.00376349 0.0087987 0.00820802 0.0120325 0.0090122 -0.00420233 0.00834278 -0.00319179 0.0174514 0.00551242 0.00159197 -0.00413265 0.00388603 -0.00396946 -0.00371991 -0.00839706 0.00153044 -0.00997297 -0.0134634 0.0079828 0.0050644 0.00852027 0.014335 0.0220548 0.00798271 0.00726662 -0.00444608 0.00954091 0.00748569 -0.0124364 0.00789148 0.00549251 0.0183744 0.00415769 -0.000579411 0.0064975 0.0129904 0.00904863 0.0183455 0.00274762 0.0337928 -0.00173572 0.00869584
internal_weight=7523.62 6573.59 6564.82 2003.74 1992.99 950.032 588.775 351.926 345.607 236.848 1404.21 473.555 242.394 231.161 930.657 866.361 18.5751 64.2961 46.7472 644.363 194.158 4561.08 225.137 173.001 17.5489 4507.8 53.2862 11.5496 326.66 450.204 128.799 321.406 93.381 221.998 110.491 111.507 26.2638 93.8062 4144.21 683.831 3460.38 38.5051 52.1354 247.129 241.536 39.2739 202.262 176.605 28.7742 2757.33 692.37 65.0071 627.362 207.422 419.94 105.335 83.3055 44.738 20.4029 22.03 38.5675 2064.96
internal_count=30110 25756 25725 7889 7850 4354 2298 1385 1357 913 5552 1856 935 921 3696 3448 76 248 177 2551 758 17836 871 675 71 17621 215 44 1287 1793 521 1272 378 897 453 444 109 389 16216 2697 13519 148 196 967 947 159 788 692 119 10792 2728 247 2481 831 1650 405 325 170 81 80 155 8064
cat_boundaries=0 1 2 3 4 5 6 7 8 9
cat_threshold=8 9 2 40 52 1 1 8 4
is_linear=0
shrinkage=1


Tree=1
num_leaves=63
num_cat=9
split_feature=7 8 4 11 0 9 10 9 9 11 0 9 11 14 10 8 8 9 0 0 0 9 6 15 1 12 9 9 9 8 9 6 1 5 15 2 9 8 1 11 9 11 1 9 17 6 8 1 5 9 15 1 12 14 9 6 6 0 12 8 9 8
split_gain=1777.97 6.21095 4.78316 5.98421 7.73955 5.56359 5.12018 4.90798 4.5347 4.07833 4.16986 4.03613 6.82584 4.86535 4.04568 5.52962 8.70651 5.21476 4.82814 4.77652 4.70283 4.38003 10.6015 4.82626 7.81182 6.02497 5.63091 6.90819 4.94298 4.89563 6.20972 5.36451 4.71126 8.27344 4.24967 4.78613 4.69809 4.19343 4.1793 4.12882 4.09376 4.06759 7.90345 4.0415 5.49343 4.0083 4.06167 3.91574 6.62569 4.90378 3.82041 4.59582 6.33556 6.92528 5.521 6.61319 5.99317 5.14406 4.5493 7.25183 5.22483 4.45421
threshold=2.5000000000000004 44.500000000000007 1.0000000180025095e-35 1.5000000000000002 12.500000000000002 4.4500000000000011 1.0000000180025095e-35 2.5500000000000003 3.9500000000000006 inf 7.5000000000000009 3.5500000000000003 1.0000000180025095e-35 0 1.5000000000000002 22.500000000000004 29.500000000000004 4.1500000000000012 12.500000000000002 12.500000000000002 7.5000000000000009 4.3500000000000005 1.0000000180025095e-35 1 19.500000000000004 2 3.7500000000000004 4.2500000000000009 4.0500000000000007 33.500000000000007 4.1500000000000012 3.5000000000000004 14.500000000000002 1.0000000180025095e-35 3 1.0000000180025095e-35 4.8500000000000005 37.500000000000007 16.500000000000004 2.5000000000000004 4.6500000000000012 1.0000000180025095e-35 18.500000000000004 4.9500000000000011 4 1.5000000000000002 37.500000000000007 19.500000000000004 1.0000000180025095e-35 4.1500000000000012 5 22.500000000000004 6 7 4.2500000000000009 1.0000000180025095e-35 3.5000000000000004 7.5000000000000009 8 24.500000000000004 4.4500000000000011 28.500000000000004
decision_type=2 10 2 8 10 10 2 8 10 8 8 10 8 9 2 10 10 10 8 10 8 10 2 1 2 1 10 10 10 10 10 2 2 2 1 2 10 10 2 10 10 8 2 10 9 2 10 2 2 10 1 2 1 9 8 2 2 8 1 8 8 8
left_child=8 2 11 7 5 -5 -6 -4 -1 -10 -11 12 13 -2 15 20 17 18 -17 37 40 22 38 25 26 29 -25 28 -28 30 -24 -31 -29 -34 43 -36 45 -16 -18 -19 -13 -20 -43 44 -23 -37 -47 49 -49 -39 61 57 -53 -54 55 -55 -57 -52 -59 -60 -61 -9
right_child=1 -3 3 4 6 -7 -8 50 9 10 -12 14 -14 -15 19 16 21 39 41 -21 -22 34 23 24 -26 -27 27 32 -30 31 -32 -33 33 -35 35 36 -38 47 -40 -41 -42 42 -44 -45 -46 46 -48 48 -50 -51 51 52 53 54 -56 56 -58 58 59 60 -62 -63
leaf_value=-0.060880875026142908 -0.0036880616485516892 0.040862211608996446 0.033693324954015343 0.0010784591434479787 0.039835178279174155 -0.01886654460538463 -0.0042018441364841874 -0.0022973958165082684 -0.050939937325405145 0.0017624722274361688 -0.042882274118340329 0.014074992082028405 0.0037557704299407543 -0.059958261134532738 0.0090555706456128295 -0.018138050944687092 0.043210144809306884 0.004090990376908527 0.032900352316497211 0.013096525798196623 0.013767156342691229 0.014090757053483201 -0.0039192701290061667 -0.042433796865183435 0.015963684697682671 0.021328656827117248 -0.011744575481197015 0.0030308411141206455 0.011351612525111828 0.0068043481054849099 0.037564312291216928 -0.025671785553185229 -0.061076354982351484 0.0026015720520769564 0.0067100576159442125 0.0043871867011682992 0.0095240153718383694 0.037219679798071108 0.02006832568114281 0.038557587132417942 -0.0010608168233220709 -0.030568965488545596 0.021304291279156229 -0.0024285860473724375 -0.01888755176408825 -0.0094061484730085659 -0.039535242282749676 -0.025710115250301441 0.017053938843426486 0.0020537020212633935 0.015733975525906049 -0.006821206370726929 0.013669524317398428 0.060148023695513836 -0.0003255663871006784 -0.013170179900915169 0.030071487630505468 0.0099640488483645692 -0.0067183570841774691 -0.0071130650966091825 0.0086231928044234341 0.0057596048551386211
leaf_weight=73.684286504983902 4.7007212489843369 8.7631197571754438 10.224522382020949 47.16875447332859 9.816408574581148 42.57533386349678 7.4157865196466437 180.6887980401516 858.04490229487419 4.4926850795745876 13.130195826292036 45.534285977482796 43.42779952287674 5.1543068140745145 939.57318311929703 32.901617348194122 19.862551629543304 962.53591655194759 6.323413252830508 460.37803940474987 326.05976074934006 273.2054999768734 11.387093901634218 5.3834490776062003 55.737151563167572 84.867577344179153 20.125551998615265 8.5808725357055682 56.30529123544693 19.376150012016296 11.711465626955031 14.031256854534147 7.9368725717067701 5.545600026845932 751.88573391735554 26.587469846010208 36.470888257026672 6.962880700826644 33.621683150529861 5.5932679027318946 76.837768733501434 9.2396155595779437 9.5638876259326917 29.575420841574669 8.328133359551428 38.289476945996284 8.8053380548953992 18.708335027098656 8.3994925469160098 71.453024715185165 134.45251885056496 72.015463024377823 118.54629009962082 5.0917109996080425 209.83389243483543 9.9023949503898638 10.63698650896549 472.08793026208878 81.532941311597824 38.51533904671669 273.36704537272453 279.77425009012222
leaf_count=346 19 31 37 188 35 179 30 727 3931 18 59 175 172 24 3662 138 70 3804 23 1774 1254 1050 46 24 213 317 83 34 218 76 42 60 37 22 2950 105 142 25 127 20 308 40 36 119 35 157 39 80 32 284 514 294 456 17 840 41 39 1835 332 157 1067 1101
internal_value=-0.000180657 0.00720951 0.00716459 0.00553555 -0.00366905 -0.00838361 0.0208841 0.00605471 -0.0513507 -0.0505487 -0.0315008 0.00788023 -0.00306431 -0.0331181 0.00800959 0.00716101 0.00644165 0.00359201 -0.00805504 0.00970184 0.0112577 0.00835586 0.0122524 0.00933636 0.00365416 0.0144697 -0.00259893 -0.000421659 0.00526999 0.00251013 0.0171138 -0.00683577 -0.0201384 -0.0348844 0.00717851 0.00550539 -0.00221768 0.00820644 0.0286626 0.00429012 0.00457117 0.00514782 -0.00418505 0.0112751 0.0131152 -0.00802952 -0.0150394 0.00064583 -0.0124595 0.00517624 0.00590491 0.00692419 0.00349373 0.00562583 0.00181511 0.0193402 0.00922392 0.00845496 0.0073242 0.00380642 0.00667987 0.00254276
internal_weight=7522.73 6573.38 6564.61 2003.65 106.976 89.7441 17.2322 1896.67 949.352 875.668 17.6229 4560.97 53.2828 9.85503 4507.69 3002.21 2553.78 1026.16 58.0285 1505.47 448.432 1527.62 354.473 300.988 159.615 141.374 103.878 98.4942 76.4308 56.506 23.0986 33.4074 22.0633 13.4825 1173.15 862.039 110.153 1045.1 53.4842 968.129 122.372 25.1269 18.8035 311.109 281.534 73.6823 47.0948 105.524 27.1078 78.4159 1886.45 1425.98 426.027 354.011 235.465 25.6311 20.5394 999.956 865.503 393.415 311.882 460.463
internal_count=30110 25756 25725 7889 432 367 65 7457 4354 4008 77 17836 215 43 17621 11764 10027 4061 237 5857 1737 5966 1369 1172 631 541 418 394 301 224 88 136 93 59 4597 3393 443 4083 197 3824 483 99 76 1204 1085 301 196 421 112 309 7420 5592 1687 1393 937 97 80 3905 3391 1556 1224 1828
cat_boundaries=0 1 2 3 4 5 6 7 8 9
cat_threshold=4 9 25 4 1 4 1 8 105
is_linear=0
shrinkage=0.04


Tree=2
num_leaves=63
num_cat=19
split_feature=6 5 12 1 9 13 16 0 11 6 12 0 9 12 11 17 10 9 9 11 14 16 0 9 9 1 14 1 14 9 6 16 10 12 9 16 4 11 9 10 11 0 1 1 6 14 0 15 2 12 1 11 9 14 1 17 3 9 9 1 16 9
split_gain=6.86539 18.5263 10.8117 9.57712 9.55932 5.296 4.96598 4.96175 4.65779 9.61056 4.54345 4.83104 4.9725 6.14729 4.8337 4.82322 4.4975 4.3099 4.23202 4.1464 5.49518 4.07922 4.32048 9.19166 9.16518 5.31763 3.95614 4.59876 3.94558 5.64495 4.23425 3.7568 3.64726 3.54285 5.04263 6.6458 3.50607 6.35031 6.16116 4.55356 3.46443 4.81938 5.64943 3.94138 3.78323 3.49436 4.1172 3.69219 3.4516 3.44039 4.34715 3.83989 3.64688 4.49889 4.44504 3.42357 3.41668 3.35252 4.54416 4.09969 4.79522 5.71978
threshold=3.5000000000000004 1.0000000180025095e-35 0 8.5000000000000018 2.5500000000000003 1 2 7.5000000000000009 1.0000000180025095e-35 5.5000000000000009 3 12.500000000000002 4.7500000000000009 4 1.0000000180025095e-35 5 1.5000000000000002 4.5500000000000007 4.9500000000000011 1.0000000180025095e-35 6 7 7.5000000000000009 4.1500000000000012 3.8500000000000001 20.500000000000004 8 22.500000000000004 9 4.8500000000000005 5.5000000000000009 10 1.0000000180025095e-35 11 3.6500000000000008 12 1.0000000180025095e-35 2.5000000000000004 4.5500000000000007 2.5000000000000004 2.5000000000000004 7.5000000000000009 19.500000000000004 16.500000000000004 1.5000000000000002 13 7.5000000000000009 14 1.0000000180025095e-35 15 19.500000000000004 1.5000000000000002 4.9500000000000011 16 11.500000000000002 17 1.0000000180025095e-35 4.0500000000000007 4.1500000000000012 20.500000000000004 18 4.6500000000000012
decision_type=2 2 1 2 10 9 9 10 8 2 1 8 8 1 10 9 2 8 8 10 9 9 10 10 10 2 9 2 9 8 2 9 2 1 10 9 2 8 8 2 8 10 2 2 2 9 8 1 2 1 2 10 10 9 2 9 2 8 10 2 9 10
left_child=33 10 -3 5 -5 8 7 -7 -4 17 18 15 13 14 16 -12 -13 -10 -2 20 -8 -6 24 25 -23 -24 -17 57 29 30 -22 -29 -19 34 35 -1 -35 39 -39 55 45 43 -43 -42 -45 46 47 48 56 -14 51 52 -51 -54 -55 -38 -36 -28 -59 -60 61 -61
right_child=1 2 3 4 21 6 19 -9 9 -11 11 12 49 -15 -16 26 -18 32 -20 -21 28 22 23 -25 -26 -27 27 31 -30 -31 -32 -33 -34 36 40 -37 37 38 -40 -41 41 42 -44 44 -46 -47 -48 -49 -50 50 -52 -53 53 54 -56 -57 -58 58 59 60 -62 -63
leaf_value=0.0032419251743573121 -0.014203001117116851 0.0070922065603627616 -0.0026028112516199809 -0.038414567224622942 0.03606277182634892 -0.0091310105237982567 -0.026916505096814786 -0.041192617823230998 -0.078710278520252933 -0.0082652580970044662 0.017664889068577359 -0.022311752859085231 0.0022632008310031742 0.0091300494624414526 0.0017695939484707315 -0.013224943909871509 0.00330363529917018 -0.0094753235043269629 0.0059869671529370998 -0.0057064980774542287 0.028813463469780958 0.029051826950250707 -0.01881171811531791 0.0038940882126520704 -0.0026854062805212746 0.0027447421406024968 -0.021268747339345969 -0.011904634652327512 0.022445539865299732 -0.022171989480406374 -0.0078872268507403972 -0.045076857478575143 -0.051635269910924764 0.0026013250520165554 0.021719349631617112 0.034980117930015854 -0.028523780628372252 0.017819208297401655 -0.031123575554369336 0.011687140191088859 0.015342864882603032 0.0033510673582084916 0.043569460403941107 -0.043644871003807484 0.0047356590236141962 0.0007769932808691164 -0.0052498196619713434 -0.0020853513800799441 -0.020759025476549203 -0.015277846736342193 0.001379432181999119 -0.048186518048143966 -0.026313993567432328 -0.0090883967625544886 0.035309695773938311 -0.0003419791061163373 0.0014198609807186641 0.018977372072037417 -0.0069153336991979574 0.017217520696195206 0.010414376635744956 -0.038754273839114096
leaf_weight=44.87048228085041 161.18824863433838 339.45353576540947 15.879248097538946 9.9415822923183423 5.2724913209676743 47.757364392280579 6.750535637140274 9.2127842307090742 5.3313708305358913 19.300077497959137 12.069120854139328 32.215808749198914 62.09741684794426 104.94460707902908 99.629778623580933 152.88764908909798 16.627396449446678 5.1085828989744178 18.519503474235535 100.8199840337038 12.210278064012531 14.945380181074141 47.755217015743256 788.40566693246365 562.70328114926815 29.695187896490097 16.729967549443245 19.791831865906715 26.90287184715271 10.607407569885252 8.5529964864253998 7.5448114722967174 9.1878204643726331 2006.5709883123636 32.151187524199486 13.803439199924467 6.9567904770374298 5.2464921027421978 19.087616220116615 51.457724899053574 8.6031865030527133 11.61374741792679 10.77096466720104 5.5875898003578168 4.8142072558403015 557.85022996366024 543.2544214874506 155.95848758518696 5.1998018175363532 90.968688175082207 44.111895725131035 4.8563977330923072 5.812682032585144 6.5665135234594372 8.0080791860818845 802.85713939368725 22.586071103811264 14.486717566847799 194.03347995877266 4.7232477068901062 49.864812716841698 7.6565747410058975
leaf_count=178 671 1331 64 44 19 196 29 41 26 79 46 137 247 409 397 635 66 21 73 410 45 55 201 3121 2268 118 71 82 101 45 35 34 42 7969 121 50 30 20 83 199 33 46 38 25 19 2227 2205 628 22 380 176 22 25 27 29 3216 90 55 792 18 194 34
internal_value=-0.000172408 -0.00157246 0.000674501 -0.000617447 0.000674984 -0.00743057 -0.00394984 -0.0143158 -0.0176417 -0.0283081 -0.0056807 -0.00442305 -0.00161352 0.00221726 -0.00307659 -0.00730165 -0.0135917 -0.0480164 -0.0114834 -0.000627136 0.00724843 0.000943219 0.000814942 0.00260236 -0.00186428 -0.0105468 -0.00794589 -0.00538229 0.0112062 0.0015675 0.0136954 -0.02106 -0.0365701 0.000870874 -0.000767136 0.0107086 0.00167032 -0.000420263 -0.0205714 0.000149081 -0.00126846 0.0101264 0.0227032 -0.00468686 -0.0212532 -0.00162657 -0.0033928 0.00128001 0.00889985 -0.00597815 -0.0087647 -0.0133694 -0.011851 0.00343984 0.0153063 -0.000584078 0.0133432 -0.00389156 -0.00281786 -0.00404989 0.00488249 -0.0173995
internal_weight=7520.37 3211.13 2075.79 1736.34 1458.72 277.621 222.814 56.9701 54.8071 38.9279 1135.34 955.627 475.839 253.418 148.473 479.788 48.8432 19.6278 179.708 165.844 65.0241 1448.78 1443.5 865.856 577.649 77.4504 467.719 314.831 58.2736 31.3707 20.7633 27.3366 14.2964 4309.24 1417.06 58.6739 2892.18 885.606 24.3341 861.272 1358.39 41.3897 22.3847 19.005 10.4018 1317 759.15 215.896 59.9371 222.422 160.324 116.212 111.356 20.3873 14.5746 809.814 54.7373 287.495 270.765 256.278 62.2446 12.3798
internal_count=30110 12911 8291 6960 5826 1134 902 237 232 168 4620 3876 1915 1009 600 1961 203 89 744 665 255 5782 5763 3440 2323 319 1915 1280 226 125 80 116 63 17199 5682 228 11517 3548 103 3445 5454 161 84 77 44 5293 3066 861 233 906 659 483 461 81 56 3246 211 1164 1093 1038 246 52
cat_boundaries=0 1 2 3 4 5 6 7 8 9 10 11 12 13 14 15 16 17 18 19
cat_threshold=32 2 4 32 28 2 2 2 8 4 1 5 1 4 4 80 8 2 4
is_linear=0
shrinkage=0.04


Tree=3
num_leaves=63
num_cat=11
split_feature=7 9 9 4 11 0 10 9 11 0 10 0 9 6 1 9 16 6 1 15 9 9 1 7 11 11 11 9 1 10 0 9 14 3 15 3 14 6 6 9 9 0 14 6 0 14 0 16 15 11 1 1 14 0 1 1 0 14 6 10 9 11
split_gain=1638.58 4.22955 4.03738 4.17888 5.38014 6.22975 5.41375 5.15596 3.73375 3.90826 3.62892 4.60946 4.07385 6.63765 9.24319 4.62836 4.19586 4.47561 4.19323 4.6821 5.99721 10.3091 9.60324 4.81267 4.31177 4.23772 4.0429 3.81071 3.68355 3.9973 4.18532 3.51688 6.26616 3.46889 3.41307 5.79256 5.87178 8.27943 5.42281 7.6141 5.311 4.61982 4.33693 4.28727 3.71676 4.50366 3.55924 6.36085 3.29829 3.31983 6.81272 6.46833 6.10712 5.02579 4.83381 4.11261 3.89164 3.30706 3.26921 3.22726 3.45256 3.22051
threshold=2.5000000000000004 3.9500000000000006 2.5500000000000003 1.0000000180025095e-35 1.5000000000000002 12.500000000000002 1.0000000180025095e-35 4.4500000000000011 inf 7.5000000000000009 1.5000000000000002 12.500000000000002 4.4500000000000011 1.5000000000000002 13.500000000000002 4.3500000000000005 0 3.5000000000000004 19.500000000000004 1 4.0500000000000007 4.2500000000000009 9.5000000000000018 3.5000000000000004 1.5000000000000002 2.5000000000000004 1.5000000000000002 4.7500000000000009 12.500000000000002 1.0000000180025095e-35 7.5000000000000009 3.9500000000000006 2 1.0000000180025095e-35 3 1.0000000180025095e-35 4 5.5000000000000009 2.5000000000000004 4.8500000000000005 4.9500000000000011 7.5000000000000009 5 2.5000000000000004 7.5000000000000009 6 12.500000000000002 7 8 1.0000000180025095e-35 13.500000000000002 20.500000000000004 9 7.5000000000000009 9.5000000000000018 19.500000000000004 7.5000000000000009 10 1.5000000000000002 1.0000000180025095e-35 4.9500000000000011 1.5000000000000002
decision_type=2 10 8 2 8 10 2 10 8 8 2 10 8 2 2 10 9 2 2 1 10 10 2 2 8 8 8 10 2 2 8 10 9 2 1 2 9 2 2 8 10 8 9 2 10 9 10 9 1 8 2 2 9 8 2 2 8 9 2 2 8 10
left_child=1 -1 -2 10 34 7 -7 -6 -3 -10 12 -12 13 14 15 -4 17 -14 19 25 28 22 -22 -24 -20 -15 -23 61 -21 -30 -31 32 -16 -11 -5 36 -36 38 39 -38 43 -40 -39 58 -45 46 47 -46 49 50 54 52 55 -52 57 -51 -54 -29 -37 60 -55 -18
right_child=2 8 3 4 5 6 -8 -9 9 33 11 -13 16 18 31 -17 27 -19 24 20 21 26 23 -25 -26 -27 -28 48 29 30 -32 -33 -34 -35 35 40 37 42 41 -41 -42 -43 -44 44 45 -47 -48 -49 -50 51 53 -53 56 59 -56 -57 -58 -59 -60 -61 -62 -63
leaf_value=-0.058564763183121746 0.03143018377129158 -0.048946644502480985 0.023188254222025379 0.0026664805869604058 0.001542722238885003 0.038127641293187998 -0.0077388315210947462 -0.017679434535785219 0.0018633975619178158 -0.057489397631256295 0.0076826045275131408 0.012453424111340261 0.0034782499819799783 0.0083675261660758303 0.023449193138304604 0.051091345965149929 0.003776206367331583 0.050437270200503648 0.015382608447841653 -0.038087887613042021 0.041213978032060276 -0.0057221270835494369 0.00036816164461004762 0.031485643945657234 -0.0015167158236971401 0.042103818310638808 -0.039709766646783204 -0.02800666040130018 0.013100567410510111 0.0079187476248407922 -0.033792224984922598 0.012035792278732074 -0.02958508318388375 -0.015108045681998172 0.0024604978990578493 0.0089059719352641772 -0.0016926424688060227 -0.00020645815214296096 -0.0012460869284157854 0.014340188479762546 0.02475774490617496 0.017783711014576473 -0.028245330877707465 0.019248407040147221 0.044889670375272528 0.013609463199788448 -0.015158793176366358 -0.0042617006807139039 0.0086269063107371566 0.0012252589147989385 -0.016085344399213945 -0.015696321216654673 0.0033816088668848442 0.011728241653107804 -0.033250328008877415 0.020778958563346547 0.028053099635223271 0.012621620206568658 -0.002460134927613853 0.023614916864158082 -0.028348260761877065 0.013612816719019106
leaf_weight=73.464826002717018 10.738728478550909 856.25707855820656 51.935988411307335 463.49891802668571 46.958398327231407 9.8109495788812655 7.0951092094182959 42.564164265990257 4.4921220541000393 8.1235980689525586 1057.2227942049503 467.23099011182785 6.0696113109588623 135.56940893828869 5.887998104095459 11.643758520483969 1119.1363684535027 6.9839741140604019 129.71412843465805 8.5994419008493406 15.5227954685688 49.283999294042587 46.641378149390221 9.5869728624820691 29.684915319085121 6.2312382459640494 6.3176003992557517 4.8822211921215057 9.3343357145786303 5.8645470738410976 11.199269011616705 110.10495002567768 9.0333409160375577 4.9869173616170874 557.71699206531048 106.25234612822533 99.193164676427841 46.319551825523376 23.206586971879005 90.755438938736916 39.233511716127396 169.47537137567997 10.904198408126829 90.231307297945023 5.7073829472064972 92.31340865790844 18.753994166851044 16.086491748690609 910.05246771872044 117.04484455287457 12.708957672119139 19.690204784274101 14.651313111186026 11.639434486627581 16.28832283616066 20.176686942577362 33.896397560834885 9.3342583030462283 65.41778239607811 20.610981181263924 4.8819891661405554 55.914849802851677
leaf_count=346 39 3931 194 1839 187 35 29 179 18 38 4133 1801 24 529 22 40 4424 24 496 38 55 200 186 35 119 22 28 21 36 23 49 425 39 21 2215 414 398 185 93 348 146 644 47 341 20 355 78 65 3548 466 53 82 58 45 71 76 125 36 263 77 21 215
internal_value=-0.000164653 -0.0493467 0.00692385 0.00688375 0.00536004 -0.00339106 0.0188785 -0.00759659 -0.0485718 -0.0303359 0.00755246 0.00914482 0.00675292 0.00955433 0.0158808 0.0282983 0.00598657 0.0286024 0.00698026 0.00422613 -0.000646113 0.00334425 0.0133626 0.00567371 0.0122354 0.00920114 -0.00958389 0.00586205 -0.0153513 -0.00794462 -0.0194569 0.00956612 -0.00865762 -0.0413686 0.00585151 0.00681648 0.00518584 0.00864145 0.0107637 0.00596768 0.0107217 0.0154918 -0.00554937 0.00932674 0.0129834 0.00872861 -0.00238339 0.00861007 0.00745168 0.0032925 -0.00348617 0.00610359 0.00841423 0.00562611 -0.0183746 0.00410038 0.0206074 -0.00133094 0.00457473 0.0130571 -0.000114143 0.00424428
internal_weight=7520.13 947.325 6572.81 6562.07 2001.5 106.429 16.9061 89.5226 873.86 17.6026 4560.57 1524.45 3036.12 652.156 188.606 63.5797 2383.96 13.0536 463.55 304.151 162.35 127.353 71.7511 56.2284 159.399 141.801 55.6016 2370.91 34.9976 26.3982 17.0638 125.026 14.9213 13.1105 1895.07 1431.57 997.571 439.854 382.631 189.949 433.996 192.682 57.2238 394.763 223.093 132.861 40.5479 21.7939 1195.86 285.806 80.3462 205.459 185.769 49.8414 30.5048 137.222 48.5477 14.2165 171.67 37.1324 16.5214 1175.05
internal_count=30110 4354 25756 25717 7881 430 64 366 4008 77 17836 5934 11902 2536 720 234 9366 48 1816 1201 650 504 276 221 615 551 228 9318 146 108 72 486 61 59 7451 5612 3930 1715 1483 746 1682 737 232 1536 859 518 163 85 4679 1131 324 807 725 196 128 542 183 57 677 143 66 4639
cat_boundaries=0 1 2 3 4 5 6 7 8 9 10 11
cat_threshold=2 9 8 4 4 8 8 4 1 4 8
is_linear=0
shrinkage=0.04


Tree=4
num_leaves=63
num_cat=15
split_feature=7 8 9 1 11 9 12 11 8 8 8 9 0 17 15 14 1 12 5 0 9 9 12 8 14 1 9 10 9 12 9 9 8 8 5 1 14 17 15 1 11 9 9 8 11 9 7 11 0 14 14 5 1 0 9 10 0 9 14 9 12 0
split_gain=1514.66 5.67559 3.97086 3.92427 9.12049 6.55697 4.62074 13.2243 4.66078 7.48104 4.66636 5.55965 5.21629 8.05888 7.10956 4.56517 5.52415 4.45501 4.26589 6.82809 8.08245 4.79433 4.21689 5.66121 4.06742 4.79568 4.02609 3.97434 5.07011 3.92152 4.31783 5.38246 4.59087 4.10737 3.83389 4.63864 4.24321 3.82104 3.76694 5.7283 6.89168 5.33479 7.53011 4.11918 3.92672 3.47519 3.6581 3.47198 3.61718 3.39824 3.36232 3.31369 5.40874 4.23048 3.48478 4.93103 4.51099 3.31171 8.74294 3.36321 4.15449 3.84679
threshold=2.5000000000000004 44.500000000000007 3.9500000000000006 1.0000000180025095e-35 1.5000000000000002 2.7500000000000004 0 2.5000000000000004 29.500000000000004 22.500000000000004 30.500000000000004 4.8500000000000005 7.5000000000000009 1 2 3 22.500000000000004 4 1.0000000180025095e-35 12.500000000000002 4.5500000000000007 3.1500000000000008 5 33.500000000000007 6 15.500000000000002 4.5500000000000007 1.5000000000000002 4.0500000000000007 7 4.3500000000000005 4.1500000000000012 27.500000000000004 34.500000000000007 1.0000000180025095e-35 21.500000000000004 8 9 10 21.500000000000004 1.0000000180025095e-35 4.9500000000000011 4.6500000000000012 27.500000000000004 2.5000000000000004 4.8500000000000005 3.5000000000000004 inf 7.5000000000000009 11 12 1.0000000180025095e-35 22.500000000000004 12.500000000000002 4.5500000000000007 1.5000000000000002 7.5000000000000009 4.4500000000000011 13 4.9500000000000011 14 7.5000000000000009
decision_type=2 10 10 2 8 8 1 10 10 8 10 10 8 9 1 9 2 1 2 10 10 10 1 10 9 2 10 2 8 1 8 10 10 8 2 2 9 9 1 2 8 10 8 8 8 8 2 8 8 9 9 2 2 10 10 2 8 10 9 10 1 10
left_child=2 3 -1 4 5 -2 7 15 9 18 51 12 13 -12 17 16 -5 -15 21 24 -21 -8 50 -24 25 -20 49 28 -11 30 31 32 -7 -33 35 -25 -36 -13 45 44 41 42 -41 -44 -40 -29 -47 -4 -49 -6 -16 52 53 -10 -53 -56 -57 58 -23 60 -59 -61
right_child=1 -3 47 6 26 29 8 -9 10 27 11 37 -14 14 22 -17 -18 -19 19 20 -22 57 23 34 -26 -27 -28 38 -30 -31 -32 33 -34 -35 36 -37 -38 -39 39 40 -42 -43 43 -45 -46 46 -48 48 -50 -51 -52 54 -54 -55 55 56 -58 59 -60 61 -62 -63
leaf_value=-0.056482335048901544 0.041927495187199237 0.038848263518692187 -0.047140647787895479 0.01652613853723409 0.017168419553244066 -0.023501069715608818 -0.03089832899368539 0.046903125918612981 0.0098965565055086323 -0.010886394198631591 0.033825471922325261 0.0038145690040311017 0.01076345111223498 0.014058479109802402 0.025539317907931115 0.0029510521981051092 -0.019370409662436056 0.0022364430558095573 0.02160981866377281 -0.0044328841634768794 0.03299577117349993 -0.028542358703091502 0.0060722635019987495 -0.027108667644539647 0.014306108695423985 -0.0086645814992332097 -0.023960209429612613 0.0053680026977252918 0.003913143411127847 0.0014683054792344855 0.0088316870195540593 -0.0088930556465362746 0.019180340922296191 -0.051150404884093635 -0.026049560868595653 0.010531628780924238 0.013433643016047088 0.02542124723251726 0.011182945155008039 0.034262926620249268 -0.010078555892795906 0.048917037140932818 0.0047556782553510616 -0.030963793089294134 0.040256283749581782 -0.015042304515934184 0.014434087978032001 0.0017887684524958496 -0.039814483687574315 -0.010443931985299018 0.0026391959976348411 0.018527195581742553 0.036184448481731461 0.024079039507581473 0.0097219018495242181 0.012848766759985484 -0.031437627526483346 0.010491477545338933 0.023484876163256327 0.0018177671750882118 0.0019971670677858752 0.024013705847679617
leaf_weight=73.132897838950157 7.6955237239599219 8.7466359883546811 853.55123592913151 70.648270234465599 9.9728967547416687 5.4067566692829159 5.0829443335533133 11.522089943289755 106.90479393303394 38.370468363165855 16.020652294158936 476.61292734742165 1141.5650974065065 148.47880111634731 11.046194732189178 863.98231698572636 7.5968989729881278 98.137032404541969 11.456029862165449 11.385006770491598 48.794034242630005 5.816193625330925 34.137045696377754 34.284020468592644 97.57183450460434 31.096266761422157 23.576374396681786 98.939910441637039 1066.080366358161 343.81004463136196 380.03686363995075 12.206891864538195 15.859874948859213 5.2687445580959311 6.5472516268491745 6.183247134089469 13.006506294012071 13.465605109930037 335.70935685932636 11.067795470356939 47.038114875555038 5.5006868839263907 18.527861863374714 7.1625157296657553 7.6012206673622122 31.049378797411919 8.6028316318988782 4.4923488199710873 13.078165441751478 25.027714341878891 143.85840871930122 26.67338602244854 20.565683797001839 49.110607370734215 32.174194142222404 5.4542364776134518 11.313058719038962 161.03570023179054 46.366022199392319 19.143091171979904 235.90709711611271 35.963744476437569
leaf_count=346 27 31 3931 269 38 23 22 40 415 158 58 1882 4421 568 41 3422 32 389 43 46 177 25 134 147 374 127 101 389 4211 1368 1481 50 60 24 28 24 50 50 1298 40 193 19 73 31 27 129 33 18 59 103 570 101 74 183 125 21 49 623 173 76 936 134
internal_value=-0.000157905 0.00664826 -0.0475299 0.00660535 0.00403268 0.00518977 0.0069772 0.00426508 0.00749366 0.00625771 0.00875558 0.00815 0.00925918 0.00590325 0.00500079 0.00378894 0.0130409 0.00962456 0.00970004 0.0146454 0.0259148 0.00775511 3.46219e-05 -0.00626753 0.00980559 -0.000514036 -0.011183 0.00479993 0.00339898 0.00481904 0.00735914 -0.00518611 0.00832916 -0.0216333 -0.01433 -0.0213574 0.000213347 0.00440824 0.00750875 0.00926502 0.000454103 0.0121779 0.00668012 -0.00520296 0.0118267 0.00126675 -0.00864719 -0.0467783 -0.0291776 -0.00257621 0.00401313 0.0139022 0.0169026 0.0143609 0.00689549 0.000556151 -0.0170317 0.00814476 0.017686 0.00704338 0.00575784 0.0163032
internal_weight=7516.42 6572.17 944.255 6563.42 828.862 770.285 5734.56 953.75 4780.81 2385.27 2395.54 2143.34 1653.26 511.699 495.679 942.227 78.2452 246.616 709.618 200.303 60.179 509.315 249.063 94.1581 140.124 42.5523 58.577 1675.65 1104.45 762.589 418.779 38.7423 21.2666 17.4756 60.021 40.4673 19.5538 490.079 571.2 432.608 89.297 42.2589 36.7582 25.6904 343.311 138.592 39.6522 871.122 17.5705 35.0006 154.905 252.196 176.581 156.015 75.6149 48.9415 16.7673 504.232 52.1822 452.05 396.943 55.1068
internal_count=30110 25756 4354 25725 3275 3033 22450 3763 18687 9357 9330 8362 6430 2009 1951 3723 301 957 2756 767 223 1989 994 383 544 170 242 6601 4369 3006 1638 157 83 74 249 171 78 1932 2232 1681 356 163 144 104 1325 551 162 4008 77 141 611 968 672 598 296 195 70 1967 198 1769 1559 210
cat_boundaries=0 1 2 3 4 5 6 7 8 9 10 11 12 13 14 15
cat_threshold=1 2 12 2 44 42 8 99 8 1 4 8 2 8 24
is_linear=0
shrinkage=0.04


Tree=5
num_leaves=63
num_cat=9
split_feature=7 8 8 9 3 0 12 0 8 8 9 9 9 0 1 5 1 0 16 12 9 0 15 9 8 1 1 8 12 11 0 12 8 3 1 9 12 11 9 11 10 1 10 0 4 9 17 8 1 0 8 1 9 12 1 0 9 1 8 1 1 1
split_gain=1358.35 4.97094 7.08429 6.11035 5.99948 6.72906 5.69479 6.37781 6.51245 5.83778 4.56091 4.53235 4.88407 5.06962 6.15181 4.40748 5.4982 4.37471 5.53609 5.82172 6.91498 5.50778 4.17387 6.85867 5.88688 9.21195 9.18242 7.90445 5.22266 8.4578 4.74363 4.23509 5.49727 4.79752 4.14574 4.07013 5.48752 5.70878 5.03589 4.93073 4.96277 4.70332 3.74471 3.73555 3.72388 3.71651 3.62409 7.34131 3.60305 4.62236 4.14027 3.5627 3.5362 4.03702 7.03733 4.88369 4.47443 3.5667 7.18563 3.44818 3.40603 5.06008
threshold=2.5000000000000004 29.500000000000004 21.500000000000004 4.8500000000000005 1.0000000180025095e-35 7.5000000000000009 0 12.500000000000002 35.500000000000007 38.500000000000007 3.0500000000000003 2.7500000000000004 4.1500000000000012 inf 19.500000000000004 1.0000000180025095e-35 8.5000000000000018 12.500000000000002 1 2 4.1500000000000012 1.0000000180025095e-35 3 4.6500000000000012 35.500000000000007 1.0000000180025095e-35 15.500000000000002 36.500000000000007 4 1.0000000180025095e-35 7.5000000000000009 5 37.500000000000007 1.0000000180025095e-35 12.500000000000002 4.1500000000000012 6 1.0000000180025095e-35 4.5500000000000007 1.5000000000000002 1.0000000180025095e-35 14.500000000000002 1.5000000000000002 1.0000000180025095e-35 1.0000000180025095e-35 4.2500000000000009 7 32.500000000000007 19.500000000000004 12.500000000000002 33.500000000000007 12.500000000000002 3.6500000000000008 8 8.5000000000000018 7.5000000000000009 4.6500000000000012 18.500000000000004 30.500000000000004 16.500000000000004 22.500000000000004 17.500000000000004
decision_type=2 10 8 10 2 8 1 8 10 8 10 10 10 8 2 2 2 10 9 1 10 10 1 10 10 2 2 10 1 8 10 1 10 2 2 10 1 10 8 10 2 2 2 10 2 10 9 10 2 10 8 2 10 1 2 8 8 2 10 2 2 2
left_child=45 2 11 10 60 -6 9 8 -8 48 -3 -2 13 14 -13 -14 42 18 19 20 -12 -22 23 30 26 27 34 -26 -25 -30 35 32 -27 -34 -24 -20 37 -37 41 40 59 -39 -17 -31 -42 -1 47 -19 49 50 -7 -32 -21 54 -54 -56 -57 58 -55 -38 61 -5
right_child=1 3 -4 4 5 6 7 -9 -10 -11 17 12 15 -15 -16 16 -18 46 22 52 21 -23 24 28 25 31 -28 -29 29 43 51 -33 33 -35 -36 36 39 38 -40 -41 44 -43 -44 -45 -46 -47 -48 -49 -50 -51 -52 -53 53 57 55 56 -58 -59 -60 -61 -62 -63
leaf_value=-0.050602643022460078 0.035527043550549149 0.037813206870973358 0.0049192596289669389 0.0016739688823826132 0.019068682140807137 0.033447638643045105 0.023337710308207759 -0.012166419393899704 -0.010966500969447131 0.042019667827478832 -0.021237235663098732 0.018864243712477625 0.007761589891333116 -0.042004699027534009 -0.023112201183510091 0.0090302987005853683 0.018333158960192403 0.025228697212340771 0.015924292366906349 0.032136447544428959 -0.0016454075455390467 0.01840907767895 0.017031155505028202 -0.0092814471486620739 -0.042437169142596418 0.020020636422358074 0.0092324781263775722 -0.0018756863039743007 0.030183965063375888 0.0187810777700772 0.034619309789007076 0.0036940736905974325 0.014159227337978249 -0.004068386177459896 0.032732412542350944 0.014198909822592573 -0.00065007585827978216 0.0095699355797524196 -0.052570937990389331 0.04004950260057704 -0.016648937242628625 -0.033205571909547052 -0.02422614843693166 -0.0085468278150522287 0.0091012866716964329 -0.043761737894411616 0.012079356489242399 -0.029070419458160912 0.00429493766167772 0.050326665523937927 -0.013867456535490904 0.012871670414568874 -0.045809742471345123 0.037745706783614288 -0.025619215332258714 0.017170272264336806 -0.021605019079226993 -0.0060456204764578201 0.0023520534939197538 0.029147974491582365 -0.0056108355678008105 0.013797551575008853
leaf_weight=152.00980269908905 10.618348374962805 8.7311618179082853 2775.4963819682598 341.62512856721878 83.606379151344299 5.7970211654901513 22.500417292118073 48.791993722319603 14.600268438458441 9.9267591089010221 10.192375063896177 13.230673223733907 422.66794636845589 5.3812188804149619 9.6681182980537397 15.924601301550865 145.32564909756184 6.7313571423292187 37.777069687843323 4.9503699392080298 29.682177856564522 83.69795723259449 187.90679147839546 69.146807208657265 9.4195012897253019 98.744889423251152 432.75859685242176 41.797523245215416 17.48227459192276 10.290835171937941 14.967985793948172 187.22760406136513 55.282045587897301 39.691249310970306 31.402773186564445 8.0773977190256137 10.24372971057892 7.9628265649080339 7.2292734533548346 6.7555124759674063 20.621431276202202 8.5061573386192304 8.2104129940271378 36.001188844442368 15.925058096647261 774.34316647052765 650.49689935147762 9.7606543600559217 56.100493863224983 6.9842138886451712 6.0442607104778299 61.875737622380257 8.8949507325887662 10.339061573147772 12.885669201612471 15.537019133567812 6.8655937761068335 62.64256463944912 81.705221191048622 15.792761772871016 75.700406655669212 65.671448066830635
leaf_count=714 38 31 10926 1357 316 21 84 201 60 35 43 50 1650 24 41 62 550 25 144 18 119 317 715 284 42 372 1682 168 64 39 54 739 212 160 114 31 41 31 33 24 86 37 35 147 62 3566 2507 42 221 24 25 238 40 37 55 59 29 254 324 58 307 252
internal_value=0.000465557 0.00685018 0.00578903 0.00798929 0.00479896 0.009771 0.00521834 -0.00238422 0.00983794 0.011804 0.00895497 0.00961463 0.00917113 -0.00706864 0.00114133 0.00994674 0.0153969 0.00885116 0.00780585 0.00311295 0.00954916 0.0131589 0.00887811 0.00459798 0.0101187 0.0065916 0.0126116 -0.00933549 -0.00241749 0.0056017 0.00913356 0.00873295 0.0127539 0.00654154 0.0192794 0.00472169 0.000536313 -0.0112891 -0.0247401 0.00662776 0.00407909 -0.0125234 -0.00228311 -0.00247176 -0.00542833 -0.0448843 0.0116099 -0.00690777 0.00937617 0.0245184 0.00929613 0.0171078 -0.00119889 -0.00208898 -0.011427 -0.00599851 0.00528704 0.001237 0.00632772 0.0174243 0.00218062 0.00362874
internal_weight=7506.23 6579.87 3406.52 3173.35 737.349 254.352 170.745 85.8927 37.1007 84.8527 2436 631.027 620.409 28.28 22.8988 592.129 169.461 2427.27 1760.28 327.393 123.573 113.38 1432.89 348.656 1084.23 432.163 652.068 51.217 132.921 63.7743 215.735 380.946 193.718 94.9733 219.31 138.891 101.114 31.7757 23.6983 69.3385 62.583 16.469 24.135 46.292 36.5465 926.353 666.989 16.492 74.926 18.8255 11.8413 76.8437 203.82 198.87 44.1832 35.2883 22.4026 154.687 92.0443 26.0365 482.997 407.297
internal_count=30036 25756 13376 12380 2903 987 671 345 144 326 9477 2450 2412 115 91 2297 647 9446 6872 1295 479 436 5577 1373 4204 1693 2511 210 534 250 839 1483 744 372 829 547 403 132 101 271 247 68 97 186 148 4280 2574 67 291 70 46 292 816 798 183 143 88 615 361 99 1916 1609
cat_boundaries=0 1 2 3 4 5 6 7 8 9
cat_threshold=42 4 48 1 22 44 12 2 4
is_linear=0
shrinkage=0.04


Tree=6
num_leaves=63
num_cat=14
split_feature=7 8 8 9 3 0 12 0 8 8 6 11 6 8 9 4 8 12 11 10 15 6 9 6 12 10 9 0 16 12 9 0 14 6 6 9 12 0 0 16 9 9 6 14 17 6 8 6 8 8 10 0 4 14 9 0 8 16 6 11 6 14
split_gain=1257.52 4.58166 6.53332 5.63158 5.53187 6.20522 5.25046 5.87768 6.00479 5.39125 5.14389 4.669 4.57483 8.56095 4.92965 5.45905 8.11198 6.16609 5.21294 4.66649 5.05927 6.70464 5.53223 4.72055 4.33986 4.30466 4.22176 4.03675 5.10085 5.36652 6.37344 5.07897 4.7053 4.36957 6.33947 5.16921 4.62152 7.70423 4.01005 4.47778 4.85556 5.00532 4.32671 4.19708 3.90022 3.84839 17.5584 3.8126 7.70984 3.9647 3.85373 6.73684 3.82733 3.55601 3.50763 3.50435 3.47224 4.08203 4.50783 3.43399 5.4754 8.93917
threshold=2.5000000000000004 29.500000000000004 21.500000000000004 4.8500000000000005 1.0000000180025095e-35 7.5000000000000009 0 12.500000000000002 35.500000000000007 38.500000000000007 2.5000000000000004 1.5000000000000002 1.0000000180025095e-35 22.500000000000004 4.5500000000000007 1.0000000180025095e-35 23.500000000000004 1 2.5000000000000004 1.5000000000000002 2 1.5000000000000002 4.6500000000000012 1.5000000000000002 3 1.0000000180025095e-35 3.0500000000000003 12.500000000000002 4 5 4.1500000000000012 1.0000000180025095e-35 6 1.5000000000000002 1.0000000180025095e-35 4.0500000000000007 7 1.0000000180025095e-35 7.5000000000000009 8 4.7500000000000009 4.6500000000000012 3.5000000000000004 9 10 2.5000000000000004 26.500000000000004 2.5000000000000004 37.500000000000007 30.500000000000004 1.5000000000000002 1.0000000180025095e-35 1.0000000180025095e-35 11 4.2500000000000009 12.500000000000002 28.500000000000004 12 3.5000000000000004 inf 2.5000000000000004 13
decision_type=2 10 8 10 2 8 1 8 10 8 2 8 2 10 10 2 10 1 8 2 1 2 10 2 1 2 10 10 9 1 10 10 9 2 2 10 1 10 8 9 10 10 2 9 9 2 10 2 10 10 2 10 2 9 10 8 10 9 2 8 2 9
left_child=54 2 10 26 -5 -6 9 8 -8 -7 11 -2 13 25 59 18 17 55 19 -16 23 22 -22 53 38 -4 -3 28 29 30 -28 -32 -31 34 35 -30 37 -36 -18 40 41 -40 -41 -44 -12 46 -26 48 50 -49 51 -34 -50 -21 -1 -17 57 58 -25 -14 -61 -62
right_child=1 3 12 4 5 6 7 -9 -10 -11 44 -13 14 -15 15 16 24 -19 -20 20 21 -23 -24 56 45 -27 27 -29 33 32 31 -33 47 -35 36 -37 -38 -39 39 42 -42 -43 43 -45 -46 -47 -48 49 52 -51 -52 -53 -54 -55 -56 -57 -58 -59 -60 60 61 -63
leaf_value=-0.048884226075389989 0.0038243316612397342 0.036399450958004606 0.03266814656566204 0.0020934979301034636 0.018313228297571905 0.0090035499316474012 0.02241549879242374 -0.011677771214244721 -0.010526651620719592 0.040392230142501387 0.013008318453417591 0.025316645909661956 0.0016142186815758298 0.0055381545419465709 0.0042922982124137992 -0.0081916515113307602 -0.018004765999039031 -0.013276385844525505 0.022087761393697388 0.0017428028846429406 0.013341513159547354 0.0072269272531957562 -0.02633909958276464 0.0056450574099116005 0.016998664469580958 0.013693631907256382 -0.020382250735742222 0.011148371417533021 0.024479902873938923 0.018346851702959008 -0.0015795621949365216 0.01767920660957634 0.0045787611417956852 0.0071601039897803143 -0.032482570384507171 0.0044292651230982373 0.019275180501336513 0.011287177354789459 -0.006572035566710259 -0.0033596777626652232 0.0041989300337452523 -0.055916350521081654 -0.00060655801166748901 0.025370883197505911 -0.018383643060609592 0.011339977385620892 -0.019586045311991623 0.025729830599728557 0.026224877076999321 -0.00070866541257727891 -0.0014652726867138478 -0.032991902621484361 -0.01286945644094487 0.032671066132427443 -0.042218606120329377 0.015180288163631187 0.026175826082344984 0.0055038710199469881 0.031291308050956167 -0.043978293489961143 -0.030917810213113361 0.040635980296847014
leaf_weight=151.07788990437984 260.44167314469814 8.707930773496626 27.817251652479172 482.9754860252142 83.573709979653358 74.907208010554314 22.489287883043289 48.800133243203163 14.601882040500639 9.9138856232166273 346.73788103461266 17.243260592222214 644.79622727632523 307.80555374920368 754.46876932680607 16.905208170413971 20.30144490301609 76.263970151543617 33.940771073102951 7.3210258483886719 8.0764552205801028 182.55333925783634 18.495513036847115 19.891773954033852 47.556962981820107 61.256655514240265 10.195058986544607 666.81999452412128 23.440125808119774 17.954440101981163 29.682712614536285 83.667801827192307 10.152309373021124 1037.5745080560446 8.5064531117677671 168.16362975537777 168.5055949985981 26.413528144359589 6.8893488943576831 40.223923474550247 13.186080172657965 6.2939647734165192 16.516806229948997 25.033661454916 6.4502602219581595 163.44009374082088 37.572652831673622 9.9912231266498548 11.888001546263697 98.98693485558033 17.976541921496391 30.811832949519157 6.0436625331640235 31.715346097946167 770.6151424497366 26.130358576774597 22.723461329936981 115.47144211828709 24.43745531141758 6.9314404726028469 6.2266439348459244 5.0666005015373212
leaf_count=714 1027 31 101 1916 316 291 84 201 60 35 1332 64 2561 1209 2974 69 85 317 127 29 31 713 79 78 181 235 43 2574 87 68 119 317 40 4055 37 662 634 102 28 162 52 29 66 93 27 632 158 37 44 396 72 134 25 115 3566 100 84 453 89 31 27 18
internal_value=0.000446469 0.00657682 0.00555805 0.00767055 0.00460761 0.00938275 0.00501075 -0.00228881 0.00944698 0.0113358 0.00923237 0.00515893 0.00472281 0.00869846 0.00405941 0.00519156 0.00165505 -0.00743581 0.00663133 0.00618869 0.00951075 0.00428931 -0.0142783 0.0136303 0.00453168 0.0196193 0.00859775 0.00849799 0.00749381 0.00298889 0.00916913 0.012636 -0.00115097 0.00852318 0.0121034 0.00688219 0.0170212 0.000485813 -0.00157029 0.00136969 -0.0129637 -0.03013 0.00599171 0.0150445 0.012435 0.00744833 0.000851703 -0.00309652 -0.00991792 0.00171524 -0.0169051 -0.0236806 0.0130486 0.0268707 -0.0433112 0.00486814 0.0115454 0.00946498 0.0197831 0.00113025 -0.0159926 0.00118408
internal_weight=7500.62 6578.93 3406.18 3172.74 737.262 254.286 170.712 85.8913 37.0912 84.8211 630.873 277.685 2775.31 396.879 2378.43 1715.41 496.314 119.3 1219.1 1185.15 430.686 209.125 26.572 221.561 377.015 89.0739 2435.48 2426.77 1759.95 327.351 123.546 113.351 203.805 1432.6 395.029 191.604 203.426 34.92 128.445 108.144 26.3694 13.1833 81.7744 41.5505 353.188 248.57 85.1296 185.851 76.8723 108.978 58.9407 40.9641 17.9317 39.0364 921.693 43.0356 182.524 159.801 44.3292 663.021 18.2247 11.2932
internal_count=30036 25756 13376 12380 2903 987 671 345 144 326 2450 1091 10926 1545 9381 6744 1972 486 4772 4645 1671 823 110 848 1486 336 9477 9446 6872 1295 479 436 816 5577 1522 749 773 139 515 430 109 57 321 159 1359 971 339 748 315 433 246 174 69 144 4280 169 704 620 167 2637 76 45
cat_boundaries=0 1 2 3 4 5 6 7 8 9 10 11 12 13 14
cat_threshold=42 10 9 10 4 48 2 4 4 8 1 2 4 4
is_linear=0
shrinkage=0.04


Tree=7
num_leaves=63
num_cat=14
split_feature=7 1 8 8 6 11 6 8 1 9 14 11 6 4 6 9 14 9 1 15 14 9 14 10 17 7 6 16 11 8 6 8 15 1 11 9 8 10 6 14 9 16 1 8 6 5 14 11 17 9 8 8 1 11 10 9 15 8 8 16 11 10
split_gain=1165.02 4.47459 4.05235 5.40169 5.49233 4.34297 4.24784 6.22603 5.74353 5.17168 4.89942 4.78169 3.9474 4.59024 4.52683 3.93481 3.96054 3.88256 3.81966 3.80318 7.17566 4.31388 3.85446 3.76762 3.76293 3.65674 4.18477 3.59857 3.54129 3.48115 3.43268 4.43254 3.4124 4.08288 7.12913 4.81775 3.83366 5.49669 4.20737 6.97951 4.16864 4.38291 8.76939 4.67338 4.17614 3.41155 9.44939 6.68074 5.9283 3.56024 3.897 3.50216 3.42501 3.48984 4.58972 3.40007 3.39061 3.81439 4.98471 4.9129 4.18672 4.60896
threshold=2.5000000000000004 22.500000000000004 29.500000000000004 21.500000000000004 2.5000000000000004 1.5000000000000002 1.0000000180025095e-35 22.500000000000004 20.500000000000004 4.5500000000000007 0 1.0000000180025095e-35 2.5000000000000004 1.0000000180025095e-35 3.5000000000000004 4.3500000000000005 1 3.3500000000000001 19.500000000000004 2 3 4.2500000000000009 4 1.0000000180025095e-35 5 3.5000000000000004 1.5000000000000002 6 1.5000000000000002 28.500000000000004 1.0000000180025095e-35 29.500000000000004 7 8.5000000000000018 1.5000000000000002 4.9500000000000011 30.500000000000004 1.0000000180025095e-35 1.5000000000000002 8 4.0500000000000007 9 1.0000000180025095e-35 37.500000000000007 3.5000000000000004 1.0000000180025095e-35 10 inf 11 4.1500000000000012 25.500000000000004 27.500000000000004 21.500000000000004 1.0000000180025095e-35 1.5000000000000002 3.9500000000000006 12 22.500000000000004 24.500000000000004 13 1.5000000000000002 1.0000000180025095e-35
decision_type=2 2 10 8 2 8 2 10 2 10 9 10 2 2 2 10 9 10 2 1 9 8 9 2 9 2 2 9 8 10 2 10 1 2 10 10 10 2 2 9 10 9 2 10 2 2 9 8 9 10 8 10 2 10 2 10 1 10 10 9 8 2
left_child=55 2 3 4 5 -2 7 23 15 45 -10 -12 13 56 -14 27 -17 -4 29 21 -21 22 -3 -5 -6 -15 -27 -9 -22 -18 -23 -32 -19 34 35 36 37 -34 -39 -40 44 -42 43 -43 -38 47 -47 48 -8 50 -48 -51 -50 -54 -55 -1 57 -11 59 -59 61 -60
right_child=1 19 17 6 24 -7 9 8 10 12 11 -13 14 25 -16 16 18 32 -20 20 28 30 -24 -25 -26 26 -28 -29 -30 -31 31 -33 33 -35 -36 -37 40 38 39 -41 41 42 -44 -45 -46 46 49 -49 52 51 -52 -53 53 54 -56 -57 -58 58 60 -61 -62 -63
leaf_value=-0.050427147623231063 0.0033502235351815703 0.028618615562755356 0.03228731892490791 0.030942859554237676 0.013214431728250998 0.025104458358117282 -0.028479670315122062 -0.0242983443032792 0.033777824490854036 0.022451740989339334 0.027671859647836614 -0.0014628293214754521 0.01136399883442474 -0.00084624386201514589 0.0052815053641765142 -0.0028331330202323065 0.0033785508669241654 0.010187543247982978 0.026153259242717143 0.012136443165566233 0.00019274027860406359 -0.023284755098982656 -0.011009936634243862 0.012709002929252112 -0.017642578570697915 -0.004042646553931945 -0.038514551295766614 0.015958121414083554 0.020081995684533758 0.023722808781032782 -0.010971225244523821 0.0049221705938565473 0.038980433586018416 0.0074559340732744325 -0.02441433233970634 -0.012281230724591084 0.038202245410712571 -0.024932239363798656 0.042521299396973092 -0.016931389779675631 0.0055339548423648322 0.012636820577845525 -0.027824065090867049 -0.022094144111048181 -0.002526879827283638 -0.010556528591336796 -0.032304376472900437 -0.025897394206752768 0.0057282712167466719 0.024583885344787657 0.0043516384460204815 -0.004839642979806472 -0.028193801401511787 0.011150218546409825 -0.031647435518725592 -0.041135724952542689 0.0007840430712085073 -0.027720827846906874 -0.0035930216430067889 0.0024493295476850966 0.039064483220641461 0.013214868018017726
leaf_weight=68.071569949388504 235.39298588037491 11.992945611476898 10.254871875047682 26.108096078038216 316.0656795501709 15.659960031509398 8.8266215920448303 14.343814894556999 19.076653629541397 27.013103827834129 14.100966691970823 24.98077566921711 265.75527121126652 95.960665091872215 743.42925941944122 72.721130713820457 99.51309522986412 717.76182016730309 17.570096150040627 145.10184200108051 273.71968218684196 15.077068254351614 5.8390408158302316 59.344238013029099 6.452304318547248 13.369611069560051 9.739068791270256 4.7226348966360101 15.114229112863539 15.561778604984282 55.685340985655785 56.62766095995903 12.659062162041666 1842.0155203491449 14.956654220819471 26.898078814148903 10.653455197811128 5.4035367220640209 7.3908266574144363 5.518313601613043 170.82593202590942 27.473682641983032 20.976881638169289 8.0051642507314664 6.4767373651266089 115.86343018710613 5.2903140634298316 12.35882283747196 372.28904131054878 25.556513339281082 37.775769978761673 8.6675460785627347 9.5532640367746371 16.56112124025822 5.2899180203676215 848.28250716626644 212.58871322870255 11.426357135176659 36.253392249345779 35.36078904569149 7.5958140641450873 93.23472435772419
leaf_count=328 929 44 37 95 1212 58 38 61 69 101 52 100 1026 384 2920 292 393 2777 65 559 1092 64 24 228 27 54 43 18 57 58 229 223 45 7185 64 111 38 23 26 23 671 106 90 34 26 476 23 53 1461 95 149 35 41 64 23 3952 845 49 146 140 27 358
internal_value=0.00042874 0.00631524 0.00663941 0.0056379 0.00914368 0.00470719 0.00484556 0.00881904 0.00595817 0.00417156 0.0171605 0.00904917 0.00540401 0.00265246 0.00688325 0.00305526 0.00466906 0.00771865 0.00878205 0.00295768 0.00476939 -0.0026049 0.0156423 0.01828 0.0125971 -0.00428616 -0.0185707 -0.0143271 0.00123351 0.00612974 -0.00536361 -0.00295785 0.00763108 0.00670306 0.00254283 0.00387665 0.00545487 0.0187128 0.00470235 0.0171069 0.00377483 0.00234068 -0.00732166 0.0048004 0.022803 0.00107719 -0.0033305 0.00308097 0.00394914 0.00750182 -0.000151251 0.0171321 0.00465818 -0.0080274 0.000789335 -0.0418259 0.00460342 0.00803546 0.00635453 -0.00491883 0.0102022 0.00850908
internal_weight=7494.16 6577.8 5998.64 3111.37 573.571 251.053 2537.8 368.043 282.591 2169.76 58.1584 39.0817 1551.73 542.542 1009.18 224.433 205.366 2887.27 132.645 579.158 433.936 145.222 17.832 85.4523 322.518 119.069 23.1087 19.0664 288.834 115.075 127.39 112.313 2877.02 2159.25 317.238 302.282 275.384 30.9717 18.3127 12.9091 244.412 227.282 56.4557 35.4788 17.1302 618.032 193.154 424.879 412.52 77.2901 43.0661 34.2241 403.693 31.4043 21.851 916.354 423.473 210.884 183.871 46.7871 137.084 129.488
internal_count=30036 25756 23464 12208 2226 987 9982 1431 1108 8551 221 152 6093 2147 3946 887 808 11256 516 2292 1708 584 68 323 1239 481 97 79 1149 451 516 452 11219 8442 1257 1193 1082 117 72 49 965 901 230 140 64 2458 778 1680 1627 302 172 130 1589 128 87 4280 1666 821 720 189 531 504
cat_boundaries=0 1 2 3 4 5 6 7 8 9 10 11 12 13 14
cat_threshold=8 8 2 8 4 1 1 8 8 1 4 2 5 4
is_linear=0
shrinkage=0.04


Tree=8
num_leaves=63
num_cat=15
split_feature=7 1 12 0 15 6 8 8 8 8 8 14 6 15 10 8 8 0 13 15 16 8 11 1 6 6 8 8 14 8 6 5 8 8 8 8 8 0 11 8 8 11 11 6 6 7 12 15 14 4 12 11 6 16 12 0 7 12 6 5 1 8
split_gain=1080.01 4.12735 6.095 6.823 8.75528 7.86391 7.40033 5.5974 5.31143 5.55523 4.91226 4.31121 7.0876 5.36572 4.29324 4.93094 6.85652 4.28203 8.65032 9.45762 6.52368 4.84154 4.60073 13.0099 5.35553 4.59297 4.55727 4.50963 4.12736 3.9686 3.94936 6.61481 3.7581 3.56953 3.52924 3.52793 4.51643 4.87655 3.48766 3.48741 4.29421 4.33591 3.97546 7.95913 4.64213 4.48247 4.16444 4.86993 4.59973 3.42232 5.94097 3.4038 6.55244 3.40116 3.3807 3.28599 3.27415 3.8468 3.22522 4.69959 3.1602 7.1781
threshold=2.5000000000000004 22.500000000000004 0 12.500000000000002 1 2.5000000000000004 29.500000000000004 27.500000000000004 26.500000000000004 28.500000000000004 38.500000000000007 2 1.0000000180025095e-35 3 1.0000000180025095e-35 28.500000000000004 24.500000000000004 1.0000000180025095e-35 4 5 6 28.500000000000004 1.5000000000000002 19.500000000000004 3.5000000000000004 3.5000000000000004 28.500000000000004 21.500000000000004 7 25.500000000000004 1.5000000000000002 1.0000000180025095e-35 22.500000000000004 26.500000000000004 25.500000000000004 33.500000000000007 31.500000000000004 inf 1.0000000180025095e-35 29.500000000000004 28.500000000000004 2.5000000000000004 1.5000000000000002 1.0000000180025095e-35 2.5000000000000004 3.5000000000000004 8 9 10 1.0000000180025095e-35 11 1.0000000180025095e-35 3.5000000000000004 12 13 7.5000000000000009 3.5000000000000004 14 5.5000000000000009 1.0000000180025095e-35 8.5000000000000018 26.500000000000004
decision_type=2 2 1 8 1 2 8 8 10 10 10 9 2 1 2 10 10 10 9 1 9 10 8 2 2 2 8 8 9 10 2 2 8 10 10 8 10 8 8 10 8 10 10 2 2 2 1 1 9 2 1 10 2 9 1 10 2 1 2 2 2 10
left_child=-1 17 11 4 28 6 29 30 32 -10 35 12 -3 -13 15 16 -15 18 22 -20 27 49 -2 24 26 -25 -24 -21 -4 55 -5 51 -7 -14 -16 36 -9 -38 -31 40 41 42 44 -44 46 -45 47 48 -19 -22 -51 -32 -53 -36 58 -6 -46 -58 59 -42 -29 -62
right_child=1 2 3 7 5 8 -8 10 9 -11 -12 13 33 14 34 -17 -18 39 19 20 21 -23 23 25 -26 -27 -28 60 -30 38 31 -33 -34 -35 53 -37 37 -39 -40 -41 54 -43 43 45 56 -47 -48 -49 -50 50 -52 52 -54 -55 -56 -57 57 -59 -60 -61 61 -63
leaf_value=-0.040419565575244669 0.002266876306974462 -0.023577889077673525 -0.023655651205070769 0.032029386427568925 0.010654087846215606 -0.01710288103961282 0.011881995985909187 -0.003640854934707042 0.016753751436261712 -0.016098959450456769 0.033314289959812643 0.012029212735378252 0.034135236914584852 0.01017853831071577 -0.037460174460323209 0.017670797291789234 -0.042556510022546387 0.036442027767271033 0.01617003341804351 0.020038749710264363 -0.0078957350946558848 0.012595566110160222 0.025265369820056317 0.0043119708711515936 -0.035178730332187345 0.050794671391155774 -0.01577828395517478 -0.010600009206578116 0.013066097374835888 -0.053550851672097652 0.012705094206380354 0.02781328782672705 -0.044578543067974208 0.01378428935493285 0.0039503214472586994 -0.010944252342291756 0.0069395189053990027 0.053666342068728667 -0.013659222680736565 0.0080359905212829732 -0.0077122054634493759 0.034752736687511089 0.030154911680312618 -0.016610691080359383 0.0092884282024998186 0.015658413164930333 0.0023559672262648888 0.0048476034882874667 0.013441752789345656 -0.0067976995132943106 0.0094709356309239118 -0.03458372516730384 0.019506872254397074 -0.031416965268177527 0.0031670561931165958 -0.018519653631684414 0.010168006420233813 -0.001681617773988872 0.013650214669721264 -0.043995315580205772 0.031123320832339631 -0.012671334232170688
leaf_weight=910.42939653992653 645.76908139884472 6.1328548043966284 5.4061897993087769 16.751724228262901 13.415385842323303 16.033410370349888 39.626384362578392 32.791283443570137 9.9721414893865568 47.283227503299713 6.6352203339338294 61.78091225028038 22.444791123270988 9.5349438190460223 8.3940068781375903 21.097156435251236 6.7285341173410407 18.976940214633942 156.23146687448025 11.436340257525442 35.890865534543991 159.62460091710091 5.360599651932719 7.6344679892063123 19.577708303928375 6.133848711848259 22.480313763022423 74.316290870308876 52.012661889195442 5.6779666990041706 12.475793644785881 18.728736817836761 15.828322321176527 35.761657267808914 14.441559538245199 41.388035014271736 10.994227364659311 5.2944599688053122 9.1697790324687958 2346.0496896356344 32.449945881962776 8.6289467066526395 9.0490439236164075 38.414610162377357 935.59040127694607 8.3922163099050504 583.66638542711735 225.86169472336769 52.122764155268669 42.148004770278931 131.37527741491795 10.058505132794378 5.5661864578723916 6.2261936366558102 210.48753920197487 11.449456259608269 63.834839314222336 106.46359573304653 8.0760830640792829 6.9319181144237509 10.424579977989199 14.070346772670744
leaf_count=4280 2558 26 23 61 52 67 153 132 38 197 24 237 81 37 37 80 30 68 593 43 146 614 20 30 86 21 94 305 200 26 48 69 71 137 57 170 43 18 38 9129 132 31 33 160 3630 32 2310 887 200 172 509 44 21 27 831 48 246 426 31 31 38 58
internal_value=0.000411961 0.00606448 0.00283968 -0.000161442 -0.00464783 -0.00897444 -0.000347657 0.00613506 -0.0176617 -0.010377 9.39948e-05 0.0084352 0.0173223 0.00463311 -0.00352629 0.00491192 -0.011639 0.00637586 0.00438561 0.00772587 0.00469913 0.00734787 0.00125584 -0.00920941 -0.0191482 0.0250202 -0.00787558 -0.00374091 0.0081834 -0.0125508 0.0153612 0.00939867 -0.0307523 0.0216317 -0.0155875 -0.00234249 0.00491118 0.0221276 -0.0289143 0.00694984 0.00584623 0.00645799 0.00633844 -0.00418598 0.00663436 -0.010825 0.0044675 0.00826014 0.0171663 0.00334784 0.00567342 -0.00287453 -0.0153143 -0.00670413 0.000982006 -0.00277948 0.00835985 0.00325843 -0.00774466 -0.0140987 -0.00649315 0.00596685
internal_weight=7487 6576.57 579.102 386.559 225.875 168.456 79.339 160.684 89.1171 57.2554 97.1032 192.543 64.3393 128.203 66.4224 37.3606 16.2635 5997.47 1342.47 635.518 479.286 369.039 706.956 61.1869 47.4186 13.7683 27.8409 110.248 57.4189 39.7126 63.5809 46.8292 31.8617 58.2064 29.0618 90.468 49.08 16.2887 14.8477 4655 2308.95 2051 2042.37 55.8559 1986.52 46.8068 880.628 296.961 71.0997 209.414 173.523 28.1005 15.6247 20.6678 257.945 24.8648 1105.89 170.298 47.4579 39.3819 98.8112 24.4949
internal_count=30036 25756 2292 1543 913 690 317 630 373 235 387 749 244 505 268 147 67 23464 5287 2478 1885 1441 2809 251 200 51 114 444 223 164 243 182 138 218 121 363 193 61 64 18177 9048 8023 7992 225 7767 192 3465 1155 268 827 681 113 65 84 1025 100 4302 672 194 163 401 96
cat_boundaries=0 1 2 3 4 5 6 7 8 9 10 11 12 13 14 15
cat_threshold=36 1 8 12 10 2 4 2 10 1 8 48 1 4 10
is_linear=0
shrinkage=0.04


Tree=9
num_leaves=63
num_cat=14
split_feature=7 1 12 0 15 6 8 11 6 6 8 0 8 8 8 8 14 6 15 10 8 8 0 13 15 16 8 11 1 6 6 8 8 14 8 14 10 8 8 8 11 8 8 11 6 12 15 8 0 6 10 2 14 2 14 8 1 1 10 16 8 6
split_gain=1001.82 3.79109 5.65168 6.28945 8.06959 7.24704 6.82091 5.26913 8.09778 5.36758 7.22773 5.15128 5.04046 4.89739 5.11937 4.22292 3.95278 6.53547 4.98873 3.95716 4.54613 6.31995 3.93525 8.00538 8.78342 6.0167 4.45964 4.24142 11.9976 4.94009 4.24848 4.20464 4.15802 3.80442 3.65804 3.57092 4.12588 3.42684 3.38997 3.25418 3.21671 3.20636 3.95619 4.00591 3.71773 4.02828 7.90032 5.51151 5.25346 5.59588 4.37366 4.35354 4.24159 3.77105 7.79607 3.69534 6.19083 4.03386 3.64746 4.07125 4.17624 3.89444
threshold=2.5000000000000004 22.500000000000004 0 12.500000000000002 1 2.5000000000000004 29.500000000000004 1.0000000180025095e-35 3.5000000000000004 1.5000000000000002 31.500000000000004 inf 29.500000000000004 26.500000000000004 28.500000000000004 33.500000000000007 2 1.0000000180025095e-35 3 1.0000000180025095e-35 28.500000000000004 24.500000000000004 1.0000000180025095e-35 4 5 6 28.500000000000004 1.5000000000000002 19.500000000000004 3.5000000000000004 3.5000000000000004 31.500000000000004 21.500000000000004 7 25.500000000000004 8 1.0000000180025095e-35 33.500000000000007 31.500000000000004 25.500000000000004 1.0000000180025095e-35 29.500000000000004 28.500000000000004 2.5000000000000004 4.5000000000000009 9 10 24.500000000000004 12.500000000000002 1.5000000000000002 1.5000000000000002 1.0000000180025095e-35 11 1.0000000180025095e-35 12 21.500000000000004 8.5000000000000018 13.500000000000002 1.0000000180025095e-35 13 26.500000000000004 1.0000000180025095e-35
decision_type=2 2 1 8 1 2 8 10 2 2 10 8 10 10 10 10 9 2 1 2 10 8 10 9 1 9 10 8 2 2 2 8 8 9 10 9 2 8 10 10 8 10 8 10 2 1 1 10 10 2 2 2 9 2 9 10 2 2 2 9 10 2
left_child=-1 22 16 4 33 6 34 37 9 11 -11 12 -9 35 -15 -10 17 -3 -18 20 21 -20 23 27 -25 32 -27 -2 29 31 -30 -29 -26 -4 -6 36 -7 -5 -19 -21 -36 42 43 44 45 46 47 -24 51 50 -50 -49 -47 -48 -55 56 -46 -58 59 60 61 -54
right_child=1 2 3 7 5 13 -8 8 15 10 -12 -13 -14 14 -16 -17 18 38 19 39 -22 -23 41 24 25 26 -28 28 30 -31 -32 -33 -34 -35 40 -37 -38 -39 -40 -41 -42 -43 -44 -45 55 52 53 48 49 -51 -52 -53 58 54 -56 -57 57 -59 -60 -61 -62 -63
leaf_value=-0.039083296767761441 0.0021762987528298984 -0.022624974678085049 -0.022709788412132229 0.021687588555823228 -0.002668262443362292 -0.037234583410435958 0.011408912457143832 0.033468534505493065 0.02071373536626608 -0.039027805675400574 -0.000696797515224669 -0.027322359902431474 -0.0056709324599941357 0.016087157781124337 -0.01545288285155756 -0.0078757799760613839 0.01161730903149532 0.028280436814311027 0.0097729079627485865 -0.035972613333322377 0.01697176477415277 -0.040860531224671204 0.0082189906469250402 0.015568916773402589 0.019252345093564497 0.0032193448365046974 0.012095849609666616 0.013442176261559254 0.0041401226115651392 -0.033789325689318334 0.048875137177557121 -0.019067883926644359 -0.0062329681190487493 0.012546750530948123 -0.051426531269465496 -0.046297528392111202 -0.00039103491856418187 3.5278092832970007e-05 0.0083467890286639188 -0.0064361429765900828 -0.013112145589092706 0.007716506062640717 0.00094769333530004998 0.03342600574206292 -0.024464170394360052 0.013213573100004183 0.0057388041436430386 0.024652967367009358 0.0096277616694706841 -0.0099976450679930186 0.052975607437074829 0.056774070738890743 0.049710996969663433 0.043820836602074628 -0.0089966617778219071 0.0070820243075277699 0.03267674676730143 0.013451054131734879 -0.00036819466886017999 0.0033274117699797767 -0.0068019062542243273 0.01639122640536423
leaf_weight=904.02509444952011 645.74072882533073 6.1354510337114325 5.4060998409986496 41.387167692184448 24.864740610122681 9.7367189675569552 39.618900656700134 10.220966130495077 32.763719469308853 16.257210880517963 15.257880285382269 6.5420522242784491 10.856344401836393 9.9699772596359235 47.289554983377457 11.055931091308592 61.767386898398399 36.28340619802475 9.5334987938404101 8.3915076702833193 21.087648019194603 6.7275001108646384 96.437444105744362 156.1605309844017 11.427519395947455 209.3958884626627 159.57147799432278 9.8521516174078005 7.6333295553922635 19.567595690488815 6.1200212091207504 17.984593376517296 98.817000344395638 51.999258548021317 5.6760231852531406 12.404319182038309 9.715732127428053 16.301602736115456 21.882958471775055 20.667106568813324 9.1702614277601242 2345.4671224355698 257.93355621397495 8.6129013597965223 6.1281535625457755 57.659612372517586 507.64731413125992 53.090530604124069 11.103138223290449 14.181695863604544 5.6037684231996527 7.7347908169031134 6.9799318313598624 4.8584372848272324 56.123362973332405 432.72712402045727 21.044417008757591 102.55454385280609 418.71719208359718 201.17286820709705 9.6037417352199537 28.650077417492867
leaf_count=4280 2558 26 23 155 100 43 153 37 123 72 61 28 44 38 197 45 237 133 37 37 80 30 375 593 43 827 614 38 30 86 21 76 401 200 26 56 39 65 85 84 38 9129 1025 31 26 221 1989 197 43 58 19 26 24 17 229 1689 76 392 1669 794 39 109
internal_value=0.000397911 0.00582613 0.00273513 -0.000154921 -0.00446235 -0.00861593 -0.000333759 0.00589135 0.000468567 -0.00918828 -0.02047 0.00368476 0.0133089 -0.0169554 -0.00996116 0.0135004 0.00812434 0.0166395 0.00448637 -0.00338588 0.00471705 -0.0111752 0.00612458 0.00421649 0.00743027 0.0045141 0.00705827 0.00120571 -0.00884516 -0.018388 0.0240465 -0.00756172 -0.00359126 0.00785769 -0.0120492 -0.0295269 -0.0188327 0.0155691 0.0207811 -0.0149656 -0.0277605 0.00667489 0.00561662 0.00620389 0.00608907 0.00503676 0.00707352 0.0141436 0.0219155 0.00848138 0.0241673 0.0287376 0.00276804 0.00453013 -0.00478868 0.00885724 0.0147788 0.0167245 0.00190413 0.00576547 0.0166085 0.0229186
internal_weight=7479.3 6575.27 578.971 386.494 225.852 168.446 79.3299 160.643 102.954 59.1345 31.5151 27.6194 21.0773 89.1163 57.2595 43.8197 192.476 64.3018 128.175 66.4073 37.3486 16.261 5996.3 1342.27 635.372 479.212 368.967 706.898 61.1577 47.4043 13.7534 27.8367 110.245 57.4054 39.711 31.8568 19.4525 57.6888 58.1664 29.0586 14.8463 4654.03 2308.56 2050.63 2042.02 1479.56 756.78 188.151 91.7139 30.8886 16.7069 60.8253 722.783 568.629 60.9818 562.454 129.727 123.599 665.124 246.407 45.2338 35.63
internal_count=30036 25756 2292 1543 913 690 317 630 410 242 133 109 81 373 235 168 749 244 505 268 147 67 23464 5287 2478 1885 1441 2809 251 200 51 114 444 223 164 138 82 220 218 121 64 18177 9048 8023 7992 5809 2953 718 343 120 62 223 2856 2235 246 2183 494 468 2635 966 172 133
cat_boundaries=0 1 2 3 4 5 6 7 8 9 10 11 12 13 14
cat_threshold=36 1 8 12 10 2 4 2 4 14 1 2 2 4
is_linear=0
shrinkage=0.04


Tree=10
num_leaves=63
num_cat=11
split_feature=7 8 8 8 15 12 8 11 1 14 6 1 6 0 15 0 11 11 7 11 2 10 6 16 14 8 0 1 11 12 3 11 8 8 8 11 8 1 0 1 10 16 6 3 10 6 6 4 7 14 0 0 8 2 7 8 1 8 14 6 8 16
split_gain=907.259 4.9675 4.9525 6.73646 5.58571 6.76283 5.96568 6.521 12.1731 5.11541 4.46745 5.5193 8.56823 4.91198 4.61384 4.40887 4.39191 4.34384 4.27043 4.15765 4.92189 3.84181 3.77734 5.46267 3.84224 9.15445 8.82053 3.72642 3.70947 3.64729 7.97895 5.33773 4.41873 4.34031 5.56334 3.9475 3.56505 3.53998 3.47687 4.52404 6.1374 4.60349 5.37612 4.32682 6.8871 3.47255 4.5127 5.82665 4.43647 5.27532 4.16877 3.95909 3.45335 6.08586 3.45148 3.60276 8.26789 3.44827 9.3823 3.40333 3.38508 3.94899
threshold=2.5000000000000004 22.500000000000004 29.500000000000004 30.500000000000004 0 1 36.500000000000007 1.5000000000000002 19.500000000000004 2 2.5000000000000004 20.500000000000004 1.5000000000000002 12.500000000000002 3 1.0000000180025095e-35 1.5000000000000002 1.0000000180025095e-35 3.5000000000000004 1.0000000180025095e-35 1.0000000180025095e-35 1.5000000000000002 1.0000000180025095e-35 4 5 38.500000000000007 12.500000000000002 11.500000000000002 1.0000000180025095e-35 6 1.0000000180025095e-35 1.5000000000000002 37.500000000000007 38.500000000000007 34.500000000000007 1.0000000180025095e-35 30.500000000000004 19.500000000000004 7.5000000000000009 15.500000000000002 1.5000000000000002 7 1.5000000000000002 1.0000000180025095e-35 1.0000000180025095e-35 1.0000000180025095e-35 2.5000000000000004 1.0000000180025095e-35 3.5000000000000004 8 12.500000000000002 12.500000000000002 33.500000000000007 1.0000000180025095e-35 3.5000000000000004 23.500000000000004 20.500000000000004 31.500000000000004 9 1.5000000000000002 22.500000000000004 10
decision_type=2 8 10 10 1 1 10 10 2 9 2 2 2 8 1 10 10 8 2 10 2 2 2 9 9 10 8 2 8 1 2 8 10 10 10 10 8 2 8 2 2 9 2 2 2 2 2 2 2 9 8 8 10 2 2 8 2 10 9 2 10 9
left_child=28 -2 9 -4 16 6 7 -6 -9 38 11 14 13 17 60 -14 18 -13 -5 54 -21 -7 23 -8 25 -24 -27 -22 -1 30 31 32 45 34 35 -31 -30 -37 39 40 41 -3 -43 44 -41 51 -47 48 49 -48 -51 -23 57 -54 55 56 -12 58 -20 -36 -11 -62
right_child=1 2 3 4 5 21 22 8 -10 10 19 12 15 -15 -16 -17 -18 -19 52 20 27 29 24 -25 -26 26 -28 -29 36 33 -32 -33 -34 -35 59 37 -38 -39 -40 43 -42 42 -44 -45 -46 46 47 -49 -50 50 -52 -53 53 -55 -56 -57 -58 -59 -60 -61 61 -63
leaf_value=-0.04117557906264506 0.0079579811699092527 0.014211164246734978 0.011314669129010191 0.0054424068528899786 0.0049064806450215713 0.0026401618990048539 -0.030587881873521062 -0.033739341281567581 0.010889519810552577 0.016171485853548093 0.043852293108918694 0.041508529825064006 0.03012847813465459 0.0058592531427787732 -0.0044704930744047947 -0.0082860478764250154 0.015013499504221805 0.015399732128917676 0.035832978481065078 0.0035776757448035901 0.0055935927782463837 -0.048851967505372691 0.015847843048826294 0.0075269453986896587 0.018956092195609113 -0.023866759171035663 0.01333686164934466 0.033433797127166882 -0.032517960349931554 -0.019356156100152361 0.011617591032307851 -0.041977709622438061 -0.022582408319437992 0.012902439890675708 -0.0076947510082492091 0.021103373833216629 -0.038494840614474161 -0.014925029700760536 0.00077471727684411975 0.0050049653311547062 0.036123487932777011 -0.0325593272936451 0.0076278167074611816 0.0069787007124272812 -0.015500218283338205 0.016434032010428829 0.027594412887166752 -0.028902008982287876 0.0388733248179133 -0.038471792336341376 0.0076461533731135211 0.0029093984174389234 0.0050938714097866046 0.032756974156254198 0.0014038970673182099 0.012147868982602098 -0.0098019353995154566 0.02355227313455352 -0.015892385138465037 -0.035353270288343022 -0.0021890341960305575 0.012015411067831319
leaf_weight=272.92187558114529 949.07958181202412 60.314608097076416 326.45423254370689 1117.8718282729387 432.64049217104912 467.70892545580864 7.8809498250484467 20.205207839608192 18.950557962059975 33.673475503921509 16.579218879342083 19.838846832513809 5.4733427762985221 26.052281513810158 167.57325631380081 37.753645986318588 103.22965909540653 20.975890517234802 9.4832186549901962 313.5832526832819 14.545891493558885 4.6489844918251011 85.1537776440382 25.429872423410416 96.596552446484566 22.652711674571037 18.542682141065598 16.326767399907112 309.12971065938473 14.561366140842436 60.028773829340935 6.5163659602403632 17.255999624729156 10.166756257414816 10.328374996781347 12.285504400730135 330.26897771656513 6.7668353617191306 1063.6502835303545 62.789395391941071 15.071553885936735 8.2982633113861102 14.870990291237829 148.25681018829346 44.983370006084442 25.281562596559525 5.993072122335434 11.622921422123907 5.0632867217063895 7.0433802604675337 5.6531868129968652 4.8110259175300607 129.80767481029034 14.107359349727629 41.606464922428131 179.93569049239159 6.3572462499141684 56.212020248174667 13.740172445774078 22.901315987110138 103.19223783910275 44.958934739232063
leaf_count=1312 3692 231 1257 4378 1697 1848 34 88 73 128 58 70 20 102 676 154 394 80 34 1236 57 21 324 99 364 96 71 59 1455 61 231 29 73 39 42 46 1580 28 4230 247 54 36 58 579 187 96 22 50 18 31 22 19 509 51 165 692 26 209 57 100 413 173
internal_value=0.000121386 0.00527981 0.00483106 0.00586989 0.00525081 0.00339208 0.00607679 0.00349175 -0.0121399 0.0034844 0.00560301 0.00264693 0.0104568 0.0194289 0.000186088 -0.00342205 0.00701464 0.0280905 0.00645129 0.00790937 0.00507795 0.000548051 0.0110733 -0.00149058 0.0129505 0.00835904 -0.00712084 0.0203167 -0.0372716 -0.00366545 0.000213879 -0.00705435 -0.00444974 -0.0101312 -0.0151502 -0.00367653 -0.0356052 0.00830714 0.00191823 0.00534843 0.0126307 0.0083895 -0.00676555 0.0025452 -0.00355371 1.27379e-05 0.00352814 -0.00569513 0.0056606 -0.0033372 -0.0179376 -0.022528 0.0115008 0.00780556 0.0118987 0.014051 0.0289811 0.0181955 0.00522955 -0.0267565 0.00447731 0.00212154
internal_weight=7525.66 6613.34 5664.26 3197.6 2871.14 1426.69 728.053 471.796 39.1558 2466.66 1048.43 459.492 110.094 66.867 349.398 43.227 1444.45 40.8147 1341.22 588.935 344.456 698.638 256.257 33.3108 222.946 126.349 41.1954 30.8727 912.321 230.929 153.919 93.8898 87.3734 77.0102 66.8434 33.6137 639.399 19.0523 1418.24 354.585 98.5554 83.4839 23.1693 256.03 107.773 70.1174 60.6574 35.3758 23.7529 18.6896 12.6966 9.46001 223.35 143.915 244.479 202.872 22.9365 79.4354 23.2234 33.2297 181.825 148.151
internal_count=30281 25934 22242 12511 11254 5622 2846 1858 161 9731 4109 1816 426 252 1390 174 5632 150 5238 2293 1352 2776 988 133 855 491 167 116 4347 928 612 381 352 316 277 135 3035 74 5622 1392 379 325 94 1013 434 279 239 143 93 75 53 40 860 560 941 776 84 300 91 142 714 586
cat_boundaries=0 1 2 3 4 5 6 7 8 9 10 11
cat_threshold=12 106 4 9 4 4 5 1 2 8 1
is_linear=0
shrinkage=0.04


Tree=11
num_leaves=63
num_cat=7
split_feature=7 8 8 6 13 9 5 15 0 9 1 10 9 8 10 9 16 0 11 9 6 1 6 0 9 8 9 8 6 1 0 16 11 6 0 11 6 8 6 1 9 9 8 8 9 11 11 8 15 7 17 8 8 2 1 9 16 8 1 3 11 11
split_gain=842.188 4.58156 4.71953 6.48159 6.29033 5.44888 4.41371 3.69685 6.28356 5.04477 3.69007 5.36275 5.27788 4.48772 3.73177 4.93373 3.55258 6.84778 3.5068 3.87387 4.50042 4.89889 3.79737 4.39015 6.33587 3.56236 3.36089 6.34161 5.50819 6.26651 4.50921 3.26492 4.90919 8.6012 7.88613 4.84216 3.86404 3.20844 4.93339 3.00849 6.73521 4.24409 3.2044 2.97283 6.49635 7.07558 5.33942 4.88856 8.46452 4.92793 7.47381 5.58765 4.89318 4.78065 4.46569 6.0381 5.97964 3.66098 4.93741 3.61027 3.58926 3.46134
threshold=2.5000000000000004 22.500000000000004 24.500000000000004 5.5000000000000009 0 3.0500000000000003 1.0000000180025095e-35 1 12.500000000000002 3.7500000000000004 20.500000000000004 1.5000000000000002 4.5500000000000007 23.500000000000004 1.5000000000000002 4.8500000000000005 2 7.5000000000000009 1.0000000180025095e-35 4.2500000000000009 1.5000000000000002 20.500000000000004 1.5000000000000002 12.500000000000002 4.7500000000000009 27.500000000000004 4.9500000000000011 27.500000000000004 2.5000000000000004 21.500000000000004 12.500000000000002 3 1.0000000180025095e-35 2.5000000000000004 7.5000000000000009 1.5000000000000002 1.0000000180025095e-35 23.500000000000004 1.0000000180025095e-35 22.500000000000004 4.5500000000000007 4.8500000000000005 27.500000000000004 29.500000000000004 4.4500000000000011 1.5000000000000002 2.5000000000000004 30.500000000000004 4 3.5000000000000004 5 32.500000000000007 31.500000000000004 1.0000000180025095e-35 21.500000000000004 3.5500000000000003 6 25.500000000000004 16.500000000000004 1.0000000180025095e-35 1.0000000180025095e-35 1.0000000180025095e-35
decision_type=2 8 10 2 9 10 2 1 10 10 2 2 10 10 2 8 9 10 8 10 2 2 2 8 10 10 10 10 2 2 10 9 10 2 10 8 2 10 2 2 10 10 10 10 10 8 10 10 1 2 9 10 10 2 2 10 9 10 2 2 8 8
left_child=18 -2 3 4 10 6 -4 9 -9 -5 13 12 -12 -3 -15 -16 -11 -18 39 20 21 -20 23 -21 -25 -24 43 28 29 30 -28 32 33 34 -6 -34 -36 38 -33 -1 -41 42 -42 44 45 57 -47 -45 49 54 51 52 59 -46 -49 -56 -57 58 -7 -51 -53 -55
right_child=1 2 5 7 31 26 -8 8 -10 16 11 -13 -14 14 15 -17 17 -19 19 22 -22 -23 25 24 -26 -27 27 -29 -30 -31 -32 37 35 -35 36 -37 -38 -39 -40 40 41 -43 -44 47 53 46 -48 48 -50 50 -52 60 -54 61 55 56 -58 -59 -60 -61 -62 -63
leaf_value=-0.04132916572023735 0.007641868843017036 -0.00060627749667713357 0.012172230630626939 -0.018958536743370783 0.0090117902939393577 -0.033064828841286004 0.053421042015148398 -0.0093265883197412823 -0.044866105337768872 -0.010585096583447393 0.025925283492722245 0.024756799125093952 -0.012613541479897255 -0.0073511033183682297 -0.016501212927121062 -0.062311406122353814 -0.0085370653644891818 0.029114550855316411 -0.036629005195019999 -0.045585525318057409 -0.04533370688346932 0.0026667194433052871 -0.026157517500920227 -0.01869729629335104 -0.045559167165742175 -0.034017232501529431 0.0015393824021248754 -0.00086938791409374352 0.020728341138290182 0.033238413082635747 -0.032816524161986778 0.03348189485347388 -0.00090184581223725854 0.018879611657551237 0.00096387595942509275 0.031351540093680866 -0.031200126570235506 0.0028143422485187681 0.010527761658303299 -0.065101954564937004 0.018850543259774605 -0.043393458594018303 -0.019268920579990346 0.010978152215943641 0.004125773666529991 -0.036183652187864838 0.0096464994437236891 0.0079434268305794628 0.0031822295291880631 -0.00067033948115618406 -0.026553864387359176 0.0012122119855989934 0.035952555581762538 0.0037433183274116801 0.041769814092036416 -0.0041763987788901854 0.012566246940441372 0.0027088605223335709 -0.00038920883207241882 0.031847363948525075 0.014643554753327289 0.018036068068713929
leaf_weight=242.12711901962757 948.81099225580692 108.47258023917675 11.445500984787943 14.985113754868506 48.688249453902245 11.721371412277223 6.5119387209415427 46.198275566101074 9.6167403459548932 12.193023130297661 7.5718225985765484 17.550009533762932 22.824963003396988 39.86493094265461 13.949528872966768 5.1504442393779746 12.516904979944227 20.203210592269897 19.99327710270882 70.937966778874397 89.693562299013138 6.8033582568168631 149.63718748092651 31.526299893856049 25.343070030212402 240.6548707485199 23.210093304514885 332.18948362767696 46.102427080273628 7.4707807302474967 8.2977292835712451 18.006759017705917 238.45479683578014 74.72516930103302 9.8262231945991534 7.6875726282596579 15.252393811941145 59.712364241480827 89.158208683133125 6.0270766317844418 5.4644859582185772 6.959120661020278 9.9583662003278715 297.09685729444027 1120.3921228945255 16.162970498204235 5.4350569993257514 913.17377564311028 1296.2940803617239 14.30950765311718 7.2655677944421759 44.195220142602921 31.592655658721924 43.410776808857918 5.6930786073207846 138.71601678431034 45.269232839345932 129.68771383166313 20.06436713039875 8.8362188637256622 113.81158626079559 72.198372259736061
leaf_count=1178 3692 433 44 63 189 51 22 189 43 50 28 65 94 162 58 24 51 74 97 347 444 30 700 145 124 1148 92 1325 173 27 36 65 952 282 39 28 66 236 345 31 23 34 46 1144 4410 71 21 3549 5110 57 31 175 113 171 20 558 174 513 80 32 434 273
internal_value=0.000115771 0.00506945 0.00463847 0.00196895 0.00328442 0.00513796 0.0271304 -0.00686307 -0.0131025 0.000975555 -0.00251593 0.00715126 -0.00301354 -0.00543445 -0.0143164 -0.0288543 0.00784371 0.0147111 -0.0360711 -0.0344454 -0.0410364 -0.0266523 -0.0329635 -0.0389478 -0.0306679 -0.0310038 0.00505486 0.00162621 0.01137 0.00030128 -0.0075084 0.00545693 0.00357068 0.00931461 -0.000374654 0.000105499 -0.0185977 0.0102446 0.0143847 -0.0398843 -0.0275698 -0.0174631 -0.00576278 0.00538487 0.0038833 -0.0031489 -0.0246507 0.00611554 0.00556396 0.00781473 0.0133398 0.0147023 0.025716 0.00492488 0.00678337 0.0011985 -5.69015e-05 -0.000272914 -0.0124387 0.0117438 0.0108867 0.0126692
internal_weight=7517.1 6611.97 5663.16 892.609 776.896 4770.55 17.9574 115.713 55.815 59.8983 215.384 47.9468 30.3968 167.437 58.9649 19.1 44.9131 32.7201 905.126 634.59 116.49 26.7966 518.099 127.807 56.8694 390.292 4752.6 417.271 85.081 38.9786 31.5078 561.512 394.634 148.492 73.7669 246.142 25.0786 166.877 107.165 270.536 28.409 22.382 15.4229 4335.33 1419.07 183.071 21.598 2916.25 2619.16 1322.86 220.011 212.745 54.7384 1236 1102.85 189.678 183.985 161.473 31.7857 23.1457 158.007 115.609
internal_count=30281 25934 22242 3536 3066 18706 66 470 232 238 864 187 122 677 244 82 175 125 4347 3035 571 127 2464 616 269 1848 18640 1653 328 155 128 2202 1556 576 294 980 105 646 410 1312 134 103 69 16987 5590 736 92 11397 10253 5143 842 811 202 4854 4301 752 732 644 131 89 609 444
cat_boundaries=0 1 2 3 4 5 6 7
cat_threshold=2 10 4 1 12 1 1
is_linear=0
shrinkage=0.04


Tree=12
num_leaves=63
num_cat=16
split_feature=8 6 5 12 9 11 12 11 13 8 0 9 9 9 10 15 4 14 3 9 0 8 8 9 14 9 11 3 0 14 8 12 9 9 12 11 4 9 11 9 9 12 8 4 15 8 9 17 0 9 8 11 9 6 15 0 13 9 14 11 13 9
split_gain=4.36572 5.04423 5.45296 7.10476 8.68963 5.99512 4.17912 4.19981 5.58806 7.32377 5.26871 9.32422 6.46364 8.66566 5.50629 5.19039 12.4872 6.3359 6.96619 7.0835 5.0354 5.59324 5.2771 7.95899 6.58822 5.7408 4.83689 6.90967 5.61111 4.59741 4.46014 4.40399 4.313 6.07281 3.92196 7.51159 4.17353 3.74048 5.94059 5.25494 5.41629 3.5904 4.9909 4.36195 5.30429 10.783 7.94368 3.82243 8.88079 4.35728 6.91214 5.24988 5.59817 3.65569 4.44522 4.71068 5.18164 7.69108 5.60098 4.72801 3.89381 6.03733
threshold=21.500000000000004 3.5000000000000004 1.0000000180025095e-35 0 4.1500000000000012 1.0000000180025095e-35 1 1.5000000000000002 2 33.500000000000007 12.500000000000002 4.3500000000000005 4.6500000000000012 4.9500000000000011 1.0000000180025095e-35 3 1.0000000180025095e-35 4 1.0000000180025095e-35 4.7500000000000009 7.5000000000000009 30.500000000000004 27.500000000000004 4.7500000000000009 5 4.7500000000000009 1.0000000180025095e-35 1.0000000180025095e-35 12.500000000000002 6 22.500000000000004 7 4.8500000000000005 4.9500000000000011 8 1.0000000180025095e-35 1.0000000180025095e-35 4.3500000000000005 1.0000000180025095e-35 4.0500000000000007 4.1500000000000012 9 29.500000000000004 1.0000000180025095e-35 10 22.500000000000004 4.5500000000000007 11 7.5000000000000009 4.9500000000000011 30.500000000000004 2.5000000000000004 4.2500000000000009 1.5000000000000002 12 12.500000000000002 13 4.8500000000000005 14 1.0000000180025095e-35 15 3.9500000000000006
decision_type=8 2 2 1 10 10 1 10 9 8 8 8 8 10 2 1 2 9 2 8 10 10 10 10 9 10 8 2 8 9 10 1 8 10 1 10 2 10 8 10 8 1 10 2 1 10 8 9 8 10 10 10 8 2 1 10 9 8 9 8 9 10
left_child=-1 41 6 -4 5 -5 -3 8 9 15 12 29 37 -14 -15 16 30 -18 -19 -20 -17 22 24 -24 25 -22 27 28 -11 -12 -8 -32 -28 -34 -13 36 -36 39 -39 -10 -41 42 43 44 46 -46 -2 48 -43 51 -51 53 -53 54 55 56 57 59 -59 -49 -56 -62
right_child=1 2 3 4 -6 -7 7 -9 10 26 11 34 13 14 -16 20 17 18 19 -21 21 -23 23 -25 -26 -27 32 -29 -30 -31 31 -33 33 -35 35 -37 -38 38 -40 40 -42 47 -44 -45 45 -47 -48 49 -50 50 -52 52 -54 -55 60 -57 -58 58 -60 -61 61 -63
leaf_value=0.0030966180889696309 -0.0086600002010369572 -0.0096053883478238906 0.0050132342708568605 0.0036161169273343781 -0.00025261183215267134 -0.013720514648667375 -0.034114636099016861 -0.014158430353024859 -0.030392151390113881 -0.0410235181152988 0.064954150604533176 0.010672522568052361 0.009294779811222946 0.0054922052543756516 -0.049189067960963666 -0.013332918680076238 0.0058713622012020522 0.04521500020341717 0.03094300488006264 -0.026118107575642601 -0.039415912934833555 0.017726367640478548 -0.0025074596926682414 -0.04866432304995523 0.012670870330971567 0.0087086224521702761 -0.010661485929660177 0.012834450257127157 -0.0030564471127929849 0.021037269488323653 0.006735722981789395 -0.00932834931419327 -0.037331835277125983 -8.0993887712579025e-05 -0.013003807680120459 0.006130169737308129 -0.055263091976967202 -0.0005814779649841778 -0.035662372192821597 0.043226835589071116 -0.0070755023043008493 0.020797313600904536 0.0047390302128916826 -0.0044329813451161474 0.018273027996114868 -0.0065878219917947433 0.011094301274209158 -0.049259571865432561 -0.022342392713769171 0.001242783853025549 -0.013221302143019018 -0.0046909588018201991 0.043442218217276125 -0.0011555332474953138 -0.0007800755000931407 0.0059579380038144369 -0.0012848089395989376 -0.019014310011760637 0.035738834701033832 -0.018325166653089961 0.020774002823087549 0.0042467354807282365
leaf_weight=709.45037876069546 40.805369287729263 159.18638932704926 335.33107547461987 41.687263414263725 1357.3503059148788 136.13695003092289 7.8805595636367789 47.778190299868584 6.5257670432329205 9.0837839245796221 5.6552878618240356 61.072692304849625 70.723739758133888 4.9358357042074186 7.3105130195617676 81.319847524166107 41.452958762645721 18.990051314234734 8.8308247178792918 5.7456367909908304 9.107687324285509 22.328629463911057 15.884173631668093 9.5837045758962613 33.389020279049873 7.0253289341926566 90.705762699246407 28.223092824220657 19.811115860939026 11.713373497128488 39.522824585437775 53.354977503418922 25.615454643964767 9.6364876329898816 18.673052251338962 48.696239531040192 4.6754498630762091 12.459446012973784 20.318460494279861 5.6855430454015705 8.6135605722665787 10.01465757191181 705.81614568829536 237.81666457653046 33.598277702927589 165.00548972189426 161.38206343352795 11.571396544575689 32.134023651480675 114.72391240298748 98.036408171057701 6.6125160455703709 9.3085865676403046 1172.4355629831553 247.0149901509285 76.084740787744522 145.16642002761364 5.8780107200145721 6.0825885534286481 24.951046705245972 37.773224651813507 554.49218672513962
leaf_count=2832 169 668 1331 166 5473 573 35 203 29 42 19 240 281 20 34 345 166 67 33 25 41 86 65 45 131 28 380 111 82 45 157 225 116 39 79 194 22 51 91 20 36 38 2803 969 128 676 630 53 138 460 409 27 33 4735 999 302 586 25 22 106 144 2203
internal_value=0.000110731 -0.000200848 -0.00146338 -0.000175771 -0.00133319 -0.00965629 -0.00379828 -0.00259867 -0.00196036 -0.00432065 0.00252174 0.0077721 -0.00307884 0.00391554 -0.02715 -0.00104521 0.00376223 0.0163319 0.0292501 0.0084511 -0.00566893 0.000152624 -0.00508005 -0.0198765 0.0025294 -0.0184595 -0.0108976 -0.00124256 -0.0149923 0.0353367 -0.00522307 -0.00277166 -0.0152758 -0.0271489 0.00417557 -0.00247041 -0.0214661 -0.0139052 -0.0223275 -0.000648712 0.0129255 0.000739406 0.00240295 -0.000141362 0.00240515 -0.00226786 0.00677253 -0.000145715 -0.0120923 5.43044e-05 -0.00542203 0.000561469 0.0234511 0.000401734 0.00204806 -0.00238679 -0.00578868 -0.0157587 0.00883052 -0.0281261 0.00346057 0.00521279
internal_weight=7508.18 6798.73 2902.02 1870.51 1535.17 177.824 1031.52 872.329 824.551 537.492 287.059 150.486 136.573 82.9701 12.2463 354.416 175.778 75.0195 33.5665 14.5765 178.638 97.3185 74.9899 25.4679 49.522 16.133 183.076 57.118 28.8949 17.3687 100.758 92.8778 125.958 35.2519 133.117 72.0447 23.3485 53.6028 32.7779 20.8249 14.2991 3896.7 1344.42 638.608 400.791 198.604 202.187 2552.28 42.1487 2510.13 212.76 2297.37 15.9211 2281.45 1109.01 269.734 193.649 48.483 11.9606 36.5224 839.28 592.265
internal_count=30281 27449 11794 7543 6212 739 4251 3583 3380 2219 1161 599 562 335 54 1449 708 291 125 58 741 396 310 110 200 69 770 235 124 64 417 382 535 155 535 295 101 227 142 85 56 15655 5375 2572 1603 804 799 10280 176 10104 869 9235 60 9175 4440 1094 792 206 47 159 3346 2347
cat_boundaries=0 1 2 3 4 5 6 7 8 9 10 11 12 13 14 15 16
cat_threshold=96 32 6 3 4 8 8 10 81 74 3 2 1 8 4 2
is_linear=0
shrinkage=0.04


Tree=13
num_leaves=63
num_cat=10
split_feature=7 8 8 12 14 9 6 0 14 7 9 5 0 0 16 9 10 9 9 3 15 10 9 8 6 16 9 2 3 9 0 16 7 0 0 4 8 8 8 9 9 0 3 8 5 8 8 16 4 9 14 9 0 9 10 6 8 12 8 8 4 9
split_gain=780.242 3.99497 4.03147 3.20964 9.9234 4.9264 3.94924 7.26666 3.78145 5.54049 9.49742 6.06286 5.16373 5.05749 6.47801 3.75946 3.99844 3.85683 3.59502 3.20977 3.1725 7.90207 4.85917 7.15799 5.22994 3.98634 3.5642 4.37944 3.75328 3.67725 3.32285 3.279 4.62626 4.74978 4.38087 4.67127 6.94737 3.24123 3.96728 3.78051 3.59248 6.97784 5.54469 6.03355 3.22023 3.1311 3.05621 3.05414 5.29886 3.01555 4.21347 2.89655 4.00299 3.07122 3.36593 3.05317 2.82074 2.75777 3.81654 3.71729 3.66189 5.78951
threshold=2.5000000000000004 21.500000000000004 44.500000000000007 0 1 4.1500000000000012 1.5000000000000002 12.500000000000002 2 3.5000000000000004 4.7500000000000009 1.0000000180025095e-35 12.500000000000002 7.5000000000000009 3 4.6500000000000012 1.5000000000000002 4.9500000000000011 4.6500000000000012 1.0000000180025095e-35 4 1.5000000000000002 4.4500000000000011 25.500000000000004 2.5000000000000004 5 4.1500000000000012 1.0000000180025095e-35 1.0000000180025095e-35 4.0500000000000007 7.5000000000000009 6 3.5000000000000004 12.500000000000002 12.500000000000002 1.0000000180025095e-35 32.500000000000007 35.500000000000007 33.500000000000007 4.2500000000000009 4.6500000000000012 1.0000000180025095e-35 1.0000000180025095e-35 36.500000000000007 1.0000000180025095e-35 20.500000000000004 20.500000000000004 7 1.0000000180025095e-35 4.8500000000000005 8 4.6500000000000012 7.5000000000000009 4.8500000000000005 1.5000000000000002 1.0000000180025095e-35 20.500000000000004 9 29.500000000000004 30.500000000000004 1.0000000180025095e-35 4.1500000000000012
decision_type=2 8 10 1 9 8 2 10 9 2 10 2 10 8 9 10 2 10 10 2 1 2 10 8 2 9 8 2 2 10 10 9 2 8 10 2 10 8 10 10 10 10 2 10 2 10 8 9 2 10 9 10 8 10 2 2 8 1 10 10 2 8
left_child=-1 3 20 4 -2 -6 7 51 15 11 -11 12 13 -10 -15 16 -8 -17 -16 47 21 22 23 30 -25 -22 28 -28 -26 -30 -3 34 -33 -34 37 -36 -37 38 -23 -40 42 -42 43 44 -39 -14 -18 -7 -49 -43 -51 -5 55 54 -54 56 -53 58 60 -60 -27 -62
right_child=1 2 -4 6 5 19 8 -9 9 10 -12 -13 45 14 18 17 46 -19 -20 -21 25 31 -24 24 26 57 27 -29 29 -31 -32 32 33 -35 35 36 -38 40 39 -41 41 49 -44 -45 -46 -47 -48 48 -50 50 -52 52 53 -55 -56 -57 -58 -59 59 -61 61 -63
leaf_value=-0.034892273948002088 0.010714789436923616 0.0047260610391722862 0.032821623205971269 0.0080838082598656581 -0.043945931708011997 0.0049840655435817432 0.020498595450414169 0.018990572369735684 -0.0026508259401913817 -0.030093232296428175 0.01613531561491257 0.021834005083858771 -0.021353064348776287 0.027048977159149591 0.020564325311724873 0.027909494879743656 -0.023785649543660945 -0.0008231389047258839 -0.02148526560489088 0.0062845548152500163 0.022868430125494436 0.0059412191819876552 0.0025429365771960522 0.018777622995950181 -0.016442487581505568 0.0048677178712147641 0.0081602190377510573 0.043812993148743082 0.02205376664680217 -0.013941891488790608 -0.023617003360511625 0.012321099727667758 0.048098631146403233 0.0098984437883375236 0.019833076001104417 -0.022011083271302859 0.021388144260454732 0.01048852315323503 -0.0086656600112741539 0.028179950036185852 -0.046404938343429132 0.011277653896493383 -0.01979716033182689 0.038025504117023629 -0.02270084271624075 0.0066328988513486391 0.013215993204397208 -0.0074337060118935218 -0.041419031824069683 0.0051924837118400118 -0.043392395440253521 -0.027977951915137834 0.0046666704614215784 -0.030911808103182024 -0.02972515021863582 0.023327553631162578 0.011527641968808091 0.0027970892743363206 0.013032624065815818 0.005665389137942861 0.030667325107965372 -0.00083165772632948427
leaf_weight=897.35298544168472 124.78338630497456 12.449066609144213 8.0529041588306409 27.289648234844208 5.377676233649253 15.055539667606354 17.623165234923363 35.874019458889961 27.240551829338074 14.19704130291939 14.245356827974318 64.137305647134781 14.751659229397774 38.351701349020004 5.3443444222211829 59.247484803199768 8.2812784761190379 8.5539810210466367 8.3135873675346357 28.966869473457336 17.728627741336823 163.6918972581625 760.4754231274128 92.15169683098793 19.239698365330696 684.82440474629402 66.549802526831627 6.0104084312915793 12.066561639308931 7.2808615863323203 14.129856958985327 113.84953671693802 12.774878829717638 8.7921803295612317 80.761455446481705 11.848592206835749 11.758524805307387 19.687023431062702 5.4160209149122265 25.123605117201805 7.1286735832691184 13.508544698357584 10.501417323946951 10.958915933966635 6.1350878626108161 11.293222084641457 6.2800794839859018 28.143302157521248 9.9305004328489286 6.3791447579860687 5.1711668819189054 5.6054130047559729 14.015980631113054 13.689662724733351 6.7440220713615409 9.1403138935565948 5.9734050184488305 2177.2560817450285 121.83350484073162 1089.6681362688541 9.5785403400659543 368.97218754887581
leaf_count=4347 481 49 29 106 24 59 66 135 109 61 54 239 62 141 20 217 35 34 35 113 66 640 3003 347 80 2687 259 21 45 30 60 437 44 34 303 50 44 76 22 92 32 52 44 39 26 44 24 114 44 25 23 24 55 59 29 34 23 8597 466 4262 35 1474
internal_value=0.00010636 0.00485752 0.00453878 0.00789133 0.00331715 -0.00685652 0.00990641 0.00396251 0.0126004 0.00939662 -0.00693969 0.012139 0.00623354 0.0113116 0.0186246 0.0189406 0.00768295 0.0242845 -0.00503127 -0.00442699 0.00450066 0.00613049 0.0040834 0.00917953 0.0117317 0.00392981 0.00588994 0.0111135 -0.00393251 0.00850781 -0.0103416 0.0101981 0.015539 0.0325257 0.00828505 0.0152579 -0.000394259 0.00562616 0.00841047 0.0216456 -0.00117894 -0.0114866 0.00583803 0.0131572 0.00260305 -0.00921818 -0.00782744 -0.0102671 -0.0162978 -0.00155318 -0.0165594 -0.00257553 -0.00784826 -0.0162043 -0.00650574 0.00604526 -0.00759738 0.00386322 0.00484999 0.00640627 0.00312253 -3.4633e-05
internal_weight=7507.56 6610.2 5981.75 628.45 212.257 87.4739 416.193 118.332 297.861 197.875 28.4424 169.432 105.295 79.2502 52.0096 99.986 32.1845 67.8015 13.6579 82.0962 5973.7 1503.84 990.353 229.878 203.299 4469.86 111.147 72.5602 38.5871 19.3474 26.5789 513.487 135.417 21.5671 378.07 104.369 23.6071 273.701 194.232 30.5396 79.47 32.1875 47.2824 36.781 25.8221 26.0449 14.5614 53.1293 38.0738 25.0589 11.5503 82.4584 55.1688 34.4497 20.76 20.7191 11.5788 4452.13 2274.88 1211.5 1063.38 378.551
internal_count=30281 25934 23493 2441 835 354 1606 465 1141 765 115 650 411 305 196 376 125 251 55 330 23464 5877 3894 891 782 17587 435 280 155 75 109 1983 515 78 1468 397 94 1071 754 114 317 132 185 141 102 106 59 217 158 100 48 330 224 143 84 81 47 17521 8924 4728 4196 1509
cat_boundaries=0 1 2 3 4 5 6 7 8 9 10
cat_threshold=3 4 8 1 8 2 1 4 8 106
is_linear=0
shrinkage=0.04


Tree=14
num_leaves=63
num_cat=17
split_feature=7 8 8 6 12 11 17 9 14 6 3 15 14 8 9 5 14 9 11 6 14 11 9 6 6 0 9 8 14 9 9 16 9 8 12 6 11 4 0 16 9 10 0 9 6 12 14 9 12 8 3 3 14 14 9 6 6 15 0 9 8 11
split_gain=724.769 3.74316 4.14147 5.9127 6.87038 5.2972 5.52368 4.81889 4.61956 4.79909 4.14355 3.88223 7.55102 6.03154 8.63513 7.76274 3.76578 6.66276 3.74307 4.00995 3.53627 3.38298 3.65761 4.19059 3.70049 4.16376 6.00771 3.34076 3.00891 2.96093 3.00868 3.80992 2.84388 5.70257 6.47474 5.11852 3.01555 2.95419 4.575 3.3206 2.82365 2.77359 6.68705 4.39247 3.77206 3.62581 6.54193 4.41258 3.49329 4.23243 7.6082 4.00305 3.42907 3.22195 3.11487 3.07289 2.99914 2.74585 4.47923 3.65343 6.52848 2.70549
threshold=2.5000000000000004 22.500000000000004 24.500000000000004 5.5000000000000009 0 1.0000000180025095e-35 1 3.0500000000000003 2 3.5000000000000004 1.0000000180025095e-35 3 4 23.500000000000004 4.6500000000000012 1.0000000180025095e-35 5 4.2500000000000009 1.5000000000000002 3.5000000000000004 6 1.0000000180025095e-35 4.2500000000000009 1.5000000000000002 1.5000000000000002 12.500000000000002 4.7500000000000009 27.500000000000004 7 4.3500000000000005 4.8500000000000005 8 4.9500000000000011 27.500000000000004 9 2.5000000000000004 1.0000000180025095e-35 1.0000000180025095e-35 12.500000000000002 10 4.0500000000000007 1.0000000180025095e-35 12.500000000000002 4.2500000000000009 5.5000000000000009 11 12 4.3500000000000005 13 20.500000000000004 1.0000000180025095e-35 1.0000000180025095e-35 14 15 4.5500000000000007 1.0000000180025095e-35 2.5000000000000004 16 12.500000000000002 4.5500000000000007 23.500000000000004 1.5000000000000002
decision_type=2 8 10 2 1 10 9 10 9 2 2 1 9 10 10 2 9 8 8 2 9 8 10 2 2 8 10 10 9 10 10 9 10 10 1 2 8 2 10 9 10 2 10 10 2 1 9 10 1 10 2 2 9 9 10 2 2 1 10 8 10 8
left_child=21 41 3 4 5 20 11 8 -4 -10 57 13 -13 15 -15 -7 -5 -18 19 -14 -3 -1 23 -23 25 -24 -27 -26 -16 -29 -31 -32 -9 35 36 37 -35 38 39 -34 -12 -2 45 -44 48 46 55 -48 49 50 -45 52 -51 -50 -49 -43 -53 58 59 -6 -61 -36
right_child=1 2 7 16 10 6 -8 32 9 -11 40 12 18 14 28 -17 17 -19 -20 -21 -22 22 24 -25 27 26 -28 29 -30 30 31 -33 33 34 61 -37 -38 -39 -40 -41 -42 42 43 44 -46 -47 47 54 53 51 -52 56 -54 -55 -56 -57 -58 -59 -60 60 -62 -63
leaf_value=-0.037572715638862227 0.010082300966301406 0.004569805340474205 0.051561887691709267 0.0036449243684283017 -0.030507905853596601 0.0093231255811460807 -0.03346513716220087 0.0049686836942758449 -0.018088024157537543 0.034571339121899129 -0.02960024392629047 0.017781021336628441 -0.0052481121648139699 0.0084655789932874381 -0.0694623996971932 -0.038930758582113527 0.033179982481952849 -0.01477318057566754 0.031582817615509101 0.0093615405373231268 0.01715599877860384 -0.024686024421417069 -0.043225486518244462 -0.042860906145811041 -0.024061083353416817 -0.01687531480947459 -0.043235144544175153 -0.013264143944864653 -0.028635219706629727 -0.035846153620413379 -0.044779958978198871 -0.020932670043413988 -0.02371316814052209 -0.0040957275068794581 -0.007958764829614072 0.019780854064851666 0.008346459806223349 0.017528078117159215 -0.031749880022012358 0.013604381115023283 -0.0061027743741322495 -0.014884842368635069 -0.018565408920053476 -0.043967035803014476 0.028546998634841253 0.0054367876407476921 -0.030289574011711094 0.016705531160859963 -0.0052489952563292523 -0.001970446500479004 0.013807710410837754 0.0087144123308946272 0.02938813599416994 0.01910265370791105 -0.0079193348103902082 0.011320378798125681 -0.028684816257611195 0.0037863093693208828 -0.029871927968295388 -0.0078541729533117815 0.025498765370926414 0.010131722921269107
leaf_weight=265.64891183376312 311.66100914776325 57.072446823120117 6.7559138238430023 38.059279963374138 6.0166258215904227 42.004878461360931 6.4292693287134162 4333.2712245583534 5.2635427266359347 5.842789962887764 9.0271633565425855 68.499453589320183 82.973025560379028 8.4835682511329669 4.6279568523168564 6.1101397126913062 4.9517859518527976 72.686522006988525 6.3132470846176139 47.135470896959305 95.454352125525475 26.408250749111176 69.6177599132061 87.726381286978722 147.53747177124023 31.162452667951584 24.877843201160431 13.122924059629439 7.6831253021955472 156.66746227443218 13.405981004238129 53.482111483812332 5.1953114718198776 42.267667800188065 156.78366707265377 46.060941278934479 118.67175973951817 11.105322927236555 8.3017800748348254 14.3611968010664 87.45458160340786 8.2229497432708722 7.1722904890775672 7.8552120178937894 22.75178736448288 298.93517997860909 12.966210097074507 9.2281659543514234 9.6919965296983719 8.7655364274978638 6.8073431104421616 7.2226181775331479 15.34932516515255 84.359720960259438 75.147593483328819 55.367489531636238 6.5348256081342697 187.39708726108074 10.682733267545698 29.512311145663261 13.771729335188864 14.445865556597708
leaf_count=1312 1203 224 23 150 26 163 28 16987 22 21 39 259 335 33 22 27 18 302 23 183 362 127 347 444 700 145 124 61 33 767 67 253 22 170 638 173 461 42 36 55 354 34 30 35 83 1169 56 35 39 35 26 28 56 317 305 213 28 738 46 120 51 56
internal_value=0.000101743 0.00466452 0.00427494 0.00177391 0.00303062 0.00630223 0.00318318 0.00474298 0.0254802 0.00961487 -0.00123443 0.00404365 0.00662191 -0.00400349 -0.0225856 0.00319535 -0.00666209 -0.0117147 0.00150415 4.46464e-05 0.0124465 -0.0337923 -0.0321829 -0.0386556 -0.030734 -0.0366927 -0.0285772 -0.0287852 -0.0439829 -0.0317301 -0.0328141 -0.0257122 0.00466501 0.00151083 -0.000855199 0.0107543 0.00478165 8.34714e-05 -0.00687058 0.00369074 -0.00830128 0.00699069 0.0054766 0.012095 0.0133936 0.00293628 -0.00192658 -0.00856464 0.0110416 0.000926364 -0.0171441 0.00816709 0.0179896 0.0149985 -0.00522612 0.00793175 -0.00905033 0.00147184 -0.00547703 -0.00130196 0.00275777 -0.00607761
internal_weight=7498.37 6608.71 5660.67 892.347 776.649 432.787 280.26 4768.33 17.8622 11.1063 343.862 273.831 204.921 68.9097 20.7947 48.115 115.698 77.6383 136.422 130.108 152.527 889.658 624.009 114.135 509.874 125.658 56.0403 384.216 12.3111 236.678 223.556 66.8881 4750.46 417.194 332.169 85.0246 160.939 38.9636 27.8583 19.5565 96.4817 948.039 636.378 176.511 169.338 459.868 160.932 97.342 146.587 52.5349 14.6626 37.8723 24.1149 94.0517 84.3758 63.5904 13.7574 247.38 59.9834 49.3007 43.284 171.23
internal_count=30281 25934 22242 3536 3066 1692 1106 18706 66 43 1374 1078 800 278 88 190 470 320 541 518 586 4347 3035 571 2464 616 269 1848 55 1148 1087 320 18640 1653 1325 328 631 155 113 77 393 3692 2489 677 647 1812 643 396 564 208 61 147 91 356 340 247 56 981 243 197 171 694
cat_boundaries=0 1 2 3 4 5 6 7 8 9 10 11 12 13 14 15 16 17
cat_threshold=102 1 2 4 8 8 8 8 4 42 4 18 4 33 4 2 1
is_linear=0
shrinkage=0.04


Tree=15
num_leaves=63
num_cat=14
split_feature=7 17 11 1 1 1 12 0 11 9 14 15 9 8 8 0 1 0 8 5 8 1 8 8 0 8 16 9 8 10 16 8 15 10 0 8 0 9 14 1 0 8 9 8 9 0 14 9 16 5 8 11 9 1 16 11 13 8 15 12 7 9
split_gain=715.67 4.31451 3.49279 3.43588 3.54636 3.37255 4.80338 4.77077 6.18783 6.78892 4.35759 5.9961 11.8632 4.29132 5.38069 3.99512 4.11534 3.53101 4.61448 3.30373 4.45105 3.23721 3.32359 3.21265 6.05114 10.3803 3.15664 3.06477 2.97349 2.95147 4.1138 2.93265 2.91155 3.68196 3.36239 3.052 4.00043 3.56612 3.21718 2.74862 2.70265 4.84084 8.1289 3.74625 5.03679 3.53218 4.78312 2.65151 2.61375 3.0951 2.93583 4.23915 3.38868 2.53063 5.79027 9.6531 5.41841 7.29511 4.28982 4.75682 5.33893 4.26537
threshold=2.5000000000000004 0 2.5000000000000004 19.500000000000004 21.500000000000004 22.500000000000004 1 12.500000000000002 1.0000000180025095e-35 4.7500000000000009 2 3 4.7500000000000009 36.500000000000007 34.500000000000007 12.500000000000002 13.500000000000002 12.500000000000002 27.500000000000004 1.0000000180025095e-35 32.500000000000007 16.500000000000004 25.500000000000004 32.500000000000007 7.5000000000000009 26.500000000000004 4 4.1500000000000012 21.500000000000004 1.0000000180025095e-35 5 30.500000000000004 6 1.5000000000000002 7.5000000000000009 21.500000000000004 12.500000000000002 4.6500000000000012 7 18.500000000000004 12.500000000000002 30.500000000000004 4.7500000000000009 28.500000000000004 4.9500000000000011 7.5000000000000009 8 4.8500000000000005 9 1.0000000180025095e-35 27.500000000000004 1.0000000180025095e-35 4.2500000000000009 12.500000000000002 10 1.5000000000000002 11 34.500000000000007 12 13 3.5000000000000004 3.7500000000000004
decision_type=2 9 8 2 2 2 1 8 10 8 9 1 8 10 10 8 2 10 8 2 10 2 10 10 8 10 9 10 8 2 9 8 1 2 10 10 8 10 9 2 8 10 10 10 8 10 9 10 9 2 10 10 10 2 9 10 9 10 1 1 2 10
left_child=1 -1 27 21 -5 10 32 -8 9 29 11 12 23 14 15 31 47 -11 -19 -10 -21 22 -4 24 25 -2 -26 28 -3 -9 -31 -14 33 -7 -35 36 38 48 -34 -28 41 42 -39 -42 -45 46 -43 -17 49 50 51 -37 -52 54 56 58 57 -12 -56 61 -61 -60
right_child=5 2 3 4 -6 6 7 8 19 17 53 -13 13 -15 -16 16 -18 18 -20 20 -22 -23 -24 -25 26 -27 39 -29 -30 30 -32 -33 35 34 -36 37 -38 40 -40 -41 43 45 -44 44 -46 -47 -48 -49 -50 -51 52 -53 -54 -55 55 -57 -58 -59 59 60 -62 -63
leaf_value=-0.053814294516602496 0.011243178519212416 -0.0097773693736847283 -0.039668461360019835 0.025823109079277679 -0.023280348827113044 -0.0086016268968367483 -0.0063227123522533136 0.043409665519970241 -0.0079155135432084217 0.021396616639140994 0.0027792627340390993 0.010653624279957013 -0.010182516613265708 0.015576401266602922 -0.055123917987209899 -0.02381014016249175 -0.051439949293752889 0.0039017365791160744 -0.048510156992730417 0.024060709630723473 -0.014255653693922772 -0.054846025227536871 0.010397617436780301 0.023441139982930341 0.037247252050552591 -0.063375416073949142 0.021218686458110168 -0.033077458856471439 -0.041779896911115312 0.0019516206227922724 0.039519544198728128 0.023170165528410211 0.029795321232771732 -0.0041582040740656048 0.02517045143247235 0.012110159799628222 0.038999007813801376 -0.015640717331974328 -0.0090554857945246529 -0.0078680606023189287 -0.020761403935373745 0.006834214179192704 0.02792839603465545 0.0095565943069490442 -0.033118522464713321 0.010484675880052013 -0.034876926923594023 0.010940007368130406 0.025131548627414485 0.022792807216973392 0.033284260266861154 -0.035200087882373186 -0.00078394524493604722 0.0050045772531684797 0.0038753783181247133 -0.045448268263913551 0.005909006802992822 -0.013251744558962471 0.029230241938524967 -0.012913582630934674 0.010597745497719295 0.00022223353144378889
leaf_weight=17.192478120326996 7.5371793955564481 4.8666260391473761 4.3845765739679354 4.5318563133478147 4.8953857272863388 47.314602673053741 174.82730008661747 10.861456230282785 57.442876726388931 5.3500147759914407 230.64218312501907 377.91434317827225 13.229022368788721 7.0943151861429206 5.4635642617940894 12.261159345507627 6.3951783478260031 6.3707692176103583 4.6490709930658349 13.752401888370516 7.4941961020231238 5.4938095510005942 4.1102222353219986 23.717292159795761 7.5749478042125702 4.9365604370832443 10.701302170753484 731.07522812485695 102.16290847957134 11.385874971747397 7.8992227762937572 6.1926644742488852 5.7713007926940918 12.624853432178499 12.394768700003622 5.4428846538066846 11.023693576455114 9.1564158499240857 8.3363768160343188 10.108019009232519 16.630434647202492 7.950641855597496 27.220194324851036 27.116157546639442 5.288083314895629 14.242893695831297 9.8461383730173129 4.9240509122610083 20.796034008264542 15.846613541245459 6.9361648857593545 6.836579367518425 14.307296946644783 3722.5156775712967 243.2242297232151 7.5285362750291815 1021.5702338516712 56.555142566561699 8.7349231392145139 105.27687118947506 18.111814677715302 113.43142332136631
leaf_count=89 29 23 22 19 23 193 710 38 234 20 912 1455 54 27 25 52 29 25 21 51 31 28 18 88 27 23 40 3599 523 45 28 23 21 51 46 21 39 38 34 41 70 31 100 105 23 55 43 19 77 59 25 30 57 14582 956 34 3992 234 32 434 70 451
internal_value=-5.81098e-05 -0.0339732 -0.0335773 -0.01834 0.000324626 0.00444994 0.00155064 -0.00198794 0.00390602 0.0154717 0.00473148 0.00831503 6.60962e-05 -0.0134796 -0.0177328 -0.0129821 -0.024047 -0.00526565 -0.0182099 -0.00293091 0.0105456 -0.0309185 -0.0154439 0.0117309 0.00493339 -0.0182876 0.0151381 -0.034003 -0.0403247 0.0267323 0.0173395 0.000452088 0.0051634 -0.00179145 0.0103713 0.00750231 0.0209452 0.0061015 0.00683797 0.00708995 0.00183909 0.00697596 0.0169615 -0.0053282 0.0025924 -0.0043613 -0.0162426 -0.0138532 0.0132364 0.0082258 0.00133983 -0.0142298 0.0103396 0.00440859 0.00317952 -0.000499376 0.00457462 -0.000364872 0.00019296 -0.00347097 -0.00875305 0.00212257
internal_weight=7489.47 878.713 861.521 23.4159 9.42724 6610.76 585.115 300.033 125.206 46.5164 6025.64 498.05 120.135 55.56 48.4656 43.0021 23.5804 16.3699 11.0198 78.6895 21.2466 13.9886 8.4948 64.5753 40.858 12.4737 28.3843 838.105 107.03 30.1466 19.2851 19.4217 285.082 72.3342 25.0196 212.748 25.1314 187.617 14.1077 20.8093 117.451 68.4163 36.3766 49.0347 32.4042 32.0397 17.7968 17.1852 70.1656 49.3695 33.5229 12.2795 21.2435 5527.59 1805.08 496.308 1308.77 287.197 488.779 245.555 123.389 122.166
internal_count=30294 4344 4255 110 42 25950 2321 1203 493 177 23629 1932 477 229 202 177 100 66 46 316 82 68 40 248 160 52 108 4145 546 111 73 77 1118 290 97 828 94 734 55 81 465 267 138 198 128 129 74 71 269 192 133 51 82 21697 7115 1977 5138 1146 1943 987 504 483
cat_boundaries=0 1 2 3 4 5 6 7 8 9 10 11 12 13 14
cat_threshold=2 52 2 4 4 1 2 8 8 1 1 10 10 50
is_linear=0
shrinkage=0.04


Tree=16
num_leaves=63
num_cat=10
split_feature=14 15 8 12 8 11 12 0 5 9 4 4 9 1 8 0 16 1 9 0 1 8 1 1 9 8 0 8 3 9 0 1 0 1 8 8 12 1 1 11 5 9 8 8 0 1 1 1 8 9 1 12 1 14 9 8 1 14 15 11 8 9
split_gain=3.91958 5.93164 7.32221 7.66587 7.26413 6.25569 6.33393 6.69909 5.49806 4.5844 4.74175 4.24921 4.01333 7.86943 4.76579 5.04225 4.44571 4.14376 5.10706 3.95695 3.91878 3.72865 3.90905 3.64246 3.5504 3.4839 4.96237 3.12851 3.02819 3.13061 3.35172 3.01293 2.9549 3.19282 2.93681 9.50267 3.36269 3.43509 4.57132 4.04074 2.70364 2.69336 2.99808 3.0785 5.29679 2.63399 5.33989 2.60599 2.58775 2.55551 2.34613 2.32424 3.91388 6.78146 5.2138 4.84191 4.53329 5.60469 4.07642 8.06741 5.11637 4.40244
threshold=0 1 36.500000000000007 2 37.500000000000007 1.0000000180025095e-35 3 1.0000000180025095e-35 1.0000000180025095e-35 4.0500000000000007 1.0000000180025095e-35 1.0000000180025095e-35 4.6500000000000012 10.500000000000002 31.500000000000004 7.5000000000000009 4 21.500000000000004 4.7500000000000009 12.500000000000002 19.500000000000004 31.500000000000004 17.500000000000004 22.500000000000004 4.8500000000000005 26.500000000000004 12.500000000000002 37.500000000000007 1.0000000180025095e-35 4.2500000000000009 1.0000000180025095e-35 9.5000000000000018 12.500000000000002 13.500000000000002 24.500000000000004 26.500000000000004 5 14.500000000000002 17.500000000000004 1.0000000180025095e-35 1.0000000180025095e-35 4.4500000000000011 35.500000000000007 29.500000000000004 7.5000000000000009 17.500000000000004 11.500000000000002 17.500000000000004 25.500000000000004 4.6500000000000012 16.500000000000004 6 1.0000000180025095e-35 7 4.9500000000000011 22.500000000000004 22.500000000000004 8 9 1.0000000180025095e-35 27.500000000000004 4.1500000000000012
decision_type=9 1 10 1 8 8 1 10 2 10 2 2 8 2 10 10 9 2 10 8 2 10 2 2 8 10 10 10 2 10 10 2 10 2 10 10 1 2 2 8 2 10 8 10 10 2 2 2 10 10 2 1 2 9 10 8 2 9 1 8 10 10
left_child=1 4 3 9 5 23 25 8 31 -3 21 24 14 -14 15 -9 -17 18 -15 -12 40 32 -23 41 50 49 45 -13 29 -4 -31 -8 33 -11 -5 -36 -37 -38 -39 -40 -20 -1 43 -43 -45 46 -27 -35 -18 -7 -6 52 53 54 -2 -54 58 -58 59 -57 61 -60
right_child=51 2 28 34 11 6 7 12 -10 10 19 27 13 17 -16 16 48 -19 20 -21 -22 22 -24 -25 -26 26 -28 -29 -30 30 -32 -33 -34 47 35 36 37 38 39 -41 -42 42 -44 44 -46 -47 -48 -49 -50 -51 -52 -53 55 -55 -56 56 57 -59 60 -61 -62 -63
leaf_value=0.001127093929639153 -0.006965845086881535 0.036509208981709639 0.031401364249238901 -0.016042917583503145 -0.0317638675845563 0.048408592608811252 0.0057754817155974171 0.027923898142715686 -0.060629782985852629 -0.028785716601221298 0.01031339712594009 -0.0038617196976700142 -0.041899892081201505 -0.015873520544406546 0.030123879617198552 0.017711213720649314 -0.004124349048851097 -0.023253428811975764 -0.0031278689831458224 -0.026845153917205031 0.041219167854600398 0.0017433876864990895 0.03932054409178444 -0.0071506305358976542 -0.047975599956348057 0.0094773535293314198 -0.016917975623770495 0.024947098114180385 0.026874399116040656 0.026677148977758369 -0.011896574343531238 -0.033174257127225409 0.019027015185839644 0.024095606629022107 0.020910217841862994 0.0032867272956636942 -0.0029451219418177876 -0.049536666329819311 -0.036095478963382464 -0.0069795349252575155 0.030800302533261568 0.026591514095113615 0.052387006526853235 0.024219406494587647 -0.017418688185652276 0.0064776176864008109 0.06011792931930101 -0.0063194742727521883 -0.042068324687058872 0.019247639207073536 -0.0018774282737585505 -0.00085553582487615278 0.0061270366934203357 0.003029213789705356 -0.035738182781248233 -0.010748306701739601 -0.010728022617611955 0.0047114471701599206 -0.018879642173803654 0.0015946316203514887 0.0040528366673039827 -0.00059027839196451105
leaf_weight=9.9910350292921049 162.90185785293579 7.3989129066467276 5.6630298644304302 60.026112362742424 5.9717937260866227 7.787866115570071 7.7130082845687884 8.1916321814060229 4.7159526348114005 6.6863569319248226 7.2032930850982693 22.619990393519405 7.579407036304473 10.135956734418867 15.371001839637755 6.056644394993782 5.3330473899841326 8.2840397357940656 12.282217279076582 12.615901932120321 7.8434383720159522 7.4131750911474255 11.004727110266684 8.3096740543842298 5.1392889320850363 8.0293803513050097 8.5553976744413358 8.2240295112133008 17.606093361973763 4.7814978957176235 14.637595295906065 5.4039148986339569 12.039997503161429 6.4643912315368679 18.707247823476791 24.822562143206596 20.700851589441299 8.2537641227245313 11.28873725235462 23.507496014237404 5.4145999103784552 47.832019969820976 5.25081743299961 12.623922675848009 7.9771245568990699 15.638466671109198 5.6943815350532523 14.887713491916655 6.2413995265960693 12.567887067794798 14.186198517680166 4535.8867738395929 290.36793586611748 142.46552966535091 10.741261973977087 124.49678425490856 114.36273078620434 56.059378057718277 22.658887520432472 265.22363032400608 843.74201317131519 298.04128669202328
leaf_count=41 676 27 21 254 26 27 31 30 22 29 28 93 34 43 57 23 22 36 50 55 28 30 40 34 24 32 36 31 67 18 61 24 46 25 72 99 84 38 50 97 20 179 18 48 34 62 19 61 28 48 58 18414 1151 572 48 520 479 225 96 1069 3377 1207
internal_value=-5.54964e-05 0.00301004 -0.00112744 -0.00375095 0.00669443 0.00971503 0.00514263 -0.00104186 -0.0235886 0.00574285 0.00356947 -0.00614641 0.00318158 -0.00425784 0.0124894 0.00199252 -0.0100555 0.00223221 0.00814999 -0.0133399 0.017684 0.00929853 0.0241958 0.0181078 -0.0182977 0.0145576 0.00988964 0.00381966 0.0141585 0.00523267 -0.0023987 -0.010271 0.00245255 -0.00466469 -0.00845283 -0.0049939 -0.010465 -0.0141202 -0.0227737 -0.0164254 0.00725295 0.0206161 0.0232587 0.0210237 0.00809633 0.0177007 0.0304896 0.00288875 -0.0245852 0.0304043 -0.0107313 -0.000329006 0.000696223 -0.00343889 -0.00874565 0.0013484 0.000543823 -0.0056493 0.00122293 -0.00228959 0.00239759 -0.0018825
internal_weight=7479.62 612.675 295.709 253.021 316.966 260.824 168.84 110.566 17.8329 85.7145 78.3156 56.1413 92.7334 51.5397 41.1937 25.8227 17.6311 43.9603 35.6762 19.8192 25.5403 58.4964 18.4179 91.9846 25.2973 58.2734 37.9176 30.844 42.6882 25.0821 19.4191 13.1169 40.0785 28.0385 167.307 107.281 88.5734 63.7508 43.05 34.7962 17.6968 83.6749 73.6839 68.4331 20.601 29.3622 13.7238 21.3521 11.5744 20.3558 20.158 6866.95 2331.06 316.109 173.643 2014.95 1724.58 170.422 1554.16 389.72 1164.44 320.7
internal_count=30294 2460 1202 1035 1258 1026 672 448 77 341 314 232 371 211 160 103 73 177 141 83 98 231 70 354 108 224 149 124 167 100 79 55 161 115 694 440 368 269 185 147 70 320 279 261 82 113 51 86 50 75 84 27834 9420 1296 724 8124 6973 704 6269 1589 4680 1303
cat_boundaries=0 1 2 3 4 5 6 7 8 9 10
cat_threshold=2 10 34 5 4 8 88 4 4 1
is_linear=0
shrinkage=0.04


Tree=17
num_leaves=63
num_cat=8
split_feature=7 17 11 9 8 9 6 16 0 14 15 8 9 12 9 0 11 8 8 3 11 8 8 7 6 12 0 8 9 8 6 8 0 6 4 0 8 8 8 8 6 0 9 12 4 3 9 0 8 8 11 6 8 8 8 8 8 0 0 0 14 4
split_gain=665.286 4.13476 3.31374 5.79797 2.98061 2.93995 3.02068 2.85571 2.88199 2.64427 5.15569 8.60029 7.26766 5.85753 5.76605 8.03197 5.57655 13.3272 8.1436 5.3696 5.27055 5.07637 4.2757 4.03439 3.57458 3.47746 5.99155 5.28808 3.83496 4.57234 3.67634 4.37161 3.46147 3.86937 3.19365 5.5435 6.35604 3.01995 3.0118 2.83447 3.29673 2.78924 2.94182 2.77301 2.53557 2.7901 2.46309 2.45719 3.83295 2.42489 2.35315 2.33718 4.68718 2.32661 8.1909 3.95983 3.0061 3.09213 2.8491 2.79959 2.27937 2.98045
threshold=2.5000000000000004 0 2.5000000000000004 4.3500000000000005 34.500000000000007 4.1500000000000012 1.5000000000000002 1 7.5000000000000009 2 3 36.500000000000007 4.0500000000000007 4 4.7500000000000009 7.5000000000000009 1.0000000180025095e-35 26.500000000000004 27.500000000000004 1.0000000180025095e-35 1.0000000180025095e-35 34.500000000000007 28.500000000000004 3.5000000000000004 3.5000000000000004 5 12.500000000000002 21.500000000000004 4.9500000000000011 20.500000000000004 2.5000000000000004 26.500000000000004 inf 2.5000000000000004 1.0000000180025095e-35 12.500000000000002 30.500000000000004 37.500000000000007 34.500000000000007 22.500000000000004 3.5000000000000004 12.500000000000002 4.7500000000000009 6 1.0000000180025095e-35 1.0000000180025095e-35 4.5500000000000007 12.500000000000002 29.500000000000004 24.500000000000004 1.0000000180025095e-35 3.5000000000000004 28.500000000000004 28.500000000000004 24.500000000000004 26.500000000000004 22.500000000000004 12.500000000000002 7.5000000000000009 12.500000000000002 7 1.0000000180025095e-35
decision_type=2 9 8 8 8 10 2 9 8 9 1 10 8 1 10 8 8 10 10 2 8 10 8 2 2 1 8 10 8 10 2 10 8 2 2 10 10 10 10 10 2 8 10 1 2 2 10 10 10 8 10 2 10 8 10 10 10 8 8 8 9 2
left_child=1 -1 5 -4 -5 6 7 8 -3 10 20 12 -12 14 23 -16 18 -18 -17 32 22 53 41 34 46 30 27 -27 43 -30 31 -22 33 -13 35 36 39 -29 -26 -14 -41 -2 -43 51 45 -45 -24 48 49 -32 -36 -28 -53 54 56 -56 57 -15 -55 -60 61 -7
right_child=9 2 3 4 -6 60 -8 -9 -10 -11 11 19 13 21 15 16 17 -19 -20 -21 25 -23 24 -25 38 26 28 37 29 -31 47 -33 -34 -35 50 -37 -38 -39 -40 40 -42 42 -44 44 -46 -47 -48 -49 -50 -51 -52 52 -54 58 55 -57 -58 -59 59 -61 -62 -63
leaf_value=-0.052500985528281703 0.018388719968562537 -0.0074700309686623213 0.02623625066535068 -0.017200434674707089 -0.052651808317893831 -0.02961523483818829 -0.042966078005072864 -0.0033953815100090791 -0.043650404555167166 0.0040372033962097877 0.032145516257804062 -0.020721073806670615 0.020536805531263528 -0.022392273169754225 0.021992351559862403 -0.0059000795882159862 -0.038683324917888041 0.020875184521061057 -0.07365014970464151 0.039828115222393955 -0.017238931414030316 -0.036175082171350535 0.0033463996570952405 -0.013539693226654641 -0.018230460253089175 0.052025567255412755 0.017854046608615632 0.019157045069294925 0.0052652171122574221 0.048612357382146532 -0.019528316821507661 0.023136435792692304 0.03485975896647249 0.017936986096673914 -0.019535293261730553 0.044050291719408573 0.035937045021448892 -0.0064168513964303533 0.013949599182709459 -0.036981040848374704 0.0065585604689908381 0.023416945381048385 0.053277451014334995 -0.017815257290761551 -0.029427899955369156 0.017154655179511404 0.027512436611315371 0.0059675187637903025 -0.037318549977779357 0.017543112892602363 0.014701305624791281 0.021199761846201318 -0.033908112505193856 -0.032491244252647197 0.033508771049180062 0.000107977641151132 -0.033879803813564917 0.014736980219685655 0.017171665451981646 -0.012528752047734602 -0.032708999041552507 -0.0085445507138585293
leaf_weight=16.931648373603821 25.523805543780327 4.6710397750139263 3.9898665398359325 14.112752124667169 5.1899819672107688 43.722824603319168 80.56074158847332 6.150104075670245 14.327750355005263 6067.9613261520863 10.496606916189192 8.098026126623159 5.3456859737634721 7.5838830173015603 12.589459076523779 5.9383179247379285 10.449266344308855 14.153831228613852 5.4383869171142578 14.188382416963575 6.2402514964342144 10.045601323246954 10.436317324638368 8.0068379491567594 10.076223835349085 7.0684103369712821 15.386933133006098 50.580155491828918 13.27737893164158 5.5089192837476721 6.4393679350614557 13.733970925211905 5.84256687760353 8.4814974367618543 5.7150585353374463 12.939395308494566 10.928869202733038 8.6517068892717344 8.6466169059276563 5.4865449666976911 5.6457148045301437 10.780784010887148 10.343792572617529 9.1361013948917371 10.456191658973694 6.0797472596168527 19.095685422420502 8.9752049297094363 9.8265346437692624 5.0271644592285165 7.3342337310314178 4.8134206384420377 5.0711997896432877 9.2231378406286222 11.663440093398096 11.06868854165077 9.426473140716551 6.8125135451555261 6.0794305950403205 30.82582426071167 666.44047012925148 14.238937824964522
leaf_count=89 96 22 17 66 27 216 421 29 74 23843 38 34 20 32 47 24 46 53 26 50 26 44 41 33 42 24 58 190 52 19 27 51 21 32 24 45 39 35 33 24 22 40 35 38 45 23 70 35 43 19 28 18 22 40 42 44 41 26 23 127 3316 67
internal_value=-5.31354e-05 -0.0329275 -0.0325391 -0.0176592 -0.0267323 -0.0329566 -0.0391882 -0.0270862 -0.0347551 0.0042761 0.00695574 0.00250485 -0.000346207 -0.00194965 0.00439241 -0.0055066 -0.0151286 -0.00442012 -0.0382865 0.0205706 0.0106022 -0.00835327 0.0186517 0.0129379 0.010304 0.00707031 0.00998106 0.019324 0.00252901 0.0179764 -0.00233274 0.0105226 0.00838473 -0.000944979 0.0169083 0.0224717 0.012284 0.0154216 -0.00336901 -0.00340377 -0.0149 0.027287 0.0380383 -0.00316747 -0.0102649 -0.00384244 0.0189724 -0.0115867 -0.018986 -0.00327544 -0.00029293 0.00580659 -0.00707275 -0.00623904 6.9405e-05 0.0172453 -0.0163201 -0.00482235 -0.0126058 -0.00763618 -0.0320473 -0.024439
internal_weight=7479.28 870.336 853.404 23.2926 19.3027 830.112 105.71 25.1489 18.9988 6608.94 540.984 259.808 223.197 212.701 109.972 48.5693 35.9798 24.6031 11.3767 36.6105 281.176 102.729 94.9032 61.4023 48.2548 186.273 136.03 66.3003 69.7299 18.7863 50.2425 19.9742 22.4221 16.5795 53.3955 40.3462 27.4068 59.2319 18.7228 16.4779 11.1323 46.6484 21.1246 50.9436 25.672 15.2158 29.532 30.2683 21.2931 11.4665 13.0493 25.2716 9.88462 92.6834 46.555 22.7321 23.8229 14.3964 46.1284 36.9053 724.402 57.9618
internal_count=30294 4344 4255 110 93 4145 546 125 96 25950 2107 1025 888 850 431 196 149 99 50 137 1082 419 357 235 186 725 524 249 275 71 201 77 87 66 202 150 105 225 75 66 46 171 75 204 106 61 111 124 89 46 52 98 40 375 185 86 99 58 190 150 3599 283
cat_boundaries=0 1 2 3 4 5 6 7 8
cat_threshold=2 1 2 10 42 24 33 2
is_linear=0
shrinkage=0.04


Tree=18
num_leaves=63
num_cat=21
split_feature=7 17 9 1 12 0 6 0 16 16 9 14 15 9 9 7 6 6 6 15 6 10 0 6 16 0 1 1 16 9 13 0 1 9 5 9 12 12 1 0 5 12 14 6 0 6 15 12 16 1 12 9 9 6 9 0 9 12 6 16 15 9
split_gain=618.7 3.9635 3.01519 2.94254 4.41311 4.45525 11.0765 4.55903 4.54278 3.92954 5.13677 3.49266 5.01753 10.393 3.29537 3.16251 3.06714 4.2283 3.07178 2.71939 7.38407 3.20196 3.28138 2.67048 2.53411 2.73932 2.30158 2.23715 5.3958 7.28676 5.1763 4.20692 3.61476 3.59878 3.74553 3.48704 7.47588 5.54525 4.58111 4.43423 5.65913 4.19637 5.18073 4.03705 5.46787 3.60688 3.46416 3.54194 3.32717 3.30216 7.32363 7.39295 5.10402 3.98031 4.02097 4.09312 3.49223 4.93509 5.31224 6.23658 5.4281 3.89481
threshold=2.5000000000000004 0 3.7500000000000004 22.500000000000004 1 12.500000000000002 2.5000000000000004 7.5000000000000009 2 3 4.7500000000000009 4 5 4.7500000000000009 4.9500000000000011 3.5000000000000004 1.0000000180025095e-35 3.5000000000000004 5.5000000000000009 6 1.0000000180025095e-35 1.5000000000000002 7.5000000000000009 4.5000000000000009 7 7.5000000000000009 17.500000000000004 12.500000000000002 8 4.1500000000000012 9 12.500000000000002 9.5000000000000018 4.9500000000000011 1.0000000180025095e-35 4.8500000000000005 10 11 8.5000000000000018 12.500000000000002 1.0000000180025095e-35 12 13 5.5000000000000009 1.0000000180025095e-35 3.5000000000000004 14 15 16 13.500000000000002 17 4.4500000000000011 4.2500000000000009 1.0000000180025095e-35 4.9500000000000011 12.500000000000002 4.7500000000000009 18 5.5000000000000009 19 20 4.8500000000000005
decision_type=2 9 10 2 1 8 2 10 9 9 8 9 1 8 10 2 2 2 2 1 2 2 10 2 9 8 2 2 9 8 9 8 2 10 2 8 1 1 2 10 2 1 9 2 10 2 1 1 9 2 1 8 10 2 8 10 10 1 2 9 1 10
left_child=1 -1 -3 11 19 6 7 8 -6 10 15 12 13 24 -15 23 -11 -18 -19 20 -5 -22 -23 -7 25 -2 -27 28 29 31 33 -13 46 34 -30 36 39 45 -38 41 -41 42 43 44 -31 -37 -32 -48 -29 50 -50 52 -52 -53 55 -55 -51 -58 59 60 61 -59
right_child=3 2 -4 4 5 9 -8 -9 -10 16 -12 27 -14 14 -16 -17 17 18 -20 -21 21 22 -24 -25 -26 26 -28 48 30 35 32 -33 -34 -35 -36 37 38 -39 -40 40 -42 -43 -44 -45 -46 -47 47 -49 49 56 51 53 -54 54 -56 -57 57 58 -60 -61 -62 -63
leaf_value=-0.051249112879195868 0.0015335479816002231 -0.040701272010981018 -0.030922414510262515 -0.037894933897930021 -0.010487001676369382 -0.0038104606003045382 -0.015917848997942182 -0.0045656532080478448 0.021466066448881941 0.042158319222859307 -0.011994679884498677 -0.054871025435210052 0.009722183595451071 -0.017280750325721492 0.0078368550285186269 0.026289000651419966 -0.0076131037512460059 0.036874371403279128 -0.00021390262455163282 0.0071231183730993391 -0.0042660425683373393 -0.00021421559678539814 0.029856022805531821 0.0184440396621629 0.0059662660102806561 0.017735437106031194 0.052410723440545766 0.020876096051986807 0.003389576803088672 -0.0089105766919343361 0.001612118155544118 -0.012407994274292669 0.0026296354296453071 -0.017261754572688689 -0.0070965946990051224 0.0028814228427956564 -0.017440662870265047 0.01165562285820902 -0.0025875055561547593 0.02885402440436145 -0.013770736804347664 -0.0090508093280952367 -0.0063373554170822622 0.043978707139202572 0.023548928348862679 -0.014905323951640927 0.012245744565886642 0.0046623548621870722 0.022777574547843699 0.0033293635121467357 0.0038786487925429039 0.019348689594397825 0.05091205703359053 0.0024430181979984296 -0.044685418130924845 -0.028402433164226821 0.0081189719036968318 0.00089076628584174109 0.011765825081672744 0.0094620443247835796 0.0021861511101526733 -0.014264742626357527
leaf_weight=16.657002836465836 6.05430540442467 53.884900718927383 791.35626627504826 8.174491733312605 9.2721244543790817 31.081264361739159 90.339281931519508 44.558876037597656 30.656247094273567 5.6939848959445944 37.381597056984901 5.671841278672221 377.17067521810532 45.283754497766495 10.248800978064535 11.129183828830717 12.285417780280115 10.096620559692381 5.5300059467554084 212.57206864655018 40.902311071753502 12.009472593665125 11.241301923990248 11.942074105143545 46.124886602163315 6.3671409934759122 5.9013672322034836 20.087075218558311 203.26140899956226 13.970147177577017 151.74156214296818 10.920762002468107 424.22539708018303 19.353376194834709 74.467258587479591 54.237626805901527 63.65559509396553 76.9637531042099 69.497022345662117 20.803641185164455 6.5535708963870993 36.552931219339371 27.938918873667717 6.8630047887563697 20.470046788454056 27.485397815704346 267.27150447666645 222.5985189974308 38.858475029468536 2146.5706313699484 8.1469165682792646 7.4480817168951026 6.7505373209714881 21.822507619857788 5.3752770423889151 10.054654285311701 752.59369795024395 45.20758917927742 102.34960544109344 135.43150717020035 352.40390242636204 67.851244181394577
leaf_count=89 24 286 3969 36 38 125 377 180 115 20 154 26 1455 189 40 41 50 36 22 828 165 48 41 45 180 24 20 75 802 57 600 45 1672 81 303 214 266 295 278 76 27 150 113 24 76 114 1024 872 142 8443 32 28 23 86 24 43 2919 179 393 524 1391 280
internal_value=-5.17929e-05 -0.0319266 -0.0315458 0.00410605 0.00139731 -0.00199038 -0.00618107 0.00423013 0.014046 0.00370515 -0.000589715 0.0043691 0.00758044 3.44512e-05 -0.0126452 0.00728316 0.0154033 0.00994529 0.0237494 0.00486332 -0.00183675 0.00247154 0.0143242 0.00236677 0.0109654 0.0235501 0.0344149 0.00408016 0.00292439 -0.000918312 0.00416943 -0.0269231 0.00544335 -0.000565214 0.000577925 9.69717e-05 -0.00269994 0.00479069 -0.0090115 0.00398885 0.018643 0.000576503 0.00608682 0.0159647 0.0103822 -0.00276263 0.00738858 0.00896204 0.00464066 0.00455254 0.0117799 0.000674345 0.0251911 -0.00734555 -0.0126827 -0.00728622 0.00435501 0.00586729 0.00329529 0.00190735 -0.000290768 -0.00753795
internal_weight=7469.37 861.898 845.241 6607.47 584.866 299.967 174.827 84.4872 39.9284 125.14 91.5341 6022.61 497.151 119.98 55.5326 54.1525 33.606 27.912 15.6266 284.9 72.3276 64.1531 23.2508 43.0233 64.4477 18.3228 12.2685 5525.45 1804.5 441.584 1362.92 16.5926 1065.84 297.082 277.729 424.992 266.305 158.687 133.153 133.152 27.3572 105.795 69.2421 41.3032 34.4402 81.723 641.612 489.87 3720.95 3700.86 98.4564 59.598 14.8975 44.7005 37.2524 31.8772 3602.41 1455.84 703.244 600.894 465.463 113.059
internal_count=30294 4344 4255 25950 2321 1203 710 333 153 493 365 23629 1932 477 229 211 128 108 58 1118 290 254 89 170 248 68 44 21697 7115 1761 5354 71 4168 1186 1105 1690 1067 623 544 523 103 420 270 157 133 328 2496 1896 14582 14507 378 236 55 181 153 129 14129 5686 2767 2374 1850 459
cat_boundaries=0 1 2 3 4 5 6 7 8 9 10 11 12 13 14 15 16 17 18 19 20 21
cat_threshold=2 52 4 1 2 4 2 4 4 10 56 25 48 4 1 102 2 24 26 1 8
is_linear=0
shrinkage=0.04


Tree=19
num_leaves=63
num_cat=12
split_feature=7 17 8 1 9 9 1 12 0 6 8 8 10 0 16 8 8 8 8 14 15 9 8 8 0 1 9 16 10 6 9 14 8 14 8 0 8 16 8 15 6 14 9 0 8 8 6 8 3 8 8 5 0 9 6 8 6 1 14 9 1 8
split_gain=575.593 3.80931 2.96025 4.3206 4.77307 3.42305 2.71126 4.07988 4.10671 10.2079 4.98063 6.20068 8.20825 4.20342 4.18967 3.98423 4.65799 3.67574 3.30541 3.23073 4.63785 9.58027 3.41112 4.76223 3.50366 3.92997 3.02835 3.9087 3.39645 4.23318 3.01276 4.463 3.21573 2.64655 2.58368 5.14391 9.34043 2.67612 2.57916 2.57762 3.61531 6.00804 4.10832 2.89519 3.52139 2.50989 3.08909 2.48681 2.46647 2.42741 4.31964 2.39334 2.33394 2.28765 5.81802 3.24043 3.46955 2.72537 2.97033 2.2794 2.27383 4.54828
threshold=2.5000000000000004 0 37.500000000000007 14.500000000000002 4.2500000000000009 3.1500000000000008 22.500000000000004 1 12.500000000000002 2.5000000000000004 33.500000000000007 38.500000000000007 1.5000000000000002 7.5000000000000009 2 25.500000000000004 28.500000000000004 22.500000000000004 21.500000000000004 3 4 4.7500000000000009 36.500000000000007 34.500000000000007 12.500000000000002 13.500000000000002 4.5500000000000007 5 1.5000000000000002 4.5000000000000009 4.7500000000000009 6 36.500000000000007 7 32.500000000000007 7.5000000000000009 26.500000000000004 8 30.500000000000004 9 1.0000000180025095e-35 10 4.7500000000000009 12.500000000000002 26.500000000000004 25.500000000000004 1.5000000000000002 25.500000000000004 1.0000000180025095e-35 29.500000000000004 25.500000000000004 1.0000000180025095e-35 7.5000000000000009 4.9500000000000011 1.0000000180025095e-35 27.500000000000004 2.5000000000000004 13.500000000000002 11 4.8500000000000005 19.500000000000004 35.500000000000007
decision_type=2 9 8 2 8 10 2 1 8 2 8 10 2 8 9 10 10 8 8 9 1 8 10 10 8 2 10 9 2 2 10 9 10 9 10 8 10 9 8 1 2 9 8 8 10 10 2 10 2 10 10 2 10 10 2 10 2 2 9 10 2 10
left_child=1 -1 5 4 -4 -3 19 39 9 13 26 12 33 14 -9 17 -17 18 -11 20 21 34 23 24 38 59 -10 28 29 45 31 -18 -32 -12 35 36 -2 -37 -23 -8 42 43 -41 44 -42 46 -28 -45 -39 50 -16 -43 -33 -7 -55 56 -56 -58 -59 -26 61 -36
right_child=6 2 3 -5 -6 53 7 8 10 15 11 -13 -14 -15 49 16 30 -19 -20 -21 -22 22 -24 -25 25 -27 27 -29 -30 -31 32 52 -34 -35 60 37 -38 48 -40 40 41 51 -44 47 -46 -47 -48 -49 -50 -51 -52 -53 -54 54 55 -57 57 58 -60 -61 -62 -63
leaf_value=-0.05006793866580788 0.011082865079133766 -0.059062673018585851 0.0071441207613109452 -0.044697478418706804 -0.03265876755617169 -0.030117460426353979 0.0083933772066986621 -0.010065005474457931 0.025373692540028334 -0.032063728088039881 -0.053105362136797923 0.030116855925781259 0.014222364095186004 -0.0043826955823609137 0.024654917206837452 0.01123894293666732 -0.023194644268301458 -0.044331755247652968 0.0046022313321020117 0.003921798707714242 0.0093491181132956819 -0.0088299190998015597 0.013824650017399865 -0.051081857028664732 -0.021071541927571668 -0.048562702112528035 0.030923535624283158 0.019729862770512092 -0.015257840602660871 0.028735003405586892 -0.041822936047714525 -0.013297594850126868 -0.0041752700058648555 -0.020811871652988079 0.032283157709183968 0.034298692784439221 -0.05966551441168999 0.019876885472511683 0.022459450105921996 -0.0016577556849261513 -0.01137724985730228 -0.007631155110919636 -0.041430285438196053 0.051055011853098436 0.020159128453621139 -0.016572466363889999 -0.010338639483930757 0.015903844482755839 -0.0076944032163498415 0.031777833528328733 -0.020314071253409342 0.0061519601697288444 0.018025684221884358 -0.054331394202609844 -0.030380011349608022 -0.027210591837575484 -0.021410490217851554 -0.0091231802772412524 0.027290616632992992 0.011150930248812732 0.036876711931248751 -0.012459696773091318
leaf_weight=16.373717024922371 7.5345286279916746 6.2746635377407065 5.3014488518238059 54.598699912428856 53.130698040127754 650.20604079961777 142.47953826189041 9.2743939459323883 14.893502712249754 8.5025392025709152 5.2625384628772736 5.7727231532335272 10.689334735274313 44.562174901366234 9.9824166446924227 13.405939802527426 16.213487014174461 12.180040121078489 7.3211230635643014 5524.2418405562639 376.9362299144268 13.24057573080063 7.0683010369539252 5.4677699953317633 12.268824815750127 6.4011809378862372 5.781753286719324 21.552715823054314 16.851804822683334 9.8630218654870969 10.964473009109499 6.0422450751066217 5.4268753677606574 17.775158822536472 7.7579773366451281 7.531812384724617 4.945560559630394 10.674588218331341 6.1835699379444113 11.477106004953386 9.0305406451225299 55.454783260822296 6.513887181878089 5.8804537504911405 15.201470911502836 10.816894784569739 5.8304301053285599 7.1181900799274445 10.106417551636696 15.457734227180479 5.1971391439437857 31.668230503797531 10.284013345837593 8.0347910076379758 8.3141110241413134 30.369014203548431 6.4509136676788357 6.865523636341095 7.4992330521345121 4.9215903133153907 9.0047277212142927 6.8402398377656937
leaf_count=89 29 35 25 287 278 3294 552 38 55 37 24 21 41 180 37 52 69 55 29 21697 1455 54 27 25 52 29 21 81 70 36 49 25 22 75 28 27 23 40 23 46 37 226 29 20 57 45 24 27 41 56 22 124 39 43 42 153 32 33 33 19 32 28
internal_value=-4.66496e-05 -0.0309605 -0.0305867 -0.0366071 -0.0290475 -0.0296468 0.00394715 0.00134673 -0.00191098 -0.00593418 0.00355871 -0.00819042 -0.0147471 0.00406167 0.01349 -0.0152809 -0.00965066 -0.0278139 -0.0150995 0.00419968 0.00728913 3.33838e-05 -0.012135 -0.0159196 -0.0114501 -0.0218087 0.00898092 0.00552749 -0.00070115 0.00689534 -0.0153739 -0.00832941 -0.0293585 -0.0281887 0.0105358 0.00444123 -0.016953 0.0138717 0.00113088 0.00467973 0.000655606 0.00312638 -0.0160579 0.0165761 0.00840647 -0.0027085 0.010206 0.0318059 0.00646815 0.0206204 0.00925855 -0.00262115 0.00643314 -0.0293897 -0.0223826 -0.0180682 -0.00853686 0.00018765 0.00988693 -0.0118463 0.021069 0.0113181
internal_weight=7459.27 853.419 837.045 113.031 58.4321 724.014 6605.85 584.729 299.904 174.815 125.09 39.4998 33.727 84.4739 39.9117 90.3407 62.337 28.0037 15.8237 6021.13 496.884 119.948 55.5518 48.4835 43.0157 23.5916 85.5901 70.6966 49.1439 32.2921 48.9311 32.5397 16.3913 23.0377 64.3959 40.7929 12.4801 28.3128 19.4241 284.824 142.345 124.354 17.991 37.2307 24.232 22.4291 11.6122 12.9986 20.781 30.6373 15.1796 87.123 16.3263 717.74 67.5336 59.4988 29.1298 20.8157 14.3648 17.1904 23.6029 14.5982
internal_count=30294 4344 4255 590 303 3665 25950 2321 1203 710 493 161 140 333 153 377 256 121 66 23629 1932 477 229 202 177 100 332 277 196 126 204 133 71 99 248 160 52 108 77 1118 566 491 75 141 94 90 45 47 81 115 59 350 64 3630 336 293 140 98 66 71 88 56
cat_boundaries=0 1 2 3 4 5 6 7 8 9 10 11 12
cat_threshold=2 52 4 2 4 1 4 8 4 12 8 8
is_linear=0
shrinkage=0.04


Tree=20
num_leaves=63
num_cat=10
split_feature=6 9 9 15 13 6 16 0 5 6 12 12 9 2 10 3 4 8 8 14 1 8 8 9 0 9 10 9 8 0 1 1 10 1 9 8 10 0 11 8 0 11 8 12 8 1 8 6 8 5 15 9 8 0 12 9 0 1 8 8 6 12
split_gain=3.8181 4.88577 4.64359 4.63204 5.51944 5.24772 4.56133 3.99682 3.69137 5.40827 5.11485 5.00067 5.40408 4.78947 4.62583 4.47597 3.87458 8.77843 3.80389 6.34255 6.78801 5.25398 9.39439 6.49353 4.37594 4.32464 6.54864 3.89292 7.07887 5.41092 3.74536 5.52148 8.70076 5.4148 3.80851 3.68258 4.94666 5.27682 6.28561 3.66031 3.46846 3.45666 4.92312 6.07915 5.36973 4.33847 4.13787 7.96099 3.96858 4.11894 4.53465 5.00863 4.29594 6.49571 5.61245 6.46259 6.96311 5.52928 4.54282 4.24549 5.76797 3.91154
threshold=1.5000000000000002 4.4500000000000011 4.5500000000000007 0 1 1.0000000180025095e-35 2 1.0000000180025095e-35 1.0000000180025095e-35 3.5000000000000004 3 4 4.9500000000000011 1.0000000180025095e-35 1.0000000180025095e-35 1.0000000180025095e-35 1.0000000180025095e-35 38.500000000000007 33.500000000000007 5 18.500000000000004 36.500000000000007 37.500000000000007 4.9500000000000011 7.5000000000000009 4.6500000000000012 1.0000000180025095e-35 4.8500000000000005 38.500000000000007 7.5000000000000009 20.500000000000004 19.500000000000004 1.5000000000000002 17.500000000000004 4.9500000000000011 21.500000000000004 1.0000000180025095e-35 1.0000000180025095e-35 1.0000000180025095e-35 30.500000000000004 12.500000000000002 1.0000000180025095e-35 36.500000000000007 6 38.500000000000007 21.500000000000004 35.500000000000007 4.5000000000000009 29.500000000000004 1.0000000180025095e-35 7 3.1500000000000008 26.500000000000004 7.5000000000000009 8 3.9500000000000006 12.500000000000002 17.500000000000004 23.500000000000004 28.500000000000004 5.5000000000000009 9
decision_type=2 8 10 1 9 2 9 10 2 2 1 1 10 2 2 2 2 10 10 9 2 10 10 10 8 10 2 10 8 10 2 2 2 2 8 10 2 10 8 8 8 8 10 1 10 2 10 2 10 2 1 8 10 8 1 10 10 2 10 10 2 1
left_child=1 3 41 -1 5 7 -7 -5 9 10 14 12 13 -11 -4 -14 -12 -18 24 -20 21 23 -23 -21 25 39 -27 28 -22 -29 31 33 -33 34 -16 36 -10 -38 40 -13 -39 42 46 44 -44 -45 61 -48 49 50 -43 -52 54 -54 55 -51 -57 -56 -59 -55 -61 -2
right_child=2 -3 8 4 -6 6 -8 -9 35 11 16 18 15 -15 30 -17 17 -19 19 20 27 22 -24 -25 -26 26 -28 29 -30 -31 -32 32 -34 -35 -36 -37 37 38 -40 -41 -42 48 43 45 -46 -47 47 -49 -50 52 51 -53 53 59 57 56 -58 58 -60 60 -62 -63
leaf_value=0.013236887103306337 -0.0030404847388025209 0.00040103737044696616 -0.014662364096178807 -0.0079225459530690469 -0.0011518039710881911 -0.030078215578500853 0.007535888103581875 0.026671284849609227 0.017789625447347936 -0.012289336373017401 0.0027724069288468829 -0.013468756742881621 0.037377271823313615 -0.044371147056586659 -0.011528281897207062 -0.010260907533001538 -0.0033585945344431207 0.0250989978070821 0.016313534761441335 -0.019400734238617282 -0.0063440268127570266 0.032462954360377508 -0.0060678218948019289 0.023752792456426256 0.0018758491593017222 0.012007692648704786 -0.010474657460549281 -0.008111171560236715 -0.053797329726360567 -0.048205131309865125 0.0066431521106102903 0.0010392328301908227 -0.056249362028125686 0.012944749088164755 0.015783292317150137 0.00090284831698519822 -0.015144242615382353 -0.013783848917934136 0.016046868256053302 -0.05010476943752442 0.013259886661913776 0.0043416696195048444 -0.0076209442448906851 -0.035669996927838378 0.029596514037612123 0.0024542717369497595 -0.0043301713788255454 0.049024079964166731 -0.001625143118263868 -0.006918754594178224 -0.03716238032811045 -0.005365596841944693 0.0036282001882095051 -0.045057460457643687 -0.0083904528437917774 -0.025487605287570551 -0.078852938620643021 -0.0017141939616379864 0.02716020604908748 -0.03984298205149759 0.016795746134661026 0.0053722947722291735
leaf_weight=84.085544019937515 163.56475722789764 1714.5809442996979 60.574754387140274 6.2490015327930442 193.50185020267963 6.2665973156690598 29.167635083198547 36.883032321929932 49.871761828660965 100.10182961821556 931.39088666439056 18.723600178956989 6.1604941785335523 8.0437044203281385 63.358851224184036 6.4699293673038483 364.9564119130373 18.2089833766222 16.430893868207932 35.512165814638138 38.818912029266357 15.332292020320891 29.807510271668434 6.6190336644649497 353.70918184518814 30.820712253451347 63.311834290623665 8.7392650991678256 5.7785379588603965 14.034207984805105 56.411679834127426 8.6668564081192017 8.3075884282588959 27.085870519280434 9.3784690797328931 1300.933111473918 21.559516966342926 25.528548315167427 50.778886616230011 5.6891707181930533 10.797239765524862 82.447562411427498 16.025928378105167 21.437675312161449 10.119209900498388 6.1448256224393836 9.4021380692720431 8.5377072691917402 674.33937022089958 20.019090741872787 8.2062955200672132 232.336051851511 10.92393137514591 17.398595720529556 71.320620954036713 15.836753502488138 5.1954552233219138 19.88366562128067 15.525037899613379 6.2571004033088702 5.3252368867397308 172.28913716971874
leaf_count=327 673 6943 256 26 787 28 116 137 191 430 3738 80 23 38 264 27 1493 69 65 155 164 57 126 26 1446 123 272 37 27 66 224 35 39 106 36 5264 91 107 195 27 42 333 67 96 38 25 39 30 2765 84 37 963 44 79 298 69 26 81 58 28 21 692
internal_value=-0.000172375 0.00128657 -0.000735542 0.00554966 0.00259204 0.0109017 0.000883777 0.0216593 2.91524e-05 -0.000964959 0.000393969 -0.00371862 -0.0108829 -0.0146755 -0.00493668 0.0129746 0.00136912 -0.00200622 -0.00217072 -0.00731487 -0.00982542 -0.00246218 0.00701963 -0.0126211 -0.000353236 -0.00700426 -0.00311353 -0.0193636 -0.0124926 -0.0328192 -0.00182042 -0.00590821 -0.0269988 -0.00232186 -0.00800683 0.00160426 0.00736002 0.00257332 0.00695865 -0.0220064 -0.00574555 -0.00254672 0.000631109 -0.0106508 0.0049069 -0.0199455 0.00234439 0.0210615 -0.00363956 -0.00629956 -0.00356113 -0.00619291 -0.0110122 -0.022658 -0.00786746 -0.0186445 -0.0386701 -0.00180617 0.0109459 -0.0325661 -0.0138021 0.0013446
internal_weight=7435.18 2070.73 5364.45 356.154 272.068 78.5663 35.4342 43.132 3771.91 2312.44 1548.34 764.103 120.776 108.146 233.784 12.6304 1314.56 383.165 643.327 171.073 154.642 87.271 45.1398 42.1312 472.254 118.545 94.1325 67.3709 44.5974 22.7735 173.209 116.798 16.9744 99.8232 72.7373 1459.47 158.536 108.664 87.1047 24.4128 36.3258 1592.54 407.521 53.7276 26.1451 27.5825 353.794 17.9398 1185.01 510.675 322.99 240.542 187.685 39.9049 147.781 41.0513 21.0322 106.729 35.4087 28.9809 11.5823 335.854
internal_count=30249 8364 21885 1421 1094 307 144 163 15339 9449 6260 3189 518 468 960 50 5300 1562 2671 723 658 364 183 181 1948 502 395 294 191 103 704 480 74 406 300 5890 626 435 344 107 149 6546 1660 226 105 121 1434 69 4886 2121 1333 1000 788 172 616 179 95 437 139 128 49 1365
cat_boundaries=0 1 2 3 4 5 6 7 8 9 10
cat_threshold=8 4 4 4 32 2 92 2 18 37
is_linear=0
shrinkage=0.04


Tree=21
num_leaves=63
num_cat=17
split_feature=6 9 9 0 9 13 14 15 13 6 16 6 14 1 9 9 0 1 9 12 16 16 9 14 1 12 9 6 9 10 1 1 0 12 15 13 1 6 17 1 9 1 15 9 0 1 14 9 11 9 9 0 10 10 9 1 10 9 3 0 9 11
split_gain=3.52581 4.52913 4.39534 5.05806 5.63958 5.22929 5.7892 4.32141 5.09293 4.84493 4.20768 4.12965 6.07193 4.19126 4.09178 4.93947 3.69068 2.88546 2.97443 2.84902 2.72185 4.76165 4.15499 5.05918 4.09051 5.38551 3.01055 8.47065 2.86764 3.50818 2.69863 8.55115 3.39023 2.61413 3.30349 5.74549 6.39498 5.05997 4.16923 4.0566 3.58047 3.10396 3.01544 4.73394 5.23455 4.71757 3.76972 4.36549 3.66991 2.88901 2.84792 2.74853 4.17337 7.6401 4.44927 2.88898 5.84634 2.9436 2.85427 2.74467 3.4635 4.99615
threshold=1.5000000000000002 4.4500000000000011 4.0500000000000007 12.500000000000002 3.5500000000000003 0 1 2 3 1.0000000180025095e-35 4 2.5000000000000004 5 19.500000000000004 3.1500000000000008 2.6500000000000008 1.0000000180025095e-35 8.5000000000000018 3.9500000000000006 6 7 8 4.8500000000000005 9 20.500000000000004 10 4.9500000000000011 1.0000000180025095e-35 4.8500000000000005 1.5000000000000002 15.500000000000002 19.500000000000004 12.500000000000002 11 12 13 16.500000000000004 1.0000000180025095e-35 14 8.5000000000000018 4.8500000000000005 13.500000000000002 15 4.8500000000000005 7.5000000000000009 17.500000000000004 16 4.8500000000000005 1.5000000000000002 4.6500000000000012 4.5500000000000007 12.500000000000002 1.5000000000000002 1.0000000180025095e-35 4.6500000000000012 21.500000000000004 1.5000000000000002 4.7500000000000009 1.0000000180025095e-35 7.5000000000000009 4.8500000000000005 1.0000000180025095e-35
decision_type=2 8 10 8 8 9 9 1 9 2 9 2 9 2 10 10 10 2 10 1 9 9 10 9 2 1 10 2 8 2 2 2 8 1 1 9 2 2 9 2 10 2 1 8 8 2 9 8 8 10 10 8 2 2 8 2 2 10 2 8 10 10
left_child=1 7 3 -2 14 6 -6 -1 9 16 -11 -8 -13 -14 15 -5 -9 18 19 -7 33 24 30 -24 25 26 28 -28 -22 -30 -23 -32 -33 42 38 39 37 40 -35 59 49 -39 43 48 -45 -46 47 -44 -3 -37 -48 55 53 -53 -55 -41 57 -57 -59 -36 61 -61
right_child=2 20 -4 4 5 17 11 8 -10 10 -12 12 13 -15 -16 -17 -18 -19 -20 -21 21 22 23 -25 -26 -27 27 -29 29 -31 31 32 -34 34 35 36 -38 41 -40 51 -42 -43 46 44 45 -47 50 -49 -50 -51 -52 52 -54 54 -56 56 -58 58 -60 60 -62 -63
leaf_value=0.012768122354270833 -0.0096580852138810867 -0.00072329573566026393 -0.00032891947927773702 0.018821992194097213 -0.043193042977802687 -0.0077689790290032795 0.0053551001893567107 -0.0076053893685598915 -0.0011079746915115261 -0.028908570568054532 0.0072351949464719706 -0.020671113378494862 -0.0082606248523924095 0.023070215502036012 0.025683681537483238 -0.035722663099099307 0.025639973865563204 -0.0089158718421666373 0.027611676384047181 0.0048432368003936393 0.0041629562050576625 0.020183930690111977 0.055918307718802282 0.0097176397246929429 0.008356827279659888 -0.0048783675310838312 -0.046592845385559627 0.017328628170581683 0.027508267554075976 -0.0020350599442095709 -0.03828967599776003 -0.0014205171458675113 0.039250578145514844 0.0012457468991423661 -0.050402806804837372 0.023526014371709453 -0.0053843979411821287 -0.0070210213310298213 -0.028071046252595946 -0.027958431791676668 0.037721173591027196 0.014901724095611038 0.0011334141988733396 0.01090751398015411 -0.012294674877958956 -0.047218462169191171 -0.0068355336833013994 0.031795850342002677 0.032539402058204214 -0.00047612564056337582 0.0042421336016040126 0.01409117323722766 0.013026340872639292 0.0017426816442390211 -0.04444528020921186 -0.00940341385636243 -0.027972634037348409 0.0371875559984403 -0.00063798842295336399 -0.05443098070551658 0.00014989639317521033 -0.013895761647582369
leaf_weight=84.053506955504417 178.28399352729321 69.639959186315536 4839.8392621576786 6.1191428005695361 7.810070127248764 27.471740826964378 29.211567878723145 6.2492064386606208 193.50563234090805 6.2594780623912811 29.164702892303467 51.05839516222477 21.62923322618008 9.9854565858840925 20.00388577580452 4.6942790746688843 36.832906410098076 36.129332318902016 7.8508425056934348 123.84780684113503 76.803770944476128 14.566597223281859 7.3622004091739655 7.8208728432655317 106.31624785065651 187.01547329127789 6.100668787956236 7.2694291472434998 21.426012888550758 9.1892530173063296 6.967387571930888 7.484870865941045 5.8362539410591134 398.63013887405396 4.9822160005569449 15.399829894304274 174.50796996057034 37.103891894221306 7.9155644923448554 15.65251739323139 10.712986826896666 14.322250247001646 13.911318421363832 8.8556075841188413 17.714260384440426 9.5116086155176145 43.661039516329765 15.943675622344015 5.7449513226747504 16.751420810818672 248.31889320909977 11.270889446139336 20.99405001103878 4.9523092210292807 10.23041458427906 13.788445621728899 14.757137864828108 6.0495243817567808 6.7570322006940842 7.3757517486810693 10.666752383112906 14.292493686079979
leaf_count=327 751 282 19708 23 37 116 118 26 787 28 116 224 91 39 76 21 137 151 29 501 306 56 25 31 421 767 28 28 80 38 31 30 21 1614 23 58 721 153 35 69 39 56 56 35 74 44 181 59 21 67 992 44 82 20 47 58 65 22 27 34 43 60
internal_value=-0.000164496 0.00123751 -0.000705714 -0.00418527 -0.00136375 -0.00296151 -0.00913413 0.00534265 0.0024873 0.010473 0.000848566 -0.00757304 -0.0121411 0.00163518 0.0149674 -0.00485671 0.0208176 0.00122645 0.00360566 0.00236017 0.000384997 0.00300081 0.014656 0.0321201 0.00159252 -0.00074388 0.0055979 -0.0118382 0.00828924 0.0186408 0.0070485 -0.00238239 0.0163983 -0.000586004 -0.00190622 -0.00440132 -0.000818778 0.00754421 0.000658737 -0.0106924 0.0176937 -0.000915507 0.00190369 -0.00357099 -0.0158065 -0.0244956 0.0038503 0.0175083 0.0018116 0.0110204 0.00258564 -0.00740228 -0.000290165 -0.0108584 -0.0293797 -0.013322 -0.0077819 0.00342161 0.0172299 -0.0227668 -0.0185086 -0.0276937
internal_weight=7434.57 2070.64 5363.94 524.096 345.812 314.994 119.695 356.065 272.012 78.5063 35.4242 111.885 82.6731 31.6147 30.8173 10.8134 43.0821 195.3 159.17 151.32 1714.57 464.159 50.0382 15.1831 414.121 307.805 120.789 13.3701 107.419 30.6153 34.8551 20.2885 13.3211 1250.41 817.114 410.568 268.798 94.2904 406.546 141.77 42.8642 51.4261 433.301 111.466 36.0815 27.2259 321.835 29.855 75.3849 32.1513 291.98 104.452 47.4477 26.4536 15.1827 57.0047 41.3521 26.595 12.8066 37.3172 32.335 21.6682
internal_count=30249 8364 21885 2177 1426 1306 509 1421 1094 307 144 472 354 130 120 44 163 797 646 617 6943 1862 194 56 1668 1247 480 56 424 118 138 82 51 5081 3337 1688 1094 373 1649 594 164 209 1744 456 153 118 1288 115 303 125 1173 434 193 111 67 241 172 107 49 160 137 94
cat_boundaries=0 1 2 3 4 5 6 7 8 9 10 11 12 13 14 15 16 17
cat_threshold=3 2 8 4 4 4 10 1 4 4 17 74 6 4 1 4 2
is_linear=0
shrinkage=0.04


Tree=22
num_leaves=63
num_cat=9
split_feature=7 9 8 15 10 0 17 8 12 11 6 9 4 8 12 8 8 8 6 6 9 9 9 8 1 8 7 12 1 1 1 1 9 10 9 11 8 6 9 11 6 16 16 8 7 1 8 9 3 8 9 8 9 14 8 9 1 14 9 8 6 6
split_gain=530.875 2.94071 2.92965 2.36799 7.29538 4.04007 4.49982 4.43044 4.38204 5.9737 4.67755 4.50698 5.33215 6.68528 3.87238 6.89587 3.71536 5.42358 4.74801 3.45534 4.25837 3.41309 5.85957 5.24191 5.15694 4.67169 4.50167 4.10444 10.5698 4.23176 6.6978 3.95278 3.62325 3.5155 3.4715 3.04041 2.97837 2.88719 4.09215 3.81097 4.05941 2.84682 2.84599 4.84916 5.17329 3.84734 3.26414 2.93673 2.84469 9.58666 7.41701 6.49514 5.29805 5.38945 7.31623 3.27342 4.27916 3.48049 3.40714 3.26262 3.0176 2.98811
threshold=2.5000000000000004 3.9500000000000006 44.500000000000007 0 1.5000000000000002 12.500000000000002 1 38.500000000000007 2 1.5000000000000002 2.5000000000000004 3.9500000000000006 1.0000000180025095e-35 38.500000000000007 3 36.500000000000007 24.500000000000004 28.500000000000004 1.5000000000000002 5.5000000000000009 4.0500000000000007 4.1500000000000012 4.4500000000000011 37.500000000000007 13.500000000000002 33.500000000000007 3.5000000000000004 4 21.500000000000004 10.500000000000002 1.0000000180025095e-35 19.500000000000004 4.2500000000000009 1.0000000180025095e-35 4.3500000000000005 1.5000000000000002 30.500000000000004 3.5000000000000004 4.4500000000000011 1.0000000180025095e-35 1.5000000000000002 5 6 32.500000000000007 3.5000000000000004 18.500000000000004 27.500000000000004 4.7500000000000009 1.0000000180025095e-35 26.500000000000004 4.9500000000000011 25.500000000000004 4.6500000000000012 7 34.500000000000007 4.3500000000000005 20.500000000000004 8 3.7500000000000004 38.500000000000007 2.5000000000000004 1.5000000000000002
decision_type=2 10 10 1 2 10 9 10 1 10 2 10 2 8 1 10 8 10 2 2 10 8 8 10 2 10 2 1 2 2 2 2 10 2 10 10 10 2 10 10 2 9 9 10 2 2 10 10 2 10 10 8 8 9 10 10 2 9 10 10 2 2
left_child=1 -1 3 4 5 6 8 14 9 11 -11 -2 13 -13 15 16 18 -18 -7 48 -21 23 25 24 -10 31 36 28 29 30 33 32 -23 -24 -34 -8 -26 38 -19 -40 -41 -5 43 44 46 -45 -22 -44 52 50 51 -50 53 54 -6 58 57 -57 -51 -54 -59 -55
right_child=2 -3 -4 41 19 7 35 -9 21 10 -12 12 -14 -15 -16 -17 17 37 -20 20 42 22 27 -25 26 -27 -28 -29 -30 -31 -32 -33 34 -35 -36 -37 -38 -39 39 40 -42 -43 47 45 -46 -47 -48 -49 49 55 -52 -53 59 61 -56 56 -58 60 -60 -61 -62 -63
leaf_value=-0.038422707436034827 0.022652438476718811 -0.029378308948048788 0.028098176769480163 0.019119850308143505 0.021589834274925647 0.013435474728455131 0.028314075338017348 0.028832989269582526 0.0083590020957728176 -0.0053381297986408813 -0.049381901639730795 0.0030260621469820116 -0.012050428802002466 -0.036076431393124726 0.0090684677503804871 -0.032578372901848944 0.024768880882439667 0.022915041622045572 -0.024008748660475424 -0.027875541777658254 0.0089584131716427019 0.058359079443732219 -0.032892919251591747 0.026146000950594522 -0.054460761216967732 0.0029852164420260036 0.00806985289076282 0.0046147321429505289 0.020727004891260004 -0.0057920362111170045 -0.056867266617117614 0.0038809052582766857 0.0049446336710884152 0.0072558215358399982 0.043991779457506583 -0.0032144745655426159 -0.020671860826808431 0.012910344517452247 -0.045969832073646251 0.02118234479163646 -0.022605400790439593 0.0031173147749828083 -0.00010614241057962613 0.03158861286388652 -0.038681182253476047 -0.0030793211589461925 -0.021089257774170291 0.033044448525782436 -0.0055959481937966887 0.025151672524514113 0.033319494136509656 -0.041844504982398605 0.0094735015514817392 0.024964495690072946 0.066420397129494158 0.044391868067950931 0.0081086891896073009 0.0046478639775700548 -0.0099982970588781157 -0.014306557511240435 0.030731662003522821 0.0086687501118506514
leaf_weight=62.092184573411942 11.537775561213492 781.00965438783169 7.8427686393260947 17.851761922240257 21.173471018671993 8.3731458187103289 16.383070364594463 14.257083252072333 10.546103358268736 7.6969023048877698 7.73543581366539 147.93306839466095 71.083982527256012 7.3429353535175315 186.11644312739372 9.9404371827840787 20.268296808004379 5.1250028610229519 15.353768572211264 7.4613600671291342 16.805222511291507 7.4984411746263566 6.2197000980377215 5.9795290380716315 7.4201273918151918 23.144374459981918 4.9009424746036521 330.07606354355812 20.321605324745178 54.758666679263115 7.6226827204227439 8.6627054661512357 7.4099826812744123 7.9494524300098419 7.1660864502191544 6.978232890367507 9.5409990996122342 15.688005492091177 5.3684122860431698 5.3483614176511756 9.239512696862219 4902.9787372797728 7.8169036805629757 10.496864378452303 7.7498454749584189 10.002374216914175 8.8206616640090925 9.4379592686891538 42.680652722716331 5.9657623916864422 6.3946201503276816 9.7080984711647016 201.63692453503609 26.575922265648842 8.0347375124692899 11.488912537693977 48.244477644562721 13.552153006196024 16.943722322583199 9.6741347163915616 14.897186458110808 55.81824554502964
leaf_count=339 43 4000 29 67 79 32 60 52 41 31 35 582 292 32 719 43 75 19 65 32 65 25 27 22 34 91 19 1294 76 221 35 34 29 31 25 28 40 60 24 20 39 19307 31 38 34 40 37 34 172 22 23 43 779 98 26 40 187 53 69 40 54 216
internal_value=-0.000157714 -0.0300444 0.00366528 0.00363617 0.00497032 0.00308255 0.00160044 0.00708023 0.00107743 -0.00317307 -0.027415 -0.00173388 -0.00297687 0.00117692 0.00597586 -0.000958194 0.0026369 0.00785816 -0.0107948 0.00866179 0.000872714 0.00315168 0.00412873 -0.00826542 -0.0146146 0.0165585 -0.0256968 0.00256007 -0.00445714 -0.0117249 -0.0266332 0.0267789 0.0357648 -0.0103679 0.0241415 0.0188962 -0.0354538 -0.000548939 -0.00896754 -0.0171553 -0.00655147 0.00316893 0.00388834 -0.000639729 -0.0100446 0.0146728 -0.00138427 0.0180264 0.00990401 0.00571391 -0.00734908 -0.0123131 0.0121083 0.0191585 0.033922 0.0126261 0.0161258 0.0258103 -0.000845042 0.00838482 0.0183064 0.0139249
internal_weight=7434.14 843.102 6591.04 6583.2 1662.37 1090.99 795.909 295.078 772.548 253.33 15.4323 237.898 226.36 155.276 280.821 94.7049 84.7645 61.0376 23.7269 571.38 78.5912 519.217 480.83 38.3877 32.4082 53.8816 21.8621 426.948 96.8721 76.5505 21.7918 30.7372 22.0745 14.1692 14.5761 23.3613 16.9611 40.7693 25.0813 19.9563 14.5879 4920.83 71.1298 53.875 33.3757 20.4992 25.6259 17.2549 492.789 169.876 58.7834 52.3888 322.913 111.602 29.2082 111.092 88.1827 39.9383 22.9095 211.311 28.4493 82.3942
internal_count=30249 4339 25910 25881 6507 4295 3147 1148 3059 1015 66 949 906 614 1096 377 334 237 97 2212 311 2044 1888 156 134 204 93 1684 390 314 93 113 79 58 54 88 74 162 102 83 59 19374 279 214 136 78 102 65 1901 663 238 215 1238 419 105 425 334 147 91 819 107 314
cat_boundaries=0 1 2 3 4 5 6 7 8 9
cat_threshold=8 1 34 3 4 2 1 4 4
is_linear=0
shrinkage=0.04


Tree=23
num_leaves=63
num_cat=16
split_feature=7 9 8 8 9 0 8 12 1 1 12 14 1 11 8 8 9 1 16 12 1 13 8 7 9 8 9 16 1 0 9 8 5 13 11 14 16 5 9 8 8 0 11 16 3 8 1 8 9 12 14 14 1 8 1 5 8 2 11 17 16 8
split_gain=493.957 2.84342 2.72251 2.17686 4.49495 7.23474 5.20577 5.08483 5.41138 4.41795 4.00895 6.8428 4.93205 3.99333 3.75089 3.66996 3.53873 3.51875 3.33708 2.99468 4.12523 4.85178 3.75045 3.41786 3.76851 4.8693 4.47047 4.60476 3.63604 3.22206 9.69385 6.17676 5.32129 2.92639 2.90896 3.1517 4.91787 4.26557 2.87686 10.1696 2.80743 5.08464 3.26489 3.10358 6.7367 5.47833 4.07781 3.1 2.95584 2.78419 8.62364 3.31453 3.67781 2.87659 2.73373 10.0227 2.92992 2.90625 2.73197 6.19354 4.49072 4.1382
threshold=2.5000000000000004 3.9500000000000006 44.500000000000007 29.500000000000004 4.8500000000000005 7.5000000000000009 27.500000000000004 0 9.5000000000000018 8.5000000000000018 1 2 14.500000000000002 1.0000000180025095e-35 24.500000000000004 33.500000000000007 4.9500000000000011 16.500000000000004 3 4 22.500000000000004 5 38.500000000000007 3.5000000000000004 4.6500000000000012 35.500000000000007 4.9500000000000011 6 12.500000000000002 1.0000000180025095e-35 3.7500000000000004 34.500000000000007 1.0000000180025095e-35 7 1.0000000180025095e-35 8 9 1.0000000180025095e-35 3.7500000000000004 36.500000000000007 27.500000000000004 12.500000000000002 1.0000000180025095e-35 10 1.0000000180025095e-35 25.500000000000004 11.500000000000002 24.500000000000004 4.9500000000000011 11 12 13 22.500000000000004 23.500000000000004 11.500000000000002 1.0000000180025095e-35 22.500000000000004 1.0000000180025095e-35 1.5000000000000002 14 15 31.500000000000004
decision_type=2 10 10 10 10 10 10 1 2 2 1 9 2 8 10 10 10 2 9 1 2 9 10 2 10 10 8 9 2 10 10 10 2 9 10 9 9 2 10 10 10 10 10 9 2 10 2 8 10 1 9 9 2 8 2 2 10 2 8 9 9 10
left_child=1 -1 3 4 -2 6 14 8 9 -7 16 12 -12 49 -6 18 -8 -13 -5 -17 21 23 -22 34 25 -25 27 -26 -27 30 -23 32 -32 -10 35 36 37 -21 39 -31 43 42 -42 45 -45 46 -35 48 -48 50 53 -51 54 -9 55 56 -53 -56 59 -20 61 -60
right_child=2 -3 -4 15 5 7 10 13 33 -11 11 17 -14 -15 -16 19 -18 -19 58 20 22 29 -24 24 26 28 -28 -29 -30 38 31 -33 -34 40 -36 -37 -38 -39 -40 -41 41 -43 -44 44 -46 -47 47 -49 -50 51 -52 52 -54 -55 57 -57 -58 -59 60 -61 -62 -63
leaf_value=-0.0374442646521548 0.001946012517968854 -0.028486650914442472 0.027147893825856417 0.030795198936326665 7.0307428092493464e-05 0.0022839254311113524 0.017224981776349915 0.042545506264264558 0.0075818218635109692 0.050334888614404542 -0.065980076920836059 0.0069609594928920727 -0.020301906848993852 0.015156292692475194 0.0091336926762273993 0.0053602931184739879 -0.011473850932488601 -0.020057362338874962 0.0058723870788846139 -0.00050379582147332483 -0.0084423439505490524 0.049380383242756148 0.012864483675221548 0.051412851626624415 -0.027496693253227802 0.0010634467985586272 0.033550586107097685 0.0079106146126868768 0.037350280547446414 -0.035278265782954253 0.024963793414670709 -0.011966122237828758 -0.022187774087175854 0.016746983716073419 0.001895175618456667 0.014034101896557521 -0.020605610376618275 0.029773004099870312 0.002318850290009286 0.022230823472874951 -0.061312732008004453 0.0018851914777187071 -0.017262038090841144 -0.018027057395194234 0.028621754503846152 0.016885169819124218 -0.023670222658391051 -0.046109083343719909 0.0033773532638421339 0.034515320778401824 -0.022679688322557498 0.0033901710207604623 -0.017053926686868458 0.0048000085078676764 0.012490283127752688 0.045780844784383164 -0.030704125612310645 0.044172087302124463 0.011286368823960287 0.025694394716881255 -0.01891436313476377 -0.0057026840776404431
leaf_weight=61.184644222259521 2546.2365642935038 773.39403919875622 7.7936131060123435 8.5648143887519836 191.66789542138577 5.8359132409095746 17.188239738345146 5.1478970795869818 41.917340204119682 6.4398525208234787 6.1720434725284585 16.415551379323009 9.7671179175376874 200.04282794892788 118.06079918146133 639.59789662063122 11.456534653902056 14.546966806054114 1126.0035270005465 24.411617189645767 94.086106687784195 4.9561254084110251 15.3784913867712 8.2285617142915743 7.2557584047317505 11.885006338357927 8.3132040202617628 30.922550335526466 7.0326472520828238 12.624325275421144 14.592915400862696 95.488898247480392 5.1920349895954123 6.0716676563024512 245.22803461551666 82.320496916770935 12.360958874225615 10.712340235710142 570.17965196073055 8.061449393630026 4.7358688116073608 11.383488923311234 6.2379116117954254 7.6776730269193658 13.95830911397934 12.670455053448675 17.018040090799332 5.5766268819570533 10.424656018614771 8.0735442191362381 18.975432440638542 6.8803283423185411 8.6229749023914319 8.6732131987810135 44.887401565909386 5.4805773049592963 9.7445220053195936 5.1658450365066519 48.372792184352875 25.798963993787766 17.42872428894043 43.631556913256645
leaf_count=339 10063 4000 29 31 761 23 65 18 162 22 29 64 41 761 457 2499 47 61 4393 97 384 17 59 28 31 47 30 120 25 55 54 393 22 23 968 314 52 39 2247 30 22 45 26 32 51 48 72 25 41 29 80 27 36 34 172 19 42 18 186 95 73 176
internal_value=-0.000151487 -0.0291434 0.00352037 0.00349239 0.00278935 0.00529524 0.00122872 0.00861709 0.00191626 0.0274914 -0.00818585 -0.0137611 -0.0379896 0.0113287 0.00352504 0.0042451 0.00425974 -0.00573293 0.00591152 0.00313655 0.00195829 0.00267431 -0.00544898 0.00587428 0.013884 0.025726 0.00696944 0.00118148 0.0145531 0.000564707 -0.00539634 -0.00775143 0.0125901 -0.000224998 0.00445821 0.0093003 0.00109372 0.00873023 0.00178723 -0.0128664 -0.00401499 -0.0168441 -0.0362727 -0.00065419 0.0120681 -0.00597204 -0.0133807 -0.0189206 -0.0133957 0.00596602 -0.0039654 0.00905852 0.00763566 0.0188589 0.0105861 -0.00112941 -0.0165939 0.0157601 0.00574254 0.00631638 -0.000297141 0.00322959
internal_weight=7424.16 834.579 6589.58 6581.78 3403.15 856.918 385.275 471.642 149.948 12.2758 75.5465 46.9017 15.9392 321.695 309.729 3178.63 28.6448 30.9625 1269.8 1908.83 1269.23 1159.77 109.465 448.671 73.6377 27.1462 46.4915 38.1783 18.9177 711.095 120.23 115.274 19.785 137.672 375.033 129.805 47.4849 35.124 590.865 20.6858 95.7547 22.3573 10.9738 73.3974 21.636 51.7614 39.091 33.0193 27.4427 121.652 32.7965 88.8552 80.7816 13.8211 72.1587 22.1054 16.6249 50.0532 1261.24 1151.8 109.433 92.0043
internal_count=30249 4339 25910 25881 13416 3353 1525 1828 592 45 307 195 70 1236 1218 12465 112 125 4954 7511 5012 4569 443 1751 281 100 181 151 72 2818 486 469 76 547 1470 502 188 136 2332 85 385 93 48 292 83 209 161 138 113 475 132 343 314 52 278 88 69 190 4923 4488 435 362
cat_boundaries=0 1 2 3 4 5 6 7 8 9 10 11 12 13 14 15 16
cat_threshold=36 24 8 2 34 5 4 8 8 1 1 8 8 2 1 1
is_linear=0
shrinkage=0.04


Tree=24
num_leaves=63
num_cat=12
split_feature=6 9 8 9 9 1 8 1 9 16 9 12 10 0 1 8 9 2 0 5 6 12 12 9 2 3 10 12 17 1 14 14 1 4 8 8 14 1 8 8 9 0 9 10 9 8 0 8 16 8 10 2 1 1 8 0 14 0 8 1 16 9
split_gain=3.02671 4.28167 4.4444 4.44489 4.01117 3.87807 5.62352 3.97068 3.35127 3.29012 9.02924 3.92498 4.15118 3.82292 3.54562 3.49883 3.35437 6.62042 5.17583 3.23504 4.44985 4.6225 4.54042 4.8869 4.42935 4.19975 4.18684 3.54735 3.89146 3.47823 4.64534 3.45641 5.07861 3.45566 8.02537 3.44292 5.85796 6.26155 4.82971 8.57084 5.9859 3.84035 4.06764 5.98183 3.59841 6.59615 5.03669 3.40533 3.37962 3.24391 3.20846 5.87505 3.88411 9.53347 3.51679 3.43357 4.71575 3.65194 4.09097 3.43613 3.36115 3.24873
threshold=1.5000000000000002 4.6500000000000012 29.500000000000004 2.8500000000000001 4.5500000000000007 16.500000000000004 31.500000000000004 17.500000000000004 3.6500000000000008 0 4.3500000000000005 1 1.0000000180025095e-35 7.5000000000000009 14.500000000000002 37.500000000000007 4.4500000000000011 1.0000000180025095e-35 inf 1.0000000180025095e-35 3.5000000000000004 2 3 4.9500000000000011 1.0000000180025095e-35 1.0000000180025095e-35 1.0000000180025095e-35 4 5 22.500000000000004 6 7 16.500000000000004 1.0000000180025095e-35 38.500000000000007 33.500000000000007 8 18.500000000000004 36.500000000000007 37.500000000000007 4.9500000000000011 7.5000000000000009 4.6500000000000012 1.0000000180025095e-35 4.8500000000000005 38.500000000000007 7.5000000000000009 30.500000000000004 9 25.500000000000004 1.5000000000000002 1.0000000180025095e-35 12.500000000000002 11.500000000000002 22.500000000000004 12.500000000000002 10 7.5000000000000009 25.500000000000004 19.500000000000004 11 3.9500000000000006
decision_type=2 8 10 10 10 2 10 2 10 9 10 1 2 10 2 10 10 2 8 2 2 1 1 10 2 2 2 1 9 2 9 9 2 2 10 10 9 2 10 10 10 8 10 2 10 10 10 8 9 10 2 2 2 2 8 8 9 10 10 2 9 10
left_child=1 2 3 -1 -2 9 7 -7 -8 10 -4 -11 14 -12 -13 16 -14 18 -18 20 21 26 23 24 -22 -25 -6 28 -21 -28 -31 32 -29 -23 -35 41 -37 38 40 -40 -38 42 47 -44 45 -39 -46 49 -45 -24 51 61 53 54 -53 57 -57 58 59 -52 -59 -5
right_child=4 -3 5 50 19 6 8 -9 -10 11 13 12 15 -15 -16 -17 17 -19 -20 27 22 33 35 25 -26 -27 29 31 -30 30 -32 -33 -34 34 -36 36 37 44 39 -41 -42 -43 43 48 46 -47 -48 -49 -50 -51 55 52 -54 -55 -56 56 -58 60 -60 -61 -62 -63
leaf_value=0.038333663173099997 -0.0023339221545401203 -0.00033079119346223428 -0.035199203283616101 -0.034805201253693137 -0.013973098782919491 0.034907997000638374 0.020855809708212908 0.0090561666166756021 -0.00079050041619726727 -0.00046912286540770116 0.025898218034534154 0.022729523811448958 -0.010093037676440372 -0.0079791233156167891 0.05509372648640664 0.030548938928935242 -0.016915629319150496 0.04546402854910573 0.029839681455046684 0.0049374138844698583 -0.011524781022544166 0.0026198940683395829 -0.029365832024956698 0.0362096258791514 -0.042533698001734635 -0.010015292243326286 -0.003933055903497548 -0.021660039997883729 -0.026428390389963662 -0.01554227727649512 0.024574849503451332 0.00085610124353003453 -0.00022675292954513207 -0.003191371424801226 0.024059939486197994 0.015949378757628183 -0.018435949178745185 -0.0058420251624421984 0.031301127078343635 -0.0055682252672700598 0.023084162549888862 0.001924231804593368 0.011840091515373808 -0.0029620742033280995 -0.0075222853027751401 -0.051740820668722279 -0.0463168091237375 -0.04824640479591577 -0.02245566504178674 0.0040043693047655468 -0.023965621348054047 0.044671706425162071 0.031310142859117568 -0.043976464244381945 0.0023780951247394542 -0.0092631624630853358 0.018851954673822467 0.012856589817964583 0.023239394781488985 0.015238080416308622 -0.020406361690945042 -0.0044246127579877373
leaf_weight=4.7947824001312247 1587.3544785827398 1239.9613106399775 8.7696851342916506 5.7847915440797797 60.426922157406807 11.536450311541556 12.072181746363638 54.013795122504234 219.76414060592651 34.459042876958847 13.658615529537203 43.463499009609222 14.909597530961035 8.7400054186582548 6.1870214045047751 10.784348413348196 10.510608449578291 7.4166367948055258 5.9230385422706595 452.84886935353279 99.588863879442215 929.2629695981741 9.3703374266624504 6.1369563490152341 7.9593833386898032 6.4499602913856506 150.39055922627449 27.731187045574188 6.4184792637825003 6.5026561617851257 15.936588048934938 919.98390293121338 48.842692822217941 364.24002853035927 18.152295723557472 16.362215578556061 35.322062462568283 38.630281254649162 15.286530479788778 29.665765047073364 6.5925180315971366 352.41571052372456 30.711803615093231 41.209689855575562 8.7012889832258242 5.7561194300651541 13.921599686145781 5.6371374428272238 21.735354661941528 9.2738167196512205 8.1917816400527972 5.4687319695949599 11.97117932140827 5.1667248606681815 7.4054119437932977 12.371593728661537 41.783286720514297 6.3977689146995544 14.384705722331999 6.3500153422355643 20.229382574558262 212.83224016427994
leaf_count=17 6546 5046 39 26 256 42 46 215 898 141 51 163 63 36 21 40 44 26 22 1815 430 3738 42 23 38 27 616 119 28 28 60 3728 200 1493 69 65 155 164 57 126 26 1446 123 175 37 27 66 27 97 38 36 19 44 23 30 51 160 25 54 25 87 874
internal_value=-0.000145525 0.0011551 0.00338745 7.58638e-05 -0.000647727 0.00598919 0.00326149 0.0136059 0.000336666 0.0109107 -0.000792141 0.0136399 0.0168861 0.0126792 0.0267625 0.0103969 0.00478988 0.0140937 -6.40134e-05 6.38554e-05 -0.000868283 0.000364821 -0.00337251 -0.0102099 -0.0138197 0.0125224 -0.00470808 0.00154011 0.00440319 -0.00174114 0.0129493 0.00017472 -0.00798881 0.00129299 -0.00189774 -0.00190119 -0.00680522 -0.0092248 -0.0021379 0.00696961 -0.0119055 -0.000166665 -0.00641456 -0.00263213 -0.0184118 -0.0117943 -0.0313955 -0.021004 -0.00969334 -0.0127671 -0.00043605 -0.00295029 0.013645 0.00192308 0.0203437 0.00526189 0.0124291 -0.00172485 0.0081148 -0.00684641 -0.0124142 -0.00522851
internal_weight=7414.12 2065.3 825.341 363.132 5348.82 462.209 297.387 65.5502 231.836 164.822 31.1683 133.654 99.1948 22.3986 49.6505 49.5442 38.7599 23.8503 16.4336 3761.46 2305.64 1544.91 760.727 120.135 107.548 12.5869 233.257 1455.83 459.267 172.83 22.4392 996.558 76.5739 1311.66 382.392 640.592 170.238 153.876 86.8669 44.9523 41.9146 470.354 117.938 93.6568 67.0093 44.3864 22.6229 24.2813 62.945 18.6442 358.338 248.629 30.012 18.0409 12.8741 109.709 54.1549 55.5537 28.9265 14.5418 26.6272 218.617
internal_count=30249 8364 3318 1471 21885 1847 1201 257 944 646 126 520 379 87 184 195 155 92 66 15339 9449 6260 3189 518 468 50 960 5890 1843 704 88 4047 319 5300 1562 2671 723 658 364 183 181 1948 502 395 294 191 103 107 272 80 1454 1016 116 72 49 438 211 227 115 61 112 900
cat_boundaries=0 1 2 3 4 5 6 7 8 9 10 11 12
cat_threshold=4 17 4 32 40 1 4 2 2 1 2 4
is_linear=0
shrinkage=0.04


Tree=25
num_leaves=63
num_cat=10
split_feature=7 9 11 1 9 9 9 6 1 6 6 0 9 6 0 1 12 0 11 6 9 6 6 0 14 9 15 9 11 5 0 6 6 14 14 10 6 9 9 0 0 6 10 10 9 10 15 6 11 9 9 11 14 1 14 9 1 15 9 13 0 6
split_gain=451.209 3.42384 3.1724 4.55615 7.55324 3.70143 3.65781 4.31615 5.69419 5.3353 4.0516 7.46747 6.31831 3.10104 2.84689 2.7579 5.21855 6.18165 8.19753 9.95487 7.462 7.4038 5.02738 4.5183 6.40663 5.73455 4.36212 5.6565 4.00422 3.81018 3.6499 3.43271 3.24936 4.52777 3.23415 4.02861 5.91963 3.18481 3.10385 2.9848 2.87141 2.83376 2.73304 2.6219 2.60127 5.29547 2.51967 5.37202 3.39345 2.81837 7.10056 3.61654 2.42023 2.40077 2.2793 2.25569 2.14863 5.02533 4.1292 4.02323 5.66379 3.39843
threshold=2.5000000000000004 2.5500000000000003 1.0000000180025095e-35 22.500000000000004 4.5500000000000007 4.7500000000000009 4.2500000000000009 1.5000000000000002 20.500000000000004 1.0000000180025095e-35 1.5000000000000002 12.500000000000002 4.7500000000000009 1.0000000180025095e-35 12.500000000000002 22.500000000000004 0 12.500000000000002 1.0000000180025095e-35 3.5000000000000004 4.7500000000000009 2.5000000000000004 1.5000000000000002 12.500000000000002 1 4.6500000000000012 2 4.8500000000000005 1.0000000180025095e-35 1.0000000180025095e-35 inf 1.5000000000000002 2.5000000000000004 3 4 1.0000000180025095e-35 3.5000000000000004 4.5500000000000007 4.6500000000000012 7.5000000000000009 7.5000000000000009 1.5000000000000002 1.0000000180025095e-35 1.0000000180025095e-35 4.7500000000000009 1.5000000000000002 5 1.0000000180025095e-35 1.0000000180025095e-35 4.8500000000000005 4.9500000000000011 1.0000000180025095e-35 6 16.500000000000004 7 4.6500000000000012 8.5000000000000018 8 2.9500000000000006 9 7.5000000000000009 5.5000000000000009
decision_type=2 8 8 2 10 10 10 2 2 2 2 8 10 2 8 2 1 8 10 2 8 2 2 10 9 10 1 10 8 2 8 2 2 9 9 2 2 8 10 8 8 2 2 2 8 2 1 2 10 10 8 10 9 2 9 10 2 1 10 9 8 2
left_child=2 -2 3 -1 -5 -6 7 8 9 -4 11 -8 13 -13 -7 56 23 21 20 22 -19 46 30 24 41 29 27 -23 42 31 55 -26 -22 -34 38 36 -36 -25 -30 -33 -27 -17 -28 -15 45 -24 48 -48 -18 51 -51 -49 -53 -9 -45 -20 57 59 -58 -3 -61 -62
right_child=1 15 6 4 5 14 10 53 -10 -11 -12 12 -14 43 -16 16 17 18 19 -21 32 26 44 37 25 40 28 -29 34 -31 -32 39 33 -35 35 -37 -38 -39 -40 -41 -42 -43 -44 54 -46 -47 47 49 -50 50 -52 52 -54 -55 -56 -57 58 -59 -60 60 61 -63
leaf_value=-0.033572712086470807 0.025665337850372984 -0.00013398402098160171 -0.048590804168377182 -0.057927023396233041 0.012709738510269129 0.00011589285201522901 -0.04054522916892056 -0.029701939736810314 0.014666926015460865 -0.0043071741821288012 -0.022827713087927467 -0.022073851036166731 -0.036106761998004451 0.022857079495575153 -0.040951089358113049 -0.00078958576519777362 0.020335097089545548 0.026919632739093698 -0.011741582166364648 0.011485215671365939 0.016346436081174028 0.010529477128853399 0.0011390480875655841 -0.021475257137490354 0.022315559070816695 -0.017320059821947995 -0.013568809895143925 -0.030213386100669433 -0.044091943528722463 0.03538504070434767 -0.02758146737559115 -0.024560838411795502 -0.035263297861807472 0.010315668236225792 0.014381700107858664 0.0061835686995691166 -0.03589699634222307 0.0015723505891037492 -0.011305568356875375 0.010367631043460352 0.0027089431803285885 0.026364282083818167 -0.039847842725637996 0.011343796575940143 -0.037163356054541713 -0.048836785076951161 -0.026032288842218816 -0.011191947007617864 -0.00057180260927479636 -0.046002546086770561 0.015401708457920233 -0.0026899852415419329 0.028378983021553016 -0.043866383396491841 -0.028654394856406591 0.01599824495078591 -0.01016109733735306 -0.00085502265610737068 0.00390640153531487 -0.0073492928602386758 0.010569630234712819 -0.0023458487206482951
leaf_weight=227.54997293651104 10.866784512996672 197.5133710205555 10.306170448660856 5.4335139244794872 9.9143142253160494 5.2215552031993839 64.151423737406731 33.445173323154449 6.1792848855257025 7.5360630601644507 360.74589882791042 13.442685425281525 22.452497631311417 6.7838384360075006 5.5948549956083307 7.2924094945192328 21.280391275882721 36.221153050661087 7.0731371194124284 42.902235493063927 9.2047907114028948 25.329696148633957 11.274317681789404 12.121938258409498 13.399168699979784 19.8579131513834 9.3668948113918322 6.9475316703319541 8.6736074239015597 10.620246633887289 6.5335218906402579 7.0579366534948322 7.5589634627103806 6.4737275689840299 5.4483161568641689 19.75655323266983 11.99613371491432 45.980772644281387 9.8851315528154355 8.7892034500837326 27.056195631623268 39.225875735282898 19.543885007500648 4.2811079770326614 14.697661608457564 4.8524596393108359 14.736755102872847 9.4743482172489184 29.839691907167435 5.7890969663858387 6.2836146652698526 5.7356583625078201 13.346431240439417 44.780201807618141 4.8754798471927625 13.921760261058806 33.616895422339439 553.60383832454681 4841.1684109568596 37.794669061899185 275.92096565663815 36.963894546031952
leaf_count=1214 40 787 57 31 47 26 346 184 29 38 1855 68 120 31 30 29 80 133 29 165 35 98 45 51 50 83 39 30 39 38 28 30 33 25 21 78 53 182 41 34 107 144 87 20 65 22 63 39 119 26 24 23 49 251 25 53 138 2209 18996 153 1063 148
internal_value=-0.000287894 0.00323136 -0.0280254 -0.0317551 -0.0159473 -0.00494444 -0.026391 -0.0332562 -0.0184257 -0.0298866 -0.0249186 -0.0314219 -0.0201309 -0.00792336 -0.0211263 0.00319416 0.000549659 -0.0021463 0.00378071 -0.00314196 0.0155697 -0.00650561 -0.0138962 0.00577113 0.0101302 0.00370976 -0.0134537 0.00134351 -0.0172195 0.0148641 -0.0014723 0.00741237 -0.0021219 -0.0142363 -0.0129896 -0.0061854 -0.0201938 -0.00323606 -0.0266286 -0.00518867 -0.00576898 0.0221075 -0.0313336 0.00400986 -0.0249916 -0.0138984 0.00112506 -0.00452642 0.00680098 0.00215998 -0.0140428 0.00900998 0.0190403 -0.0378104 -0.00995348 0.00665276 0.00344882 0.00185353 0.00380939 0.00452192 0.00707527 0.00904381
internal_weight=7395.69 6563 832.694 253.714 26.1642 20.7307 578.98 102.247 24.0215 17.8422 476.733 115.987 51.8356 29.3831 10.8164 6552.13 575.549 384.147 160.714 101.255 59.4586 223.434 58.3529 191.402 133.299 86.7807 116.948 32.2772 84.6705 39.8666 27.5284 29.2463 23.2375 14.0327 55.7597 37.201 17.4444 58.1027 18.5587 15.8471 46.9141 46.5183 28.9108 15.9404 30.8244 16.1268 106.486 55.3659 51.1201 40.6291 12.0727 28.5564 19.0821 78.2254 9.15659 20.9949 5976.58 1101.8 4874.79 548.193 350.68 312.885
internal_count=30196 25824 4372 1348 134 103 3024 559 124 95 2465 610 264 144 56 25784 2290 1542 633 407 226 909 242 748 515 342 486 128 358 152 110 114 93 58 232 152 74 233 80 64 190 173 126 76 132 67 423 224 199 161 50 111 72 435 45 82 23494 4360 19134 2151 1364 1211
cat_boundaries=0 1 2 3 4 5 6 7 8 9 10
cat_threshold=36 8 1 4 8 9 8 8 10 10
is_linear=0
shrinkage=0.04


Tree=26
num_leaves=63
num_cat=2
split_feature=7 9 11 1 9 9 6 1 6 6 0 9 8 9 8 11 6 8 1 0 1 12 0 11 6 9 6 8 6 8 0 8 8 6 15 9 10 11 0 8 8 8 9 8 9 8 8 8 6 8 8 6 9 0 8 8 10 6 6 0 8 8
split_gain=419.923 3.16979 3.02443 4.32314 7.18633 3.51371 4.12779 5.31667 5.07729 3.85482 7.12495 5.96499 3.67993 3.42891 3.40233 2.88389 2.88288 5.38303 2.9843 2.68439 2.54057 4.81252 5.69963 7.56561 9.17841 6.89717 6.82675 5.70877 4.63695 6.35858 4.16937 4.07236 7.26323 5.01156 4.02246 5.21206 3.78787 3.70169 3.36221 7.51367 3.13101 3.08056 3.01388 4.54716 4.18045 4.06741 3.84983 3.84591 3.72992 3.25521 3.66401 2.99535 2.85106 2.64075 2.50636 5.35555 3.64959 5.45341 3.53929 2.50125 2.47729 2.46504
threshold=2.5000000000000004 2.5500000000000003 1.0000000180025095e-35 22.500000000000004 4.5500000000000007 4.2500000000000009 1.5000000000000002 20.500000000000004 1.0000000180025095e-35 1.5000000000000002 12.500000000000002 4.7500000000000009 30.500000000000004 4.7500000000000009 20.500000000000004 1.5000000000000002 1.0000000180025095e-35 33.500000000000007 12.500000000000002 12.500000000000002 22.500000000000004 0 12.500000000000002 1.0000000180025095e-35 3.5000000000000004 4.7500000000000009 2.5000000000000004 33.500000000000007 1.5000000000000002 31.500000000000004 12.500000000000002 28.500000000000004 24.500000000000004 1.0000000180025095e-35 1 4.8500000000000005 1.0000000180025095e-35 1.0000000180025095e-35 inf 26.500000000000004 24.500000000000004 34.500000000000007 4.6500000000000012 30.500000000000004 4.7500000000000009 33.500000000000007 37.500000000000007 25.500000000000004 3.5000000000000004 35.500000000000007 28.500000000000004 2.5000000000000004 4.8500000000000005 7.5000000000000009 29.500000000000004 30.500000000000004 1.0000000180025095e-35 1.5000000000000002 1.5000000000000002 7.5000000000000009 28.500000000000004 29.500000000000004
decision_type=2 8 8 2 10 10 2 2 2 2 8 10 10 10 10 10 2 10 2 8 2 1 8 10 2 8 2 10 2 10 10 8 10 2 1 8 2 10 8 10 8 8 10 8 10 10 8 8 2 8 10 2 8 8 10 10 2 2 2 10 8 10
left_child=2 -2 3 -1 -5 6 7 8 -4 10 -7 16 14 60 -11 -16 -12 18 -18 -15 -3 30 26 25 28 -24 54 -26 38 40 42 32 -32 -33 35 -28 -29 -36 39 -25 -30 -31 48 44 47 -45 53 -44 49 50 -22 -27 -34 -47 -23 -56 57 59 -58 -57 -6 -8
right_child=1 20 5 4 13 9 61 -9 -10 12 11 -13 -14 19 15 -17 17 -19 -20 -21 21 22 23 24 27 51 34 36 29 41 31 33 52 -35 37 -37 -38 -39 -40 -41 -42 -43 43 45 -46 46 -48 -49 -50 -51 -52 -53 -54 -55 55 56 58 -59 -60 -61 -62 -63
leaf_value=-0.032639988399512758 0.024725912014093649 0.0033114984186916907 -0.047529524193516026 -0.056918823405221829 0.035053744968295837 -0.039519729870540851 -0.028065929994938503 0.014009981145771179 -0.0041415565792886503 -0.036372206792926291 -0.021351714994487288 -0.035133626508926138 -0.026548575429787728 0.00011125225462168825 -0.015875636281438048 -0.04309115939502451 -0.032603471930317388 0.03703178956833382 0.0096639582696280476 -0.039908578764632309 0.015603328767829399 -0.0050999152074110857 0.025896403684672491 0.040859986556233865 0.019404367379031746 0.015704507675164618 0.010111582876713734 -0.039898480402957223 -0.023386263633049402 0.013964800459809856 0.0052207213791443411 -0.028507500100589583 -0.053211516162849658 0.013002918410002656 -0.029564496122602996 -0.028993342363434017 0.0079988058115439704 -0.01217160877087816 -0.026462761826112673 -0.010226854105186227 -0.059018874316930578 -0.022348404517482889 -0.033394100508175907 -0.02890050893172148 0.019406465299678235 -0.0054296610929444175 -0.025074249350285866 0.013888997988284029 0.030708931837591439 0.035792514095429356 -0.014272488867712341 -0.013664190179313734 -0.012477839869465872 0.025663858164186096 0.044683096827652743 -0.010764693330486574 0.024248582958292225 0.012346467518105324 -0.0035279716557361823 -0.050895599548922893 -0.0052304240923100953 -0.04268233397432171
leaf_weight=224.74775438010693 10.82923439145088 5975.3658357560635 10.11865440011025 5.3110436201095608 4.2954448908567437 63.202806264162064 30.669167757034302 6.2096401602029792 7.5241760015487662 15.517750665545462 13.343480572104454 22.157448634505272 162.25359952449799 5.2217753976583454 173.62868289649487 6.4614979326724997 5.5964571386575681 5.2477221190929422 5.1159040480852127 5.5130356699228296 15.486749947071077 52.858194828033447 36.147726491093636 6.8265663832426133 32.261972039937973 9.1979371309280413 25.321632370352745 4.9659461677074415 7.668323665857316 7.0219455957412693 13.018454641103746 5.5925880819559088 7.4210501313209507 27.712730661034584 30.754642337560654 6.9502223283052436 5.6444776654243469 53.875349476933479 6.5372495055198661 14.162985071539877 8.1272666454315186 7.9920967966318139 5.275844827294347 9.3254081010818464 36.138880208134651 7.9164853245019975 6.120535433292388 5.7544084191322336 20.113454446196556 5.877919375896453 11.405006811022757 14.034991934895514 4.3671979904174814 9.7560790032148343 5.4693981260061255 4.8860300928354263 16.151939019560814 8.5836276859045029 13.452965274453165 5.056754857301712 5.6619497686624536 46.379360377788544
leaf_count=1214 40 23494 57 31 19 346 172 29 38 82 68 120 854 26 884 35 29 23 24 30 59 214 133 24 121 35 98 22 33 27 51 24 34 106 134 30 22 224 28 58 38 34 23 40 136 32 26 22 73 21 47 58 18 36 19 20 60 33 54 23 28 263
internal_value=-0.000277528 0.00310283 -0.0271892 -0.0308535 -0.0154126 -0.0255869 -0.0323628 -0.017822 -0.0290258 -0.02414 -0.0305225 -0.0194724 -0.0220949 -0.00475925 -0.0184007 -0.0168521 -0.00763039 0.00384136 -0.0124178 -0.0204416 0.00306709 0.000528187 -0.00206136 0.0036326 -0.00301763 0.0149673 -0.00624744 0.0110336 -0.0133441 -0.0240037 0.00554397 -0.00310602 -0.0153754 0.00603254 -0.0129208 0.00129002 -0.0144183 -0.016538 -0.00141328 0.00638845 -0.0417202 -0.00536501 0.00973488 0.00485114 0.0128276 -0.00650941 0.0022665 -0.00872683 0.0171494 0.00882684 0.00293276 -0.0020371 -0.0381209 0.0117354 0.00108053 0.00717535 0.00291316 -0.0110105 0.0116265 -0.0311747 0.0121475 -0.0368643
internal_weight=7385.61 6561.43 824.177 250.751 26.0032 573.426 100.901 23.8525 17.6428 472.525 114.664 51.461 357.862 20.6922 195.608 180.09 29.3036 15.9601 10.7124 10.7348 6550.6 575.233 383.95 160.589 101.209 59.3807 223.361 42.8724 58.3364 30.8096 191.283 58.112 24.8067 33.3053 116.902 32.2719 10.6104 84.63 27.5268 20.9896 15.7956 15.014 133.171 80.2876 47.1691 33.1185 23.7931 11.0303 52.8831 32.7697 26.8918 23.2329 11.7882 17.6726 106.459 53.6007 48.1313 18.5264 29.6049 9.94278 9.95739 77.0485
internal_count=30196 25824 4372 1348 134 3024 559 124 95 2465 610 264 1855 103 1001 919 144 76 53 56 25784 2290 1542 633 407 226 909 165 242 132 748 233 103 130 486 128 44 358 110 82 71 61 515 315 181 134 94 45 200 127 106 93 52 68 423 209 190 76 114 43 47 435
cat_boundaries=0 1 2
cat_threshold=36 1
is_linear=0
shrinkage=0.04


Tree=27
num_leaves=63
num_cat=13
split_feature=7 9 11 9 6 6 0 9 10 6 10 16 6 14 14 10 0 6 6 0 9 6 15 0 17 9 14 13 9 6 9 12 5 12 12 11 6 9 2 0 9 11 4 9 9 6 10 11 7 6 9 14 9 11 9 2 0 3 12 12 6 9
split_gain=390.848 2.93526 2.88523 3.37667 3.94702 3.67179 6.80153 5.63187 2.92765 2.67935 2.39241 2.23605 3.32421 3.29768 3.17521 4.61184 4.33984 4.23143 2.4429 3.56819 5.43657 3.04643 2.13761 7.27634 5.68704 5.55763 5.49659 7.16827 6.49372 5.92877 5.97281 5.85973 9.30013 4.96686 4.96066 6.57182 7.19007 4.91489 4.86798 5.75666 4.84077 4.72333 4.64872 4.36088 3.91882 3.79151 5.24649 3.77596 3.64913 3.9766 3.51082 4.97684 3.49863 3.91268 3.48326 3.31786 3.14662 3.48583 3.07228 2.98328 13.4601 4.31446
threshold=2.5000000000000004 2.5500000000000003 1.0000000180025095e-35 4.2500000000000009 1.5000000000000002 1.5000000000000002 12.500000000000002 4.7500000000000009 1.5000000000000002 1.0000000180025095e-35 1.0000000180025095e-35 0 5.5000000000000009 1 2 1.5000000000000002 12.500000000000002 2.5000000000000004 3.5000000000000004 12.500000000000002 4.7500000000000009 1.0000000180025095e-35 3 12.500000000000002 4 3.9500000000000006 5 6 4.4500000000000011 2.5000000000000004 4.8500000000000005 7 1.0000000180025095e-35 8 9 1.0000000180025095e-35 1.5000000000000002 4.0500000000000007 1.0000000180025095e-35 7.5000000000000009 4.9500000000000011 inf 1.0000000180025095e-35 3.4500000000000006 3.8500000000000001 5.5000000000000009 1.5000000000000002 1.5000000000000002 3.5000000000000004 3.5000000000000004 3.7500000000000004 10 4.6500000000000012 1.5000000000000002 4.7500000000000009 1.0000000180025095e-35 7.5000000000000009 1.0000000180025095e-35 11 12 2.5000000000000004 4.9500000000000011
decision_type=2 8 8 10 2 2 8 10 2 2 2 9 2 9 9 2 10 2 2 8 10 2 1 10 9 10 9 9 8 2 8 1 2 1 1 10 2 10 2 8 8 8 2 10 10 2 2 8 2 2 10 9 8 8 8 2 10 2 1 1 2 10
left_child=2 -2 11 4 8 6 -5 9 -4 -8 -11 13 14 -1 -13 18 17 -17 21 20 -20 -16 23 24 26 -26 28 34 31 30 44 32 37 40 35 36 -28 42 39 -33 55 59 -3 -25 -29 46 -37 -34 49 56 51 -45 53 -31 -48 -30 -39 -58 -52 60 61 -35
right_child=1 22 3 5 -6 -7 7 -9 -10 10 -12 12 -14 -15 15 16 -18 -19 19 -21 -22 -23 -24 43 25 -27 27 29 33 52 -32 38 47 41 -36 45 -38 48 -40 -41 -42 -43 -44 50 -46 -47 54 -49 -50 -51 58 -53 -54 -55 -56 -57 57 -59 -60 -61 -62 -63
leaf_value=-0.014726022281925892 0.023825173954412589 -0.028522409260954642 -0.0062568760720248017 -0.038532048436054685 -0.035948048963360228 -0.021385640375355616 -0.020652412818251968 -0.034193050764344736 -0.035249655915928296 0.02155958938741143 -0.0097211296594026577 -0.048786186204925155 -0.04656242512028505 -0.034087193070198946 -0.0023093213048188711 0.013842805154632366 0.032982608139857414 -0.031441327058762257 -0.026657550452044841 -0.033613982021650987 0.034199268244142732 -0.042466000389052211 0.0021943063448010454 -0.024585198865724692 -0.0200078117744058 0.018715324928824797 0.031504357958666754 -0.033802180600282117 -0.0027327594125728855 0.018328481505987256 0.010581018128532925 0.019441982968960634 -0.013289611926144779 -0.004522797245095367 0.0022370199083449798 -0.050398116116632717 -0.010320331227389248 0.00088053461601374575 0.034369169491854104 0.0030988423703683771 -0.024024111176701567 0.019363920095459057 0.011687826489482791 0.050503220746297151 -0.00080842830599062068 0.010055317984353988 0.0020553330339144601 -0.050793540751371227 -0.012519672072168449 0.036543904561623396 0.0030088518685775579 0.0016408745994003881 0.0078949850971480762 -0.013538648194836926 -0.03210501106130334 -0.024700921230499433 0.036394334013829653 0.0013059602277535815 0.0083984713625542586 -0.0013527698421871629 0.013474272416730848 -0.034516752689053985
leaf_weight=15.422937706112862 10.789905965328215 11.189120322465898 14.707875534892082 62.249415546655655 75.876591593027115 355.00527307391167 13.24550573527813 21.862312212586403 8.9719666540622711 6.843585044145585 9.1324583292007429 5.832394540309906 9.1122698783874494 161.11673180758953 3.6957858055830028 5.697082921862604 4.4883186221122733 7.8516636788845062 4.9750007092952746 8.5496425628662092 4.4491263180971146 16.597282946109772 3264.5058737397194 7.0381569862365714 6.6477274000644675 54.941412895917892 9.6620414853096026 5.9826849251985541 128.53530266880989 106.40183416008949 95.826549723744392 54.914539441466331 28.906904220581055 79.626487553119659 318.14511288702488 10.621509224176409 20.59250807762146 26.78455950319767 13.388042405247687 92.689622208476067 24.075996369123459 20.424714639782906 7.8120285123586646 7.0420704036951065 154.64333368837833 4.9180176109075537 9.3828267008066195 5.0449315607547751 9.0155197829008085 10.936973854899405 292.713249579072 6.3360823541879636 231.52429056167603 6.5437717735767356 9.7272775471210462 12.029424652457235 11.217061877250673 7.5988040417432776 575.57112146914005 685.40996514260769 112.23457875847816 8.4915380179882032
leaf_count=81 40 48 75 346 435 1855 68 120 49 31 45 33 51 885 19 28 21 43 27 47 21 92 12881 30 28 207 35 26 514 401 369 206 119 320 1254 48 84 106 48 365 102 77 30 24 615 19 37 23 37 39 1151 25 899 27 42 51 40 30 2228 2733 429 37
internal_value=-0.000267515 0.00297946 -0.0263803 -0.0248089 -0.0314987 -0.0233868 -0.0296552 -0.0188381 -0.0172418 -0.00735021 0.00367845 -0.0299818 -0.0240005 -0.0323958 -0.0206918 -0.0177816 -0.00110698 -0.0123999 -0.0256412 -0.0149024 0.00207293 -0.0351526 0.00294511 0.00367347 0.00253803 0.0145357 0.00222148 0.0044953 0.000564561 0.00716321 0.00267767 0.00599404 -0.00108705 -0.000852593 0.000119783 -0.00917154 0.00303673 0.00592188 0.0106146 0.00917913 -0.0070247 0.000342525 -0.0119906 0.00677588 -0.00203732 -0.0224782 -0.0278597 -0.0188624 0.011114 0.0148826 0.00702623 0.0273613 0.0107106 0.0164822 -0.0153327 -0.00461278 0.00968732 0.0222239 0.00671292 -9.22201e-05 0.00408383 -0.00741318
internal_weight=7375.57 6559.88 815.683 567.895 99.5564 468.339 113.333 51.0839 23.6798 29.2215 15.976 247.788 71.2486 176.54 62.1363 56.3039 18.0371 13.5487 38.2668 17.9738 9.42413 20.2931 6549.09 3284.59 2395.89 61.5891 2334.3 983.972 1350.33 600.922 256.453 279.498 118.506 1070.83 383.049 64.9042 30.2545 84.5541 160.992 147.604 164.641 906.187 19.0011 888.701 160.626 34.6496 29.7316 33.9518 65.5529 56.5374 881.663 13.3782 344.47 112.946 19.1101 140.565 45.6004 18.8159 868.284 885.763 200.353 88.118
internal_count=30196 25824 4372 3024 559 2465 610 264 124 144 76 1348 382 966 331 298 92 71 206 95 48 111 25784 12903 9445 235 9210 3856 5354 2337 1010 1091 472 4263 1519 265 119 330 619 571 667 3596 78 3458 641 146 127 142 252 215 3428 49 1327 428 79 565 176 70 3379 3519 786 357
cat_boundaries=0 1 2 3 4 5 6 7 8 9 10 11 12 13
cat_threshold=1 2 2 9 1 4 3 11 32 16 8 9 80
is_linear=0
shrinkage=0.04


Tree=28
num_leaves=63
num_cat=6
split_feature=7 11 1 9 9 9 1 1 9 11 9 0 8 1 12 0 11 9 5 0 14 9 8 8 15 11 14 8 9 9 0 9 5 8 9 11 9 9 11 9 9 8 9 8 9 0 8 0 16 8 0 0 1 5 5 1 8 8 8 16 9 7
split_gain=363.802 2.75447 4.0903 6.87764 3.24305 3.21902 2.74772 2.88721 4.30915 3.26894 2.71838 2.51743 2.41583 2.3846 4.43428 5.2303 6.96739 6.38385 6.2307 3.90588 5.82656 4.98897 3.75293 6.68869 3.67782 3.91051 5.51128 4.89048 4.02791 3.71622 3.58779 3.52564 3.33169 2.9922 2.82658 4.94727 3.94412 3.79475 2.79062 9.08994 4.27877 2.74437 2.64849 3.88028 2.63109 2.60414 2.31194 2.30592 3.34155 2.24753 2.18632 2.13647 3.40483 6.93212 4.19145 2.97152 2.82986 2.05455 2.05152 2.29806 2.03176 3.06655
threshold=2.5000000000000004 1.0000000180025095e-35 22.500000000000004 4.5500000000000007 4.2500000000000009 4.7500000000000009 13.500000000000002 20.500000000000004 4.1500000000000012 1.5000000000000002 2.5500000000000003 12.500000000000002 30.500000000000004 22.500000000000004 0 12.500000000000002 1.0000000180025095e-35 4.7500000000000009 1.0000000180025095e-35 12.500000000000002 1 4.6500000000000012 28.500000000000004 24.500000000000004 2 1.0000000180025095e-35 3 26.500000000000004 4.7500000000000009 4.8500000000000005 7.5000000000000009 4.8500000000000005 1.0000000180025095e-35 27.500000000000004 4.8500000000000005 1.0000000180025095e-35 4.6500000000000012 4.3500000000000005 1.0000000180025095e-35 4.5500000000000007 4.2500000000000009 29.500000000000004 4.8500000000000005 29.500000000000004 4.8500000000000005 7.5000000000000009 33.500000000000007 1.0000000180025095e-35 4 28.500000000000004 7.5000000000000009 1.0000000180025095e-35 9.5000000000000018 1.0000000180025095e-35 1.0000000180025095e-35 11.500000000000002 35.500000000000007 32.500000000000007 33.500000000000007 5 4.1500000000000012 3.5000000000000004
decision_type=2 8 2 10 10 10 2 2 8 8 8 8 8 2 1 8 10 8 2 10 9 10 8 10 1 8 9 10 10 8 8 10 2 10 8 10 10 10 10 10 10 8 10 10 8 8 10 10 9 8 10 10 2 2 2 2 10 10 10 9 8 2
left_child=1 2 -1 -4 6 49 47 -8 9 12 -2 -7 -9 -12 19 24 17 46 60 20 33 32 23 -21 34 31 27 29 30 -27 -29 -26 38 -15 35 36 -16 -37 -22 40 -40 -33 43 -20 -25 -23 -17 48 -3 -5 -14 52 54 55 56 -54 57 -6 -24 -60 -18 -62
right_child=10 4 3 5 51 11 7 8 -10 -11 13 -13 50 14 15 16 18 -19 42 22 21 45 58 44 25 26 -28 28 -30 -31 -32 41 -34 -35 -36 37 -38 -39 39 -41 -42 -43 -44 -45 -46 -47 -48 -49 -50 -51 -52 -53 53 -55 -56 -57 -58 -59 59 -61 61 -63
leaf_value=-0.030901527329870677 0.022960724247286429 -0.035459878601245311 -0.055483391238806877 0.034452969274670141 -0.018380618813811228 0.00088342938348339123 -0.043836523012644769 -0.046946237540909208 -0.056745026910908804 0.013760362699698049 0.0030656063181533962 -0.038195940143720998 -0.034038892264036065 0.032095621287350225 0.0054988087269299771 0.031308211592100996 0.0094028050754012757 -0.002123818804183027 0.038627293477820394 0.0048004552443947756 0.021912557817764466 -0.016721261658362199 0.015095285128929877 -0.051299029233621278 -0.024750212902433372 -0.056097473407620939 0.0010823297467359098 -0.015762172763387632 -0.030053473783282658 -0.0096819428179507824 0.023770732442335692 -0.016866201460669212 0.032788754424404647 0.01163247946786446 -0.0128850486816624 0.026135015100449306 0.044921550587589447 -0.0098607988559078433 0.0011570010698599667 0.034653718321806422 -0.048165865067600441 0.015144096906153795 -0.0083950079897603721 0.0045077962862238646 -0.012169667975466029 0.0023553364777648298 0.0090809382571532815 -0.0044090958916942835 -0.0055744219770081432 -0.0039743600909969501 0.0043728437048456562 -0.023896026464133278 0.0099396901649974091 0.022988791495631683 -0.047503455695766521 -0.023161617373118087 0.0040470127132613623 -0.047530184083399013 -0.015889555981321225 0.016012887235380812 -0.0082902075874959867 -0.034124787526234733
leaf_weight=219.28378489613533 10.74912668764591 22.936539560556412 5.1151485592126873 4.3114282935857782 19.273667007684715 5.1837860345840427 33.540530890226364 5.4601133465766951 5.6017586737871161 4.3199089765548697 5973.0692276358604 5.3692325949668893 4.4498445689678192 20.507728591561317 7.9320362657308605 25.440541654825211 8.2348668575286847 23.226403117179871 9.6142039299011284 13.009880408644678 11.506743624806406 19.854550927877426 17.356318458914757 7.4194726645946476 38.465553641319275 7.4990417212247822 75.332510441541672 6.9638502299785623 8.0790514349937421 4.3671841174364099 7.7728342115879068 9.953650891780855 10.563760012388228 25.837941810488701 13.307926267385481 5.9712702333927181 8.3190852403640729 21.770093217492104 5.3107586354017275 6.4109775125980368 5.9860812723636627 7.5250876843929282 7.1446217000484458 11.976569294929503 4.3682389557361612 27.045570448040962 10.60978029668331 8.7482947856187803 8.1002229303121585 5.5962055772542962 5.0745597630739212 384.01090911030769 5.2604207843542126 8.808545768260954 9.8349207341670972 24.777644008398056 7.3992455154657355 4.8403660058975211 10.380361601710318 5.541248306632041 55.645880997180939 8.4703836590051633
leaf_count=1214 40 134 31 19 101 26 196 32 33 22 23494 30 25 74 31 92 32 93 34 51 43 83 66 34 165 35 301 29 35 18 29 42 38 99 55 22 29 89 21 23 27 29 29 47 18 107 41 46 44 28 27 2046 26 42 55 131 37 27 43 21 228 37
internal_value=-0.000257033 -0.0255948 -0.0291359 -0.013998 -0.0240532 -0.00362663 -0.030656 -0.0361755 -0.0258585 -0.0168959 0.00286182 -0.0189996 -0.0257338 0.00282882 0.000367946 -0.00211365 0.00334216 0.0142301 -0.0030425 0.00518871 0.00923874 0.00311735 -0.0031946 -0.014974 -0.00612714 -0.00883831 -0.00499233 -0.0181871 -0.00735471 -0.0390149 0.00508938 -0.0179813 0.0135375 0.0206873 0.00278213 0.00815393 0.0256796 -0.00211278 0.00657638 -0.00338924 -0.0249787 -0.00308487 0.0127153 0.0197009 -0.0367986 -0.00572049 0.0247666 -0.0225475 -0.0276601 0.0127478 -0.0135733 -0.0226559 -0.0167178 -0.0082145 -0.0247066 -0.0173647 -0.017592 -0.0242318 0.005583 -0.00478645 -0.00930096 -0.0117032
internal_weight=7365.84 807.297 244.86 25.5758 562.437 20.4607 98.2318 58.4467 24.9062 19.3044 6558.54 10.553 14.9845 6547.79 574.722 383.622 160.363 59.2767 101.087 191.1 133.024 86.6784 58.0755 24.7976 223.259 165.959 110.014 34.682 22.8157 11.8662 14.7367 55.9443 39.7783 46.3457 57.3004 43.9925 16.2511 27.7414 29.2146 17.7078 11.2968 17.4787 28.7354 21.5908 11.7877 46.9001 36.0503 39.7851 31.0368 9.90763 9.5244 464.206 80.1948 38.8466 41.3482 30.0381 31.5133 24.114 33.2779 15.9216 72.3511 64.1163
internal_count=30196 4372 1348 134 3024 103 559 335 139 106 25824 56 84 25784 2290 1542 633 226 407 748 515 342 233 103 909 683 447 146 93 53 58 236 152 173 226 171 60 111 114 71 48 71 110 81 52 190 133 224 178 47 52 2465 419 199 220 157 165 128 130 64 297 265
cat_boundaries=0 1 2 3 4 5 6
cat_threshold=36 8 1 8 1 1
is_linear=0
shrinkage=0.04


Tree=29
num_leaves=63
num_cat=9
split_feature=7 11 1 9 9 9 1 1 9 11 9 0 1 12 0 11 9 5 0 14 9 15 11 14 10 5 9 5 9 9 11 9 9 10 11 9 9 9 9 9 0 10 0 0 16 16 0 11 9 1 9 11 10 1 9 1 15 13 9 1 16 11
split_gain=338.595 2.63438 3.8759 6.55649 3.11707 2.98015 2.63233 2.79099 4.14507 3.05101 2.51814 2.37507 2.19618 4.09042 4.82278 6.43194 5.90711 5.74604 3.60505 5.38808 4.60446 3.3906 3.60572 5.08456 3.73447 4.23313 3.25123 3.08683 2.80004 2.60572 4.56796 3.65172 3.5011 2.69674 2.57531 8.38644 3.93879 2.50725 3.63915 2.44707 2.39956 2.23878 2.22118 2.17958 3.17848 2.13025 2.09048 4.24292 4.23012 3.49561 2.96236 2.58513 2.33482 5.56561 2.97641 2.96101 2.0235 5.98407 4.56198 3.74281 3.3854 13.5699
threshold=2.5000000000000004 1.0000000180025095e-35 22.500000000000004 4.5500000000000007 4.2500000000000009 4.7500000000000009 13.500000000000002 20.500000000000004 4.1500000000000012 1.5000000000000002 2.5500000000000003 12.500000000000002 22.500000000000004 0 12.500000000000002 1.0000000180025095e-35 4.7500000000000009 1.0000000180025095e-35 12.500000000000002 1 4.6500000000000012 2 1.0000000180025095e-35 3 1.0000000180025095e-35 1.0000000180025095e-35 4.8500000000000005 1.0000000180025095e-35 4.5500000000000007 4.8500000000000005 1.0000000180025095e-35 4.6500000000000012 4.3500000000000005 1.5000000000000002 1.0000000180025095e-35 4.5500000000000007 4.2500000000000009 4.5500000000000007 4.7500000000000009 4.8500000000000005 7.5000000000000009 1.5000000000000002 7.5000000000000009 1.0000000180025095e-35 4 5 7.5000000000000009 1.0000000180025095e-35 4.5500000000000007 22.500000000000004 4.3500000000000005 1.5000000000000002 1.0000000180025095e-35 10.500000000000002 4.6500000000000012 21.500000000000004 6 7 3.7500000000000004 17.500000000000004 8 1.5000000000000002
decision_type=2 8 2 10 10 10 2 2 8 8 8 8 2 1 8 10 8 2 10 9 10 1 8 9 2 2 10 2 8 8 10 10 10 2 10 8 10 10 10 10 8 2 10 10 9 9 8 10 10 2 10 10 2 2 10 2 1 9 8 2 9 10
left_child=1 2 -1 -4 6 -5 43 -8 9 -9 -2 -7 56 18 21 16 -16 -17 19 -14 27 29 26 37 25 -25 -23 34 -20 30 31 -15 -32 42 -21 36 -36 -24 -39 -19 -22 -40 -34 44 -3 -28 47 -6 -49 51 -48 52 53 -50 -55 -54 57 -12 -59 60 61 -58
right_child=10 4 3 5 46 11 7 8 -10 -11 12 -13 13 14 15 17 -18 39 28 20 40 22 23 24 -26 -27 45 -29 -30 -31 32 -33 33 -35 35 -37 -38 38 41 -41 -42 -43 -44 -45 -46 -47 50 48 49 -51 -52 -53 55 54 -56 -57 59 58 -60 -61 -62 -63
leaf_value=-0.030050986083388468 0.022130406122614358 -0.034598159592339736 -0.054648280516340658 0.012186445418873634 0.013574328762048143 0.00084780867283762266 -0.042913871397283539 -0.024984496816037295 -0.055825873929474662 0.013136362784173003 0.0013299632791808739 -0.037252638641363911 0.01990559185255503 0.0052805390034667164 0.023841081112926432 -0.0089283205822477309 -0.0020386887534780272 0.018952909061115839 -0.020175992029340426 0.021063771683070689 -0.016050246180714881 -0.02377067898926747 -0.036266370709491708 -0.00031714775597730885 0.010998859753277929 -0.031411539413718902 0.018414268214640823 0.031584210465674237 0.0014430723933512516 -0.012366461470919434 0.025133814616820793 0.043241431045948187 0.012437164096379292 -0.030032275817401012 0.0011108036709073065 0.033346619343978604 -0.046204806341530451 0.0049944419574049163 -0.0073335553297323528 -0.0080539008110698147 0.0022612994821806084 -0.03928498076091029 -0.019364171452354653 -0.0042404400442515883 -0.005364506846052202 -0.012086875357753298 -0.0040403653181998516 -0.045692905389882556 0.032630367953552196 -0.047047874014408964 -0.021158971888087932 -0.048177200379301149 -0.028555299590055542 0.0079580508973064439 -0.025179876936569787 -0.001380415335269361 -0.00060164344591551785 0.029013054653861638 0.0061651290345436432 0.0036654916862513369 0.0021948031967690463 -0.048432003715937998
leaf_weight=216.52714024484158 10.707191050052641 22.574889957904816 4.9881519675254848 9.9466960430145281 4.1258309781551352 5.1854884773492786 32.904143884778023 14.82240410149098 5.4689168334007254 4.3436101824045172 661.64214843511581 5.2866696417331704 46.241870075464249 7.9295607358217266 35.954165831208229 72.355449959635735 23.22838419675827 21.546832069754604 12.113084450364111 11.49190239608288 19.857165098190308 38.448909744620323 8.5554171800613386 32.965456426143646 33.471390947699547 8.895424544811247 5.2275185734033585 10.5286798030138 45.934967145323753 13.311280325055121 5.9609765261411694 8.2970546036958677 9.1095813065767306 6.9457504898309699 5.3103688806295413 6.3960766196250907 5.9904264807701111 11.90532796084881 6.347908139228819 7.1492318063974372 27.043498352169991 7.8449805974960327 5.7210338860750189 8.7327166944742185 8.080901652574541 12.246772363781931 17.044899508357048 17.800908371806145 3.9748462736606625 10.034443721175192 316.59556494653225 5.7638758867979041 51.46354903280735 5.496964484453204 20.546648859977722 7.3290445655584326 503.73883917927742 14.223045229911802 826.16463625431061 2221.4436614066362 1735.1139373034239 9.6727312952280027
leaf_count=1214 40 134 31 47 19 26 196 84 33 22 2614 30 173 31 133 297 93 81 51 43 83 165 38 132 130 39 20 38 182 55 22 29 35 30 21 23 27 47 26 29 107 35 24 46 44 51 87 101 19 57 1691 33 281 28 111 38 2004 52 3219 8718 6843 44
internal_value=-0.000247745 -0.0248315 -0.0283167 -0.0135366 -0.0233179 -0.0034934 -0.0298373 -0.0352912 -0.0251098 -0.0163451 0.00274802 -0.0183865 0.00271632 0.000353797 -0.00202994 0.00321164 0.0136836 -0.00292145 0.00498641 0.00888089 0.00299526 -0.00588405 -0.00848736 -0.00479409 0.00103904 -0.0069247 -0.0172687 0.013017 -0.00306825 0.00267223 0.00783343 0.0246908 -0.00202832 -0.00946358 0.00631964 -0.00325482 -0.0239707 -0.0174745 -0.0113143 0.0122245 -0.00549158 -0.0249944 0.000169533 -0.0218701 -0.0268921 -0.00296231 -0.0219447 -0.0263225 -0.0276672 -0.0245999 -0.0202844 -0.0222181 -0.0205334 -0.0114568 -0.0181855 -0.0251677 0.00294352 0.00423227 0.00647477 0.00249541 0.00135053 -0.00150277
internal_weight=7356.07 799.038 241.934 25.407 557.104 20.4189 96.9276 57.5391 24.6349 19.166 6557.03 10.4722 6546.33 574.326 383.418 160.234 59.1826 101.052 190.908 132.86 86.6181 223.184 165.909 109.986 75.3323 41.8609 55.9232 39.7175 58.0481 57.2752 43.964 16.2266 27.7373 21.7764 29.1888 17.6969 11.3008 34.6536 26.0982 28.6961 46.9007 14.1929 14.8306 39.3885 30.6558 17.4743 460.177 126.536 122.41 104.609 333.64 94.5749 88.8111 30.0185 26.0436 58.7926 5972 1502.03 840.388 4469.97 2248.53 513.412
internal_count=30196 4372 1348 134 3024 103 559 335 139 106 25824 56 25784 2290 1542 633 226 407 748 515 342 909 683 447 301 171 236 152 233 226 171 60 111 89 114 71 48 146 108 110 190 61 59 224 178 71 2465 687 668 567 1778 510 477 158 139 319 23494 5885 3271 17609 8891 2048
cat_boundaries=0 1 2 3 4 5 6 7 8 9
cat_threshold=36 8 1 8 1 4 8 3 4
is_linear=0
shrinkage=0.04


Tree=30
num_leaves=63
num_cat=14
split_feature=7 15 10 9 16 6 13 1 1 11 1 6 12 11 9 9 16 1 6 1 11 5 9 11 11 16 9 11 12 9 7 16 9 12 6 6 12 6 9 6 14 1 14 9 11 9 6 6 12 3 9 6 4 9 9 1 9 1 16 11 1 6
split_gain=311.554 3.32024 7.68073 4.89423 4.76905 4.44434 5.59269 4.21909 4.79243 4.4613 3.81217 3.92558 3.99021 3.79137 3.36595 3.45532 7.16934 4.53373 6.49656 3.40417 3.18712 4.63363 3.0845 3.20656 3.07127 2.71415 2.64648 5.17232 2.57319 7.81861 6.43907 3.36957 3.49754 3.32214 3.38536 3.2858 4.2284 4.31603 3.21689 3.2064 2.97287 4.25777 2.77652 2.66035 3.42654 2.55648 2.54542 3.078 2.50254 3.41804 4.61339 2.45902 5.71207 2.71044 2.28699 3.40871 2.95605 2.98528 2.6624 2.36603 2.80043 3.43967
threshold=2.5000000000000004 0 1.5000000000000002 4.4500000000000011 1 5.5000000000000009 2 9.5000000000000018 20.500000000000004 1.0000000180025095e-35 22.500000000000004 1.5000000000000002 3 1.0000000180025095e-35 4.9500000000000011 4.8500000000000005 4 22.500000000000004 1.5000000000000002 14.500000000000002 1.5000000000000002 1.0000000180025095e-35 3.9500000000000006 inf 1.0000000180025095e-35 5 4.1500000000000012 1.0000000180025095e-35 6 4.6500000000000012 3.5000000000000004 7 4.6500000000000012 8 2.5000000000000004 1.0000000180025095e-35 9 1.5000000000000002 4.9500000000000011 2.5000000000000004 10 17.500000000000004 11 4.8500000000000005 1.0000000180025095e-35 3.5500000000000003 3.5000000000000004 1.5000000000000002 12 1.0000000180025095e-35 4.7500000000000009 5.5000000000000009 1.0000000180025095e-35 4.6500000000000012 3.6500000000000008 19.500000000000004 4.0500000000000007 -1.0000000180025095e-35 13 1.0000000180025095e-35 18.500000000000004 3.5000000000000004
decision_type=2 1 2 10 9 2 9 2 2 10 2 2 1 10 10 10 9 2 2 2 10 2 10 8 10 9 10 8 1 10 2 9 10 1 2 2 1 2 10 2 9 2 9 10 10 10 2 2 1 2 10 2 2 10 10 2 8 2 9 8 2 2
left_child=22 2 3 10 -3 6 28 9 -9 -7 11 25 26 48 15 51 -17 18 -18 -16 54 -22 -1 -24 -12 45 27 -13 29 30 -5 32 35 40 -35 -30 37 -37 -31 -38 -34 -42 43 44 -36 -2 47 -21 49 -4 -51 -15 53 -53 -14 56 -56 -58 -57 -59 61 -61
right_child=1 4 13 5 -6 7 -8 8 -10 -11 24 12 20 14 19 16 17 -19 -20 46 21 -23 23 -25 -26 -27 -28 -29 31 38 -32 -33 33 34 42 36 39 -39 -40 -41 41 -43 -44 -45 -46 -47 -48 -49 -50 50 -52 52 -54 -55 55 58 57 59 -60 60 -62 -63
leaf_value=-0.032748238284026635 0.0018661321416314092 0.0221428951307081 0.011882141591853244 -0.015556734917946265 0.0022527309440732437 -0.042489021262386122 -0.0043332279048787972 0.018044599489640378 -9.4878150362134699e-05 0.0039834172981492036 0.011493532148935084 0.042457497275967961 0.014293756752954995 0.0077435212078538034 -0.0052483126977595565 0.026051638988652301 0.0054263816198530223 0.023916424011689773 -0.03009575780659619 0.014887363023892285 0.003450623606263502 -0.041245524941526723 -0.023426285806387472 -0.0047566550927208443 -0.025589751378502987 -0.00091265844303384182 0.029875590898174958 -0.0049556062012089588 0.025209477429518779 0.015497510463786526 0.024738650185721391 0.0073862838568736324 0.010743791662049361 -0.017917864064484448 0.023760209638568137 -0.016805078905762404 0.0035470650647018804 0.023746173712668212 -0.00262903753619131 -0.022996611682345104 -0.041884986477288014 0.0089288119362516249 0.011658716376774979 -0.019909334915092343 -0.010307168948283173 0.025524104532033368 0.009079869361143111 0.051295680474846214 0.017785777952583785 -0.013827757843519415 0.013200103353624988 -0.004133214399802479 -0.028394148207644045 0.02139904478918048 -0.025438606011778546 0.016661154282217455 -0.023518795651909018 -0.015545699616348488 -0.01504454468558954 0.033165747365835135 -0.017254376015354879 0.0021890195948777703
leaf_weight=56.435109376907349 8.8663545697927457 19.363415315747261 86.370864897966385 33.118369534611702 4916.7281396389008 4.9568413197994206 289.36852356791496 62.961225017905235 36.997628316283226 9.9189260601997375 5.691121339797971 5.1494832038879421 25.64025504887104 235.16251954436302 7.7008578628301612 9.5193540751934052 12.81773756444454 4.8196883350610724 23.054009348154068 6.5821845680475262 8.6428841799497587 6.5036017447710028 717.26124078035355 15.027699574828146 9.6030938625335693 10.584673389792441 19.261112198233604 12.912531971931456 11.111429259181021 95.637266129255295 7.8487219959497443 80.226336136460304 31.647272422909737 47.055608659982681 7.0167633444070825 5.2994781732559231 13.461459234356882 20.232035547494888 18.733239769935608 15.860495552420614 4.7496300339698774 5.9355576783418655 14.593065351247786 18.371930375695229 14.456158503890038 41.583793923258781 9.577533692121504 8.5297944843769056 86.768824428319931 23.336432114243507 17.820904195308685 16.217581689357761 10.455798760056494 11.279146462678908 9.6331326663494092 25.395742252469063 7.7892236411571423 7.989399313926703 5.0862927883863476 9.7357947230339104 5.2969330400228491 13.958421871066092
leaf_count=340 35 72 331 137 19393 22 1162 237 147 39 22 18 98 912 31 35 50 18 99 25 34 29 3943 75 41 42 70 52 41 363 29 312 122 196 26 22 53 75 75 67 21 23 56 77 59 153 37 29 325 96 68 65 45 42 41 96 33 33 21 35 22 55
internal_value=2.17195e-05 0.0028632 0.00442085 0.00247824 0.00232604 0.0010549 -8.88763e-05 0.00837291 0.0113307 -0.0115019 0.00753084 0.0088499 0.00560978 0.00820934 0.00567729 0.00444575 -0.00519827 -0.0125089 -0.0174029 0.0179707 0.0013583 -0.015741 -0.0237376 -0.0230432 -0.0117907 0.0175027 0.0154276 0.00856188 0.00270543 0.00672468 -0.0078367 0.000400278 -0.00225217 -0.00574989 -0.00915797 0.00537406 0.00135609 0.0110149 0.0125285 -0.00806137 0.00370842 -0.0136582 -0.00326829 -0.00873526 0.000825118 0.0213663 0.025213 0.0354376 0.0124123 0.00682637 -0.00212484 0.00621875 -0.00322907 0.00634011 0.00382451 0.000662177 -0.00533781 -0.00101272 0.0113707 0.00372775 0.00903913 0.0149171
internal_weight=7383.71 6594.99 1658.9 1088.88 4936.09 849.558 734.723 114.835 99.9589 14.8758 239.324 224.03 162.995 570.013 355.716 323.326 50.2108 40.6914 35.8717 32.3904 125.672 15.1465 788.724 732.289 15.2942 61.0348 37.3231 18.062 445.355 155.338 40.9671 290.017 209.791 143.826 101.494 65.9649 54.8535 25.5315 114.371 29.322 42.3325 10.6852 54.4379 39.8449 21.4729 50.4501 24.6895 15.112 214.297 127.528 41.1573 273.115 37.9525 27.4967 110.525 84.8849 54.4029 44.7698 30.482 36.9805 28.9911 23.6942
internal_count=30322 25964 6499 4291 19465 3361 2916 445 384 61 930 867 637 2208 1388 1266 202 167 149 122 497 63 4358 4018 63 230 140 70 1754 604 166 1150 838 580 414 258 217 97 438 120 166 44 218 162 85 188 91 54 820 495 164 1064 152 107 434 336 219 178 117 145 112 90
cat_boundaries=0 1 2 3 4 5 6 7 8 9 10 11 12 13 14
cat_threshold=8 2 12 4 4 1 24 1 2 36 4 4 43 1
is_linear=0
shrinkage=0.04


Tree=31
num_leaves=63
num_cat=8
split_feature=7 15 10 9 16 6 1 8 1 11 1 6 12 9 12 8 12 11 8 10 6 1 1 11 1 1 8 1 9 8 8 0 16 9 9 1 8 3 8 0 0 5 9 12 14 8 9 11 0 3 1 11 0 8 0 0 6 8 11 3 1 0
split_gain=289.826 3.07493 7.12341 4.52028 4.40781 4.10147 3.89085 7.82696 4.42641 3.53718 3.51604 3.62949 3.68461 3.50282 6.75201 4.79514 4.95151 6.50748 4.65994 4.56526 5.67287 5.17919 4.26762 3.65772 3.67623 3.53536 3.53511 3.316 3.11007 7.37238 3.94481 9.36296 5.19284 6.92512 4.85825 4.53606 4.11512 4.02098 5.73531 4.01854 3.78081 7.0748 3.55302 3.98543 3.29181 3.20406 2.97504 3.02115 4.20988 2.98789 2.96796 2.93824 5.22794 3.70713 7.1086 5.04948 6.13497 3.34596 4.51859 2.89567 2.88101 3.20783
threshold=2.5000000000000004 0 1.5000000000000002 4.4500000000000011 1 5.5000000000000009 9.5000000000000018 33.500000000000007 20.500000000000004 1.0000000180025095e-35 22.500000000000004 1.5000000000000002 2 4.7500000000000009 3 35.500000000000007 4 1.5000000000000002 20.500000000000004 1.0000000180025095e-35 2.5000000000000004 20.500000000000004 17.500000000000004 1.0000000180025095e-35 20.500000000000004 1.0000000180025095e-35 26.500000000000004 14.500000000000002 4.9500000000000011 35.500000000000007 30.500000000000004 12.500000000000002 5 4.6500000000000012 4.4500000000000011 21.500000000000004 37.500000000000007 1.0000000180025095e-35 32.500000000000007 12.500000000000002 1.0000000180025095e-35 1.0000000180025095e-35 4.8500000000000005 6 7 22.500000000000004 3.9500000000000006 inf 7.5000000000000009 1.0000000180025095e-35 18.500000000000004 1.5000000000000002 12.500000000000002 25.500000000000004 7.5000000000000009 12.500000000000002 3.5000000000000004 32.500000000000007 1.0000000180025095e-35 1.0000000180025095e-35 15.500000000000002 7.5000000000000009
decision_type=2 1 2 10 9 2 2 10 2 10 2 2 1 10 1 10 1 8 10 2 2 2 2 10 2 2 10 2 10 10 8 10 9 10 10 2 10 2 8 8 10 2 10 1 9 10 10 8 8 2 2 10 8 8 10 10 2 10 8 2 2 8
left_child=46 2 3 10 -3 13 7 -7 -8 -4 11 -2 -13 15 23 16 17 -5 -18 21 59 22 -17 24 -15 -16 -26 -22 30 -30 34 32 36 37 45 42 -32 40 -39 -37 41 -34 43 60 -42 -11 -1 -48 -49 -50 -19 53 -53 54 -14 57 -57 -55 -59 -21 -36 -62
right_child=1 4 9 5 -6 6 8 -9 -10 28 -12 12 51 14 25 19 18 50 -20 20 27 -23 -24 -25 26 -27 -28 -29 29 -31 31 -33 33 -35 35 39 -38 38 -40 -41 44 -43 -44 -45 -46 -47 47 48 49 -51 -52 52 -54 55 -56 56 -58 58 -60 -61 61 -63
leaf_value=-0.031941314098279328 0.01683418653623471 0.021306628013861989 0.011961581820884887 0.0019525576339452302 0.0021629050427902597 -0.031480441967887719 0.017346185951497169 0.030128404152139552 -9.108246425077257e-05 0.0050407694015033892 -0.011315562277322036 0.01483204789828849 0.01337129220805444 -0.0050971568847642005 -0.017709025730029814 -0.005520692648324446 -0.039056886474108266 0.0089408246084041638 -0.0046480696430936585 -0.024989883337404019 -0.029239060435080958 -0.027507407408244693 0.029317567944499846 0.016273275309405567 -0.0081492688465354558 1.8747214832158377e-06 0.029596807280744934 0.0089934420943645239 0.026794066547662154 -0.02105888739357242 0.010341767978581076 0.025442281593843239 0.018948021477758849 -0.014030745454762699 0.0096401049152682067 0.0013323004576787662 0.047971987048043604 0.026729530178698679 -0.018163335198302818 -0.034010374876933057 0.0069358107492394974 -0.029170757402095772 -0.0079907180851405066 0.014389525546385633 0.046440568084045071 -0.028459215058543708 -0.022712814767510411 0.0313362848451273 -0.034357368802763848 0.0077836512792356328 0.047710532386944379 -0.040425104846910059 0.0067094950356482528 0.0098028318301263059 -0.036001582449747022 0.057883570564515908 0.0082939881465178868 -0.03368146193289414 0.0012779945172055468 -0.056720617712101379 0.01108532402358762 -0.024730986402691085
leaf_weight=55.564205929636955 60.92360894382 19.319375559687614 214.07892929017544 145.17650297284126 4916.0971495211124 9.9432208091020566 62.878093436360359 4.937784567475318 36.997855827212334 6.6313717514276531 15.298426404595373 37.257350936532021 8.8858253061771411 34.849347770214081 19.652349635958672 14.155427008867266 6.6017558425664893 5.427940756082533 136.59146797657013 12.741440623998644 5.5947619974613181 8.8985174149274808 9.3366687595844251 73.685945197939873 5.9177180081605938 218.87533654272556 12.061049506068228 10.33402445912361 25.910032287240028 6.4294729232788077 19.494142070412639 39.941238760948181 17.838528960943226 39.093515023589134 14.790521159768103 11.354387894272806 6.1061832308769217 6.2764375358819988 16.584557995200157 9.4161346256732923 5.4093550443649292 6.7344812899827948 24.191629394888878 56.69005423784256 8.9731862246990186 14.68149910867214 710.34305103123188 3.8743941336870167 6.5648817718029022 4.5631822645664215 7.5590308457612991 7.0115547180175755 8.1314728707075119 42.706937715411186 9.824513375759123 6.3164128512144115 10.845306128263472 7.8449265658855465 24.052571639418602 7.2029832303524008 5.7332399189472225 13.242282301187513
leaf_count=340 230 72 820 573 19393 43 237 18 147 26 63 140 34 140 82 57 29 21 549 54 24 38 34 279 24 869 44 40 95 27 75 147 67 161 57 45 21 23 69 41 21 29 98 214 31 63 3943 17 36 22 26 31 32 165 43 21 42 34 95 33 22 56
internal_value=2.11668e-05 0.00275018 0.00424953 0.00237861 0.00223332 0.00101103 0.00804375 -0.0110375 0.0108868 0.00789949 0.00723705 0.00850526 0.00538985 -8.75055e-05 0.00269177 -0.00283235 -0.000663962 0.00411886 -0.00582748 -0.0124049 -0.0222342 -0.00151879 0.00832538 0.00974422 0.00248184 -0.00139869 0.0171727 -0.00443519 0.00545349 0.0172803 0.00427003 0.0085583 0.00322777 -0.000854055 -0.000284203 0.00250966 0.0193173 0.00747904 -0.00583809 -0.01469 0.0152942 0.00576058 0.00562569 0.00926726 0.0315826 -0.0180359 -0.023021 -0.0223377 -0.00457423 -0.017077 0.0315066 0.00130482 -0.0151149 0.00367358 -0.0125537 0.00698217 0.0265456 0.00248188 -0.00732 -0.0364495 -0.00277287 -0.0139095
internal_weight=7374.45 6593.54 1658.12 1088.52 4935.42 849.419 114.757 14.881 99.8759 569.601 239.099 223.8 162.877 734.662 365.042 369.621 301.357 158.163 143.193 68.2638 35.8732 32.3906 23.4921 126.514 52.8281 238.528 17.9788 15.9288 355.522 32.3395 323.183 166.452 126.51 100.91 156.731 135.418 25.6003 61.8165 22.861 20.7705 38.9556 24.573 114.648 90.4561 14.3825 21.3129 780.91 725.346 15.0025 11.1281 12.987 125.62 15.143 110.476 18.7103 91.7662 17.1617 74.6044 31.8975 19.9444 33.766 18.9755
internal_count=30322 25964 6499 4291 19465 3361 445 61 384 2208 930 867 637 2916 1438 1478 1198 620 578 280 151 129 91 487 208 951 68 64 1388 122 1266 644 497 401 622 533 96 240 92 86 148 96 447 349 52 89 4358 4018 75 58 47 497 63 434 77 357 63 294 129 87 135 78
cat_boundaries=0 1 2 3 4 5 6 7 8
cat_threshold=8 2 4 24 21 4 40 8
is_linear=0
shrinkage=0.04


Tree=32
num_leaves=63
num_cat=11
split_feature=7 8 15 10 9 16 1 9 12 11 16 11 8 16 13 8 16 1 8 12 11 16 1 0 9 5 8 9 16 10 11 0 11 8 8 1 7 5 10 1 8 3 1 11 0 8 11 9 9 8 8 0 16 9 9 1 8 3 8 0 0 5
split_gain=269.626 2.97189 2.90225 6.45607 4.20564 4.08953 3.64071 5.00745 6.2797 5.31615 4.66084 5.66221 4.55755 9.50686 4.17476 6.44166 5.53203 4.86869 4.85097 6.26665 10.3378 6.51075 7.27963 4.58878 4.48091 4.1071 3.92234 3.72029 3.84569 10.4597 4.67059 3.61577 3.46304 5.14026 5.72181 3.93433 3.40244 5.99751 5.39907 3.36784 3.25977 5.16473 3.25146 3.22223 3.49935 3.2203 3.07845 2.86873 2.86046 6.99128 3.63371 8.63279 4.78357 6.41248 4.49416 4.20184 3.81733 3.78023 5.28853 3.69899 3.43111 5.5866
threshold=2.5000000000000004 44.500000000000007 0 1.5000000000000002 4.4500000000000011 1 1.0000000180025095e-35 4.7500000000000009 2 1.0000000180025095e-35 3 1.0000000180025095e-35 21.500000000000004 4 5 30.500000000000004 6 17.500000000000004 35.500000000000007 7 1.5000000000000002 8 21.500000000000004 12.500000000000002 4.5500000000000007 1.0000000180025095e-35 28.500000000000004 4.8500000000000005 9 1.0000000180025095e-35 1.5000000000000002 1.0000000180025095e-35 1.0000000180025095e-35 26.500000000000004 31.500000000000004 19.500000000000004 3.5000000000000004 1.0000000180025095e-35 1.0000000180025095e-35 8.5000000000000018 23.500000000000004 1.0000000180025095e-35 22.500000000000004 1.5000000000000002 7.5000000000000009 27.500000000000004 1.0000000180025095e-35 3.9500000000000006 4.9500000000000011 30.500000000000004 30.500000000000004 12.500000000000002 10 4.6500000000000012 4.4500000000000011 21.500000000000004 37.500000000000007 1.0000000180025095e-35 32.500000000000007 12.500000000000002 1.0000000180025095e-35 1.0000000180025095e-35
decision_type=2 10 1 2 10 9 2 10 1 10 9 10 10 9 9 10 9 2 10 1 8 9 2 10 10 2 10 10 9 2 8 10 8 10 10 2 2 2 2 2 10 2 2 8 10 10 10 10 10 10 8 10 9 10 10 2 10 2 8 8 10 2
left_child=47 2 3 4 42 -4 10 14 9 31 11 -6 13 -10 15 26 -17 -18 19 20 21 22 36 32 -23 -25 -8 43 29 -29 -30 -9 40 -34 -35 -36 37 -16 -39 -11 -21 -42 -2 44 -14 -12 -5 -1 50 -50 54 52 56 57 -48 -56 -52 60 -59 -57 61 -54
right_child=1 -3 5 46 6 -7 7 8 12 39 45 -13 27 -15 18 16 17 -19 -20 23 -22 24 -24 25 -26 -27 -28 28 30 -31 -32 -33 33 34 35 -37 -38 38 -40 -41 41 -43 -44 -45 -46 -47 48 -49 49 -51 51 -53 53 -55 55 59 -58 58 -60 -61 -62 -63
leaf_value=-0.03115465816372217 0.0081992376233950021 0.027002672787698224 0.020504906458952497 0.011348990086688097 -0.061408380642851264 0.0020430075487155373 0.0021055830845551409 0.026003590445054851 -0.001314153628507166 0.041686153120785725 -0.01390103805226197 -0.0095919683364459538 0.017654364465914153 0.057974279916353913 0.00075509444960974222 0.02708503815946825 -0.029175243096164531 0.023298665471065846 -0.014720773852989859 0.021712474790188625 0.045179988817843519 -0.015241745504038187 0.014233905624377232 -0.0060766683038456408 0.023456169303849906 0.022042323012799594 -0.025293246398005072 0.040643661283177084 -0.015760854538033685 -0.01959915493050127 0.017713525718091056 -0.0013734321990396077 -0.03426020715699768 0.0071080733486113198 -0.0080203376476405668 -0.055596822755427898 -0.034638242041339931 -0.006629645963021312 -0.05969813915709251 0.013412792306422054 -0.032690852461332104 0.0092638028757154808 -0.010856990315371535 -0.026285431315501383 -0.0013465299536784584 0.0050857326418026769 -0.017302735046053612 -0.021652524258966622 0.034831683244221472 -0.0024072066162651369 0.0099364263885257688 0.024489033723886812 0.017491344842348776 -0.013457028475830168 0.0054534527512286393 0.001279092055211024 0.046237111950053901 0.025723936674263585 -0.017415932488976021 -0.032622037305525015 0.030438415008522238 -0.025831158425754133
leaf_weight=54.706083759665489 223.60609905421734 8.0032950788736326 19.272709339857101 213.25409138202667 5.1483495831489554 4908.5635944008827 47.447936803102493 8.6977630555629712 13.812870100140572 7.1365385949611655 23.730391651391983 9.7915297895669937 26.489390164613724 6.3014082759618768 33.600461140275002 29.748893991112709 6.3094755411148054 5.1287411898374557 54.222272574901581 6.7015976607799557 9.5218180269002897 5.8090272396802893 23.279742226004601 26.53281757235527 27.225526452064514 12.101754546165465 10.147871568799017 8.5174567550420761 65.590719133615494 10.055210158228874 7.4239413291215888 68.576225951313972 22.958586886525154 15.674600481987001 5.9222452044486982 5.2431822568178177 9.2052648663520795 6.4433269351720792 5.8543460965156555 121.58601771295071 8.9874003976583481 9.8290301263332367 15.306635320186613 5.1752869933843604 37.409355342388153 35.937867015600204 21.32671944797039 718.51115913689137 16.494283720850945 15.787088155746458 19.478131085634235 39.838230416178703 17.517541110515598 39.129036918282509 114.59985534846783 11.353657945990564 6.0823539793491355 6.261231109499934 16.604016497731209 9.4240112006664258 14.327797174453734 6.5408429056406012
leaf_count=340 867 30 72 818 24 19367 187 32 55 25 98 40 100 21 133 109 27 19 224 25 33 24 89 107 101 45 43 30 272 42 28 273 100 61 24 24 40 26 27 464 39 38 63 22 149 141 89 4018 59 63 75 147 66 161 447 45 21 23 69 41 52 28
internal_value=2.15189e-05 0.00264264 0.00261303 0.00406966 0.0022899 0.00211093 0.000970977 0.00178374 0.00500437 0.00953854 -0.00746807 -0.0274481 -0.000653864 0.0172597 -0.00142756 0.00537212 0.017995 -0.00564665 -0.00380505 -0.00144725 0.00478031 0.00175677 -0.00452051 -0.00779239 0.0166513 0.00273122 -0.00272185 -0.00293729 -0.00822335 0.0080283 -0.0123573 0.00170806 -0.0142252 -0.0203651 -0.00847937 -0.0303618 -0.0124438 -0.00799246 -0.0318931 0.0149803 -0.00224325 -0.0107752 0.00697835 0.00407166 0.00653034 -0.00246541 0.00755089 -0.0223248 0.00526781 0.0166201 0.00413141 0.00825957 0.00312579 -0.000808008 -0.000235818 0.00245282 0.0185745 0.00727252 -0.00560287 -0.0140973 0.0149419 0.00571309
internal_weight=7365.26 6592.05 6584.04 1656.21 1088.19 4927.84 849.276 774.668 386.772 205.997 74.6081 14.9399 180.776 20.1143 387.896 98.7829 41.1871 11.4382 289.113 234.891 120.94 111.418 78.3831 113.951 33.0346 38.6346 57.5958 160.661 91.5873 18.5727 73.0147 77.274 75.3166 49.7986 26.84 11.1654 55.1034 45.8981 12.2977 128.723 25.518 18.8164 238.913 69.074 63.8987 59.6683 568.019 773.217 354.765 32.2814 322.483 165.779 125.941 100.38 156.704 135.378 25.5605 61.2514 22.8652 20.7777 38.3862 24.0584
internal_count=30322 25964 25934 6495 4291 19439 3361 3058 1513 794 303 64 719 76 1545 385 155 46 1160 936 473 440 315 463 125 152 230 643 372 72 300 305 311 209 109 48 226 186 53 489 102 77 930 271 249 239 2204 4358 1386 122 1264 642 495 399 622 533 96 238 92 86 146 94
cat_boundaries=0 1 2 3 4 5 6 7 8 9 10 11
cat_threshold=8 2 26 4 1 8 1 21 1 4 4
is_linear=0
shrinkage=0.04


Tree=33
num_leaves=63
num_cat=15
split_feature=7 9 11 0 3 8 16 17 8 8 8 9 13 11 8 0 12 9 0 12 8 11 14 8 9 3 16 12 14 6 8 8 0 8 9 7 12 14 1 9 6 8 6 11 14 8 1 8 6 11 13 10 16 1 1 17 7 6 10 9 1 9
split_gain=250.767 2.7663 2.8732 3.89969 2.82778 2.76294 2.15207 2.96215 2.07633 1.90091 1.94167 5.26349 4.24919 6.19255 7.47925 7.40308 3.37451 4.76732 3.78776 6.63422 5.44353 4.74562 4.54117 5.91817 4.10477 3.96481 3.12511 3.10575 3.69751 6.11645 6.85753 5.37138 3.08589 7.46049 7.55515 5.64862 4.92431 5.28389 5.1868 8.63273 4.88224 4.49597 6.05058 4.4908 4.40011 8.30341 6.45886 4.37557 5.54418 7.79858 6.22533 4.21173 3.99231 9.57537 4.91747 4.03967 3.79539 3.6061 3.62942 3.39313 4.02683 3.85658
threshold=2.5000000000000004 3.9500000000000006 inf 7.5000000000000009 1.0000000180025095e-35 44.500000000000007 0 1 36.500000000000007 17.500000000000004 29.500000000000004 4.7500000000000009 2 2.5000000000000004 24.500000000000004 7.5000000000000009 3 3.5500000000000003 1.0000000180025095e-35 4 26.500000000000004 1.0000000180025095e-35 5 25.500000000000004 4.6500000000000012 1.0000000180025095e-35 6 7 8 2.5000000000000004 25.500000000000004 20.500000000000004 12.500000000000002 38.500000000000007 4.8500000000000005 3.5000000000000004 9 10 22.500000000000004 4.6500000000000012 3.5000000000000004 32.500000000000007 1.5000000000000002 1.0000000180025095e-35 11 35.500000000000007 18.500000000000004 38.500000000000007 3.5000000000000004 1.5000000000000002 12 1.0000000180025095e-35 13 16.500000000000004 19.500000000000004 14 3.5000000000000004 1.0000000180025095e-35 1.0000000180025095e-35 4.8500000000000005 18.500000000000004 4.9500000000000011
decision_type=2 10 8 8 2 10 9 9 10 8 10 10 9 8 8 10 1 10 10 1 8 10 9 10 8 2 9 1 9 2 8 10 10 10 10 2 1 9 2 10 2 10 2 10 9 10 2 10 2 10 9 2 9 2 2 9 2 2 2 10 2 8
left_child=1 -1 -3 -4 -5 6 7 8 -2 -8 11 12 13 16 -15 -16 17 -11 19 20 21 -18 23 -20 25 -21 -22 -14 29 30 -29 -31 47 34 36 40 38 -38 52 -40 41 42 -36 -37 45 -43 -46 -12 49 50 -49 -48 53 -34 -55 -54 57 58 -39 60 -52 -61
right_child=5 2 3 4 -6 -7 9 -9 -10 10 32 -13 27 14 15 -17 18 -19 22 24 26 -23 -24 -25 -26 -27 -28 28 -30 31 -32 -33 33 -35 35 43 37 56 39 -41 -42 44 -44 -45 46 -47 51 48 -50 -51 59 -53 55 54 -56 -57 -58 -59 -60 61 -62 -63
leaf_value=-0.030386973810551849 0.028978863422797235 -0.02135615344597724 0.030856273099863479 -0.032866314349770817 0.0083775661485499114 0.026108021729740426 0.023384750652976467 -0.011067969500405403 0.00031362817150632969 -0.026183450606587184 0.0029558516205948617 0.0036627602866452875 0.0041688692952993505 0.0062334731132141488 -0.073311665153031544 -0.0098412344630033673 0.020653470243427261 -0.0041576187932878522 0.00075562250206408753 -0.050592036550792793 0.0088854141374193948 -0.021423801179370816 0.0041435945783541411 -0.039892587362876965 -0.008226259601417308 -0.015230168879088797 0.039592112466132888 0.013892536411104174 -0.00050135995017544348 -0.011311185546875959 -0.026228200190038187 0.026077804383048117 -0.045692810404947444 0.016034952808483331 -0.003054286571667245 -0.00012981056233355971 0.015113328933806734 0.027599995168716276 0.00073311122540000535 -0.053789680600211644 -0.0092423693993312923 -0.042921469467876713 0.032040699378965032 -0.035444709684882253 0.021049240549737589 0.010293270158162497 -0.029633782317776362 0.010044727218527458 -0.010278627735062875 0.0362934756899565 0.0047185256089415772 0.0087861724206288617 0.0069476326450908822 0.02526679983598171 -0.014963008126627025 -0.028403444655988364 0.016052378186125257 0.0012623307053315194 0.00041243109149978626 -0.04303104934572563 -0.017814073573353913 -0.0029877306345965473
leaf_weight=53.861918017268181 14.815132036805155 696.99371027946472 3.8859563320875141 6.4201088547706604 4.5411236733198166 7.9475884586572638 6.941367343068122 5.8817238211631802 5.5604465901851645 17.330745816230774 2081.19268925488 1393.3004759550095 500.51657117903233 7.6873448342084911 6.4598256498575193 5.3966489434242249 5.8732585608959207 169.46199952065945 16.200913503766063 9.9046126902103424 21.346030950546265 15.895249933004379 281.34864456951618 8.8678391277790052 24.804124891757965 10.399820744991302 7.0558288842439678 14.169112518429758 819.24953661859035 7.5603650957345954 13.13530610501766 32.903915122151375 8.7464933246374148 90.905035153031349 13.516755163669584 9.5780084580183029 135.53872473537922 18.049363344907764 13.084192410111429 7.2048939615488043 61.220811784267426 9.7028127461671847 18.781800955533981 14.458545699715614 21.679810538887978 9.0836320966482145 9.5277310162782687 44.650407150387764 94.715050131082535 10.080982834100721 33.459505543112755 8.7651641219854337 133.41477859020233 9.5076618641614932 9.94811202585697 5.3806169033050528 44.922055631875992 193.38804937899113 13.911464422941206 8.5631487965583766 20.443447813391685 6.9891226589679727
leaf_count=340 54 3943 17 36 22 30 26 24 22 74 8187 5472 1965 30 31 22 22 680 64 45 83 67 1103 39 101 43 25 54 3258 31 56 121 39 344 54 38 514 66 52 33 249 43 68 63 81 35 41 171 387 36 131 34 518 35 41 23 170 763 55 38 85 28
internal_value=2.03219e-05 -0.0216466 -0.0209853 -0.00357345 -0.0157794 0.00253767 0.00250922 0.0139379 0.0211562 0.00246344 0.00244127 0.00177616 0.000458936 -0.00230825 -0.0244973 -0.0444222 -0.00161057 -0.00588608 0.000511384 -0.00644152 0.00415138 -0.0100711 0.00269004 -0.0136233 -0.0156696 -0.0324799 0.0165138 0.0016761 0.000238719 0.0092207 -0.0054083 0.019092 0.00315446 0.00519818 0.00391783 -0.00335193 0.00607898 0.00845956 0.000445315 -0.0186286 -0.000507445 0.00536531 0.0173537 -0.0213725 -0.00122442 -0.017191 0.00627961 0.00239004 -0.00298939 0.00256999 -0.00040941 -0.0112246 0.00278933 -0.0109309 0.00469652 0.00557719 0.00543575 0.00331938 0.0157662 -0.00749686 -0.00382728 -0.0250358
internal_weight=7356.13 765.703 711.841 14.8472 10.9612 6590.43 6582.48 26.2573 20.3756 6556.22 6549.28 3388.87 1995.57 608.033 19.5438 11.8565 588.489 186.793 401.696 95.2789 50.1704 21.7685 306.417 25.0688 45.1086 20.3044 28.4019 1387.53 887.018 67.7687 27.3044 40.4643 3160.41 860.317 769.411 176.315 593.096 405.81 187.287 20.2891 152.279 91.0577 32.2986 24.0366 58.7592 18.7864 39.9727 2300.09 218.902 124.187 114.106 18.2929 166.998 28.2023 19.4558 138.795 270.271 225.349 31.9608 69.4552 53.903 15.5523
internal_count=30322 4358 4018 75 58 25964 25934 100 76 25834 25808 13386 7914 2429 83 53 2346 754 1592 386 197 89 1206 103 189 88 108 5485 3520 262 110 152 12422 3359 3015 706 2309 1568 741 85 605 356 122 101 234 78 156 9063 876 489 453 75 656 115 76 541 1054 884 121 282 216 66
cat_boundaries=0 1 2 3 4 5 6 7 8 9 10 11 12 13 14 15
cat_threshold=2 1 2 17 6 2 1 81 2 3 8 8 4 4 1
is_linear=0
shrinkage=0.04


Tree=34
num_leaves=63
num_cat=10
split_feature=7 9 11 0 3 15 10 9 1 1 9 12 11 8 16 8 16 10 12 3 1 1 0 8 5 11 7 16 8 8 6 9 16 10 11 14 8 0 1 16 1 6 9 8 6 1 6 11 11 0 6 1 12 0 1 8 8 6 11 9 8 8
split_gain=233.237 2.66598 2.69792 3.58477 2.65107 2.64697 6.0493 4.10116 6.22117 4.72324 5.56609 5.82352 4.92336 4.53332 4.91188 4.20246 8.83515 4.15457 5.06189 5.25299 4.88273 6.52211 4.43127 6.14552 4.22012 3.62138 4.5888 3.57021 3.5209 4.07207 3.50798 3.43036 3.54036 9.65444 4.27074 4.12288 4.39774 3.3447 3.21375 3.19502 3.12672 3.1051 3.30546 3.09362 5.72462 3.16936 3.31734 3.02249 2.98497 3.24743 3.37949 2.9218 2.74754 3.42723 3.80962 3.15251 5.08796 5.31898 3.14555 2.66564 6.52969 3.29622
threshold=2.5000000000000004 3.9500000000000006 inf 7.5000000000000009 1.0000000180025095e-35 0 1.5000000000000002 4.5500000000000007 21.500000000000004 1.0000000180025095e-35 4.7500000000000009 1 1.0000000180025095e-35 36.500000000000007 2 21.500000000000004 3 1.0000000180025095e-35 4 1.0000000180025095e-35 19.500000000000004 18.500000000000004 7.5000000000000009 28.500000000000004 1.0000000180025095e-35 1.0000000180025095e-35 3.5000000000000004 5 28.500000000000004 22.500000000000004 3.5000000000000004 4.8500000000000005 6 1.0000000180025095e-35 1.5000000000000002 7 28.500000000000004 1.0000000180025095e-35 14.500000000000002 8 8.5000000000000018 1.5000000000000002 4.6500000000000012 25.500000000000004 2.5000000000000004 16.500000000000004 2.5000000000000004 1.0000000180025095e-35 1.5000000000000002 7.5000000000000009 1.5000000000000002 21.500000000000004 9 7.5000000000000009 21.500000000000004 35.500000000000007 26.500000000000004 2.5000000000000004 1.0000000180025095e-35 4.9500000000000011 35.500000000000007 30.500000000000004
decision_type=2 10 8 8 2 1 2 10 2 2 10 1 10 10 9 10 9 2 1 2 2 2 8 10 2 10 2 9 10 10 2 10 9 2 8 9 10 10 2 9 2 2 8 10 2 2 2 10 8 10 2 2 1 8 2 10 10 2 8 10 10 8
left_child=1 -1 -3 -4 -5 6 7 8 28 13 17 12 37 14 -9 16 -13 18 19 22 21 -19 -11 -24 41 39 -27 -7 29 -2 -23 48 33 -33 35 38 -37 -12 -34 -10 -14 -21 -43 45 -45 46 -31 -8 49 50 -17 -40 55 -54 -55 56 57 -22 -58 61 -61 -49
right_child=5 2 3 4 -6 27 47 9 25 10 11 15 40 -15 -16 31 -18 20 -20 24 52 30 23 -25 -26 26 -28 -29 -30 43 -32 32 34 -35 -36 36 -38 -39 51 -41 -42 42 -44 44 -46 -47 -48 59 -50 -51 -52 -53 53 54 -56 -57 58 -59 -60 60 -62 -63
leaf_value=-0.029637108315595941 0.0096060014219361365 -0.020699908793435116 0.029344722702928726 -0.03199568928026239 0.0080183837999965295 0.01918599399841572 0.010955763246689046 -0.037010328386353195 -0.0065527702807027782 -0.020913613877479115 0.024904451382217162 -0.0014083318144356275 0.040076228242705042 0.018072309300867173 -0.007848029163013151 -0.0077633675951182266 0.055875602902773713 -0.0091408932313453966 0.0067607952455859734 -0.012174124066645095 0.023657786755352649 -0.064351326563241149 0.035509153112254048 -0.0090212733402657373 0.0048173741235827275 -0.026818204487913295 0.016050193779453145 0.0018958465407900836 0.011969540104093082 -0.053627441098584673 -0.019295512156489648 0.038992625609688615 0.001188970857541557 -0.018923381205838488 0.016791761790629484 0.020938785849973909 -0.016252213681788065 -0.0014515009368318125 -0.03411649441470227 0.029069470329951799 0.012778398567472664 -0.072794452654183064 -0.026680213265196082 0.020634728200657294 -0.014632817976105737 -0.00042757768382195647 -0.012722700490332162 -0.00032468871771466386 -0.025418079628772725 -0.0014373575119877543 0.02516903662844289 -0.0091861529406121779 -0.029048270614416883 -0.018995773844460283 0.015209287057780572 -0.016300481308222134 0.052594825171764462 -0.032363436234224448 0.01687572910687998 0.024904243954656544 -0.020136815601225978 0.0077650539138337743
leaf_weight=53.03270648419857 65.731198668479919 690.4613012522459 3.9219166189432118 6.3328003138303757 4.55448117852211 19.182653516530991 213.54497998952866 11.594916090369225 12.092532530426979 9.0194481164217013 8.6792979240417463 13.810500249266624 7.1064714938402167 8.1790208518505079 45.521863460540771 6.6643240004777935 6.2608934044837961 79.216529205441475 106.57123951613903 6.3419846296310487 5.121194854378702 5.556610628962515 9.7670598328113574 10.07230097055435 6.141596406698226 19.857196226716045 5.0015729516744605 4913.7978888899088 159.17854602634907 5.2541319727897671 5.5031561851501465 8.4893508404493332 7.8321550637483588 10.065376251935959 7.4109249711036673 8.8036041259765643 12.050496950745581 68.56288830935955 26.423008650541306 6.0411474406719217 121.42774359881878 4.6158668547868702 5.3925461620092401 15.247875392436983 14.24255286157131 11.792677938938139 8.0057444721460325 156.63598567247391 5.181671515107154 37.402538329362869 19.79354003071785 10.514876276254652 9.3129815608263034 9.3418626636266726 11.778427079319952 6.0196009576320639 5.8987940996885326 5.763561874628067 11.907928034663199 25.77519029378891 6.4357115179300299 165.98453496396542
leaf_count=340 254 3943 17 36 22 72 820 51 49 38 32 55 25 31 185 27 21 322 414 26 19 26 35 41 24 85 19 19393 610 24 23 30 31 42 28 33 50 273 115 22 464 22 23 57 59 47 33 622 22 149 73 43 40 39 45 25 20 25 45 95 27 644
internal_value=1.99293e-05 -0.020988 -0.0203376 -0.00344483 -0.0152566 0.00243768 0.00382836 0.00210372 0.00588747 0.000509129 0.00146911 0.0046812 0.00905144 -0.00977972 -0.0137681 -0.00075456 0.0164603 -0.00249271 0.00207656 -0.00750079 -0.00713551 -0.0131582 0.00233294 0.0129014 -0.023453 -0.00827784 -0.0181931 0.00195911 0.00806674 0.00290152 -0.0419323 -0.00295258 -0.00802771 0.00757495 -0.0119916 -0.0152421 -0.000551952 0.00150998 -0.0220848 0.00531461 0.0142877 -0.0340721 -0.047948 -0.00517822 0.00360209 -0.0155139 -0.0289309 0.00719574 0.00377998 0.00614913 0.0168739 -0.0270197 0.00121063 -0.00664899 7.9808e-05 0.00777673 0.0155387 -0.00600588 0.0287083 0.00493287 0.0159051 0.00383739
internal_weight=7347.22 758.303 705.27 14.8092 10.8873 6588.92 1655.94 1087.56 322.445 765.118 699.822 386.48 205.776 65.2958 57.1168 180.703 20.0714 313.343 157.922 51.3508 155.421 90.2763 28.8588 19.8394 22.492 42.9924 24.8588 4932.98 279.453 120.274 11.0598 160.632 91.5898 18.5547 73.0351 65.6241 20.8541 77.2422 44.77 18.1337 128.534 16.3504 10.0084 54.543 29.4904 25.0526 13.2599 568.376 69.0421 63.8604 26.4579 36.9379 65.1444 30.4333 21.1203 34.7111 28.6915 10.8848 17.8067 354.831 32.2109 322.621
internal_count=30322 4358 4018 75 58 25964 6499 4291 1259 3032 2765 1513 794 267 236 719 76 1252 623 209 629 371 114 76 95 175 104 19465 1084 474 49 643 372 72 300 272 83 305 189 71 489 71 45 220 116 104 57 2208 271 249 100 158 258 124 84 134 109 44 65 1388 122 1266
cat_boundaries=0 1 2 3 4 5 6 7 8 9 10
cat_threshold=8 26 4 1 34 2 4 4 1 38
is_linear=0
shrinkage=0.04


Tree=35
num_leaves=63
num_cat=7
split_feature=7 1 17 11 1 1 1 15 14 6 6 14 10 8 10 0 11 6 8 7 6 10 5 8 8 0 5 10 8 6 8 10 8 8 0 0 8 8 5 16 11 8 11 0 5 0 8 6 1 11 10 0 1 1 11 15 6 1 1 8 8 14
split_gain=213.824 3.15896 3.00407 3.24875 2.7761 3.86816 3.67593 2.36628 3.66459 5.20089 8.62282 3.58503 4.95429 5.34799 3.71459 4.48331 3.65413 4.871 3.42827 3.55096 4.07787 3.39747 3.29986 3.17633 3.1596 3.2422 2.91462 2.85352 3.81732 2.78695 2.75954 2.43007 2.91487 3.94084 6.83534 4.05894 3.72092 2.70087 2.60636 2.42229 2.37271 2.23855 2.03331 2.55158 3.27677 2.01282 2.41127 2.00108 1.999 6.35999 4.28441 3.87527 5.1432 3.83845 4.45332 3.71742 3.38527 5.26575 3.84633 3.75613 3.59469 3.33422
threshold=2.5000000000000004 22.500000000000004 0 2.5000000000000004 19.500000000000004 21.500000000000004 16.500000000000004 1 2 1.0000000180025095e-35 1.5000000000000002 3 1.5000000000000002 33.500000000000007 1.5000000000000002 7.5000000000000009 1.0000000180025095e-35 2.5000000000000004 35.500000000000007 3.5000000000000004 1.0000000180025095e-35 1.0000000180025095e-35 1.0000000180025095e-35 28.500000000000004 36.500000000000007 1.0000000180025095e-35 1.0000000180025095e-35 1.0000000180025095e-35 38.500000000000007 3.5000000000000004 23.500000000000004 1.5000000000000002 35.500000000000007 23.500000000000004 12.500000000000002 7.5000000000000009 27.500000000000004 30.500000000000004 1.0000000180025095e-35 4 1.0000000180025095e-35 29.500000000000004 1.0000000180025095e-35 12.500000000000002 1.0000000180025095e-35 7.5000000000000009 27.500000000000004 2.5000000000000004 12.500000000000002 1.5000000000000002 1.0000000180025095e-35 7.5000000000000009 9.5000000000000018 15.500000000000002 2.5000000000000004 5 1.5000000000000002 11.500000000000002 1.0000000180025095e-35 37.500000000000007 20.500000000000004 6
decision_type=2 2 9 8 2 2 2 1 9 2 2 9 2 10 2 10 10 2 10 2 2 2 2 8 8 10 2 2 8 2 10 2 10 8 10 10 10 10 2 9 10 10 10 8 2 8 10 2 2 8 2 8 2 2 8 1 2 2 2 10 8 9
left_child=2 48 -1 -4 6 -6 -5 8 31 -10 -11 12 13 -9 16 -16 17 39 19 20 -14 22 29 -24 25 41 -15 28 47 -19 -17 32 33 34 40 38 -37 -38 -35 -13 -3 -18 -12 44 -44 -23 -47 -26 49 50 56 52 -51 54 -50 61 58 59 -2 60 -58 -52
right_child=1 7 3 4 5 -7 -8 11 9 10 42 14 18 26 15 30 24 21 -20 -21 -22 45 23 -25 27 -27 -28 -29 -30 -31 -32 -33 -34 35 -36 36 37 -39 -40 -41 -42 -43 43 -45 -46 46 -48 -49 53 51 55 -53 -54 -55 -56 -57 57 -59 -60 -61 -62 -63
leaf_value=-0.03874540120436186 0.0015764813323236144 -0.029270053249428316 -0.02036901580871818 0.000376487216285974 0.036881091089680205 -0.014437866989822501 -0.045765665179048058 0.0062216271363097269 -0.045075644079375733 0.029624984099614126 -0.027708796537006954 0.011966789086755126 0.043531292054906585 -0.027835719036609492 -0.02377241389624369 -0.022139453839509795 -0.0027605639651828201 0.0090006760108701893 0.0306255554806877 -0.013890468324788611 0.0088862696175980131 0.0045679620352166161 0.001613465633507963 0.036797688640293917 -0.058593832285886799 -0.0028370269380478207 0.0024018670919900092 0.0071236218625083531 0.0044735723416456947 -0.029355783545884848 0.0022187773912670755 0.016673570167751024 0.012338168094863882 -0.0089293305571668015 0.043826304812340608 -0.043816500896646016 0.0046448362608043281 -0.026904680998652824 0.026169675773798518 0.034558070300638864 0.006041190306442428 0.030536720175963598 -0.0041910118185924713 0.0074100736592149418 -0.040802002941811993 -0.004655011405613748 -0.041472655005329699 -0.023935616695699033 0.0064366805825303358 0.034071003892746338 -0.00096331275461563454 -0.011523833216614494 -0.0096496438926211882 0.0027251657862641509 0.033536703838065472 -0.0013913961777507807 0.02140868183909482 -0.017763257050461948 0.013439889372675984 0.01682176065704059 0.0017497112271356605 0.0050640945731516727
leaf_weight=13.806033879518509 67.558043524622917 5.0699667483568209 713.75641122460365 7.1388888508081454 4.7970693558454496 4.6068095564842224 4.5060924589633942 49.047796607017517 7.1168591380119315 7.9538874924182883 14.847882449626921 26.969706818461418 6.2952164560556403 14.683279395103456 23.486613094806671 9.2052708268165571 5.211533620953559 6.6613511890172976 15.143965676426886 8.97021736204624 39.822479248046875 5.5203117877244976 8.3089861422777194 8.1147075891494733 4.7339221239089966 102.10554352402687 7.8151279240846625 5.6366250067949286 4.5815536826848993 5.5612562894821167 38.839930981397629 12.019843637943266 16.294778108596802 9.98735862970352 5.9731167405843726 9.0552146881818789 8.1242359876632708 9.3242529332637769 5.1205917447805396 10.570146709680555 7.6216987669467926 8.4985354542732221 9.8738127946853691 9.4553305804729444 6.4775972217321387 5.1963125169277173 6.2928626835346222 6.1002176702022552 311.99213922023773 7.5268476158380517 227.0601793974638 86.998714193701744 10.057692512869835 3680.954400241375 10.013453379273413 637.93896475434303 15.567634940147398 18.989094123244286 123.95928095281124 32.518720626831055 337.86995185911655 415.64934296905994
leaf_count=87 267 22 4142 38 22 24 26 192 32 29 64 104 22 63 100 39 21 26 55 37 155 22 33 29 22 411 31 22 18 24 154 46 63 41 21 41 32 40 19 38 30 31 40 37 29 21 28 26 1214 27 903 359 41 14476 36 2542 58 79 473 123 1335 1625
internal_value=-5.98369e-06 0.00230448 -0.0202596 -0.0199123 -0.00442437 0.0117408 -0.0174785 -0.000520233 -0.0047719 -0.0131394 -0.00846351 0.000983031 0.00622319 -0.00118513 -0.0015311 -0.00944973 0.00104285 0.00765402 0.0137702 0.00913652 0.0136154 -0.00112239 0.00728577 0.0189975 -0.00297577 -0.000384625 -0.0173323 -0.0172305 -0.0261354 -0.00845142 -0.00244816 -4.72659e-05 -0.00267204 -0.00672981 0.00854152 -0.0135797 -0.0230118 -0.0122148 0.0029669 0.0183278 -0.00806467 0.0178796 -0.0159153 -0.00913 -0.0186944 -0.0152829 -0.0248208 -0.0390793 0.00257715 0.00153814 0.00207302 -0.00806214 0.00906445 0.00309152 0.00727941 0.000768843 0.00487319 0.0028008 0.00925505 0.00381255 0.00261562 0.00288974
internal_weight=7310.96 6562.34 748.611 734.805 21.0489 9.40388 11.645 577.69 144.316 55.7254 48.6085 433.373 141.778 71.5462 291.595 71.5318 220.064 83.1956 70.2319 55.0879 46.1177 45.6558 28.6463 16.4237 136.868 115.816 22.4984 21.0523 15.4157 12.2226 48.0452 88.5911 76.5712 60.2764 18.6648 41.6117 26.5037 17.4485 15.108 37.5399 12.6917 13.7101 40.6546 25.8067 16.3514 17.0095 11.4892 10.8341 5984.65 1981.69 1877.11 104.583 17.5845 4002.96 322.006 1280.65 596.463 404.945 191.517 385.956 353.438 642.71
internal_count=30207 25868 4339 4252 110 46 64 2310 586 231 199 1724 555 286 1169 293 876 325 269 214 177 183 112 62 551 463 94 88 66 50 193 355 309 246 73 173 113 72 60 142 52 52 170 106 69 71 49 48 23558 7832 7405 427 68 15726 1250 5070 2335 1595 740 1516 1393 2528
cat_boundaries=0 1 2 3 4 5 6 7
cat_threshold=2 2 4 8 1 10 4
is_linear=0
shrinkage=0.04


Tree=36
num_leaves=63
num_cat=15
split_feature=7 1 17 12 8 6 0 9 14 0 8 15 16 14 8 15 6 9 8 6 6 8 14 8 9 6 9 9 9 8 7 8 0 9 9 8 1 12 15 6 8 1 15 12 6 9 12 9 0 17 8 9 0 1 9 8 14 0 8 5 1 8
split_gain=198.807 2.91098 2.88795 2.80319 4.55836 4.7927 5.41098 3.27136 3.96315 4.54988 2.98917 3.55583 4.96544 3.9117 2.95094 2.89631 5.50263 2.62077 4.82031 2.6107 2.4838 2.39621 4.91101 3.7808 3.58419 4.82526 2.69716 2.42605 2.54766 2.33327 2.30338 2.7449 8.10773 3.75971 3.81623 2.25742 1.84359 4.15564 8.44612 4.59496 7.35337 6.89949 3.65326 9.57905 6.13383 5.61414 5.45197 4.77062 4.89242 5.87718 6.50408 4.92201 4.74476 4.45951 7.7222 7.27086 7.43437 6.84721 6.24119 6.44238 5.5317 4.77804
threshold=2.5000000000000004 22.500000000000004 0 1 38.500000000000007 1.5000000000000002 1.0000000180025095e-35 4.7500000000000009 2 12.500000000000002 21.500000000000004 3 4 5 31.500000000000004 6 1.0000000180025095e-35 4.6500000000000012 33.500000000000007 4.5000000000000009 1.0000000180025095e-35 25.500000000000004 7 28.500000000000004 4.6500000000000012 3.5000000000000004 4.0500000000000007 4.3500000000000005 4.5500000000000007 29.500000000000004 3.5000000000000004 26.500000000000004 12.500000000000002 4.4500000000000011 4.6500000000000012 37.500000000000007 12.500000000000002 8 9 2.5000000000000004 21.500000000000004 10.500000000000002 10 11 5.5000000000000009 4.9500000000000011 12 3.7500000000000004 12.500000000000002 13 25.500000000000004 4.9500000000000011 1.0000000180025095e-35 21.500000000000004 4.0500000000000007 31.500000000000004 14 12.500000000000002 23.500000000000004 1.0000000180025095e-35 17.500000000000004 34.500000000000007
decision_type=2 2 9 1 10 2 10 8 9 10 10 1 9 9 8 1 2 10 10 2 2 10 9 10 10 2 10 10 10 10 2 10 10 10 10 10 2 1 1 2 8 2 1 1 2 10 1 8 8 9 10 10 10 2 10 8 9 8 8 2 2 8
left_child=2 36 -1 15 5 10 19 21 -9 14 -5 12 -12 -13 -10 16 -3 -15 -19 29 -14 24 23 -23 25 -8 -25 -24 -29 -7 31 32 -18 -33 -35 -17 37 38 39 -2 -41 -42 46 52 53 -46 47 -38 49 -49 51 -51 -44 54 55 56 -45 61 59 -55 -56 -57
right_child=1 3 -4 4 -6 6 7 8 9 -11 11 13 20 17 -16 35 30 18 -20 -21 -22 22 27 26 -26 -27 -28 28 -30 -31 -32 33 -34 34 -36 -37 42 -39 -40 40 41 -43 43 44 45 -47 -48 48 -50 50 -52 -53 -54 58 60 57 -58 -59 -60 -61 -62 -63
leaf_value=-0.037940197427790395 0.0032603772817072162 -0.035737287678826432 -0.019296209136284583 0.023200580886577084 0.018416707073388924 -0.017231614814416332 -0.0055507771869837555 -0.0085979808858907721 -0.02822793798683923 -0.008246054273374109 -0.015680918620876762 0.012037967828545562 0.006661602982282429 -0.03440316628604221 -0.061739688883799673 0.0061927386588526735 -0.03695526552166338 0.0086750549288370522 -0.038890857869953312 0.026254801101510329 0.033027964619789886 0.0093556008177719547 -0.011011988040805599 0.010644152916890645 0.0014679184309167534 -0.048949665036625935 -0.021378816556851844 0.034696979739460489 0.0074027873564491507 0.015157276533582783 0.019309700755997552 -0.030204249858370169 0.017445977286735831 0.030994745896464317 -0.00056866406430501441 -0.0091540315486484287 0.030280569471158536 6.5143919512649747e-05 -0.00046647907315059046 0.036782122589383043 0.0066526496807941329 0.027988839372942359 -0.0049176932171844231 -0.019284966881051021 0.0043326074739298767 0.029142018535126643 0.0026338479563714442 0.028111196195478607 0.010824253776907152 0.0074682684634737621 -0.00077995490898050883 0.032001375216828006 0.0067370188519835419 -0.014647327754368056 -0.0040653119578732411 -0.063628524106330853 0.023867176927522202 -0.0056683502798346172 -0.0036879138924141826 -0.060674585569676989 0.0027219478613328659 -0.02529328722499356
leaf_weight=13.540492475032806 158.73412330448627 8.1571642309427244 728.08211666345596 11.287055447697638 14.790168866515158 6.9239414781332034 8.105201721191408 44.67039492726326 12.398481756448748 12.245610401034357 7.6770906448364258 9.8766008019447327 10.205479338765148 9.3726368695497531 6.361278608441352 189.98323221504688 11.517462804913523 10.020985350012777 5.1661807745695105 9.7792583405971509 12.996616214513779 11.764463886618612 7.0444527417421332 4.8972190618515006 11.718589738011362 8.2931604832410795 29.913080587983131 7.7430218905210522 18.65310463309288 7.3220290243625641 7.9438071548938742 4.8550351411104193 7.0764596611261359 8.2581464499235135 23.771366983652115 16.682083323597908 14.053297430276869 1253.9473330676556 366.14093600213528 17.961431309580803 155.8659629970789 28.717340990900993 61.503039062023163 11.728773832321167 175.02744729816914 15.921386808156965 1315.29079015553 15.33628523349762 273.8030268996954 104.5838225632906 253.61997377872467 14.95558977127075 612.35482835769653 24.723779127001766 275.32627634704113 7.2943137586116817 14.028172090649605 21.615784376859665 130.89772355556488 6.0577471554279319 635.80137990415096 18.13590370118618
leaf_count=87 624 36 4252 42 56 29 33 184 54 50 32 38 40 41 30 743 51 39 23 36 47 46 29 19 47 38 127 28 73 28 30 21 27 30 95 68 51 4976 1455 64 608 105 247 49 685 58 5174 56 1052 406 1007 54 2380 102 1103 34 52 87 524 28 2500 77
internal_value=-6.19829e-06 0.00221276 -0.0196366 -0.000499352 -0.00312933 -0.0043597 -0.00751197 -0.00984538 -0.0162242 -0.0272116 0.00419281 0.000908114 0.0092187 -0.00714592 -0.0395915 0.00235671 -0.00422287 -0.0177702 -0.00750532 0.0103401 0.0214307 -0.00538119 -0.00185146 -0.0102484 -0.0154261 -0.0274989 -0.0168737 0.00984346 0.0154092 -0.000584634 -0.000835417 -0.00371994 -0.0162513 0.00259725 0.00756931 0.0047253 0.00247451 0.00147663 0.0038559 0.00813103 0.0123496 0.00997212 0.00296855 0.00173601 -0.000234327 0.00640123 0.00418298 0.00711329 0.00672911 0.00384295 0.00284556 0.0105376 0.00559033 -0.00134238 -0.000330729 -0.0128669 0.00421726 -0.0222201 -0.00749897 -0.0237054 0.000670961 -0.0362892
internal_weight=7302.52 6560.9 741.623 577.471 299.226 284.436 207.833 183.808 75.6758 31.0054 76.6026 65.3156 30.8792 34.4364 18.7598 278.245 71.5794 24.5598 15.1872 24.0252 23.2021 108.132 80.0153 46.5748 28.117 16.3984 34.8103 33.4406 26.3961 14.246 63.4223 55.4785 18.5939 36.8845 32.0295 206.665 5983.43 1981.37 727.42 361.279 202.545 184.583 4002.06 2010.42 1336.56 190.949 1991.64 676.352 662.299 388.496 373.159 119.539 673.858 1145.61 983.931 72.8029 25.7569 47.046 161.679 30.7815 911.128 25.4302
internal_count=30207 25868 4339 2310 1209 1153 851 758 318 134 302 260 119 141 84 1101 290 103 62 93 87 440 322 192 118 71 146 130 101 57 254 224 78 146 125 811 23558 7832 2856 1401 777 713 15726 7926 5299 743 7800 2626 2575 1523 1467 460 2627 4556 3902 299 101 198 654 130 3603 111
cat_boundaries=0 1 2 3 4 5 6 7 8 9 10 11 12 13 14 15
cat_threshold=2 52 4 3 4 8 2 4 97 6 9 24 34 2 4
is_linear=0
shrinkage=0.04


Tree=37
num_leaves=63
num_cat=5
split_feature=7 17 11 9 1 9 16 8 0 7 9 6 9 6 6 12 7 6 8 0 8 10 10 11 8 8 8 8 9 6 14 6 9 9 8 0 8 6 0 6 8 8 8 10 8 9 16 8 0 9 0 8 8 9 6 5 1 9 11 6 9 0
split_gain=184.816 2.77732 3.0894 3.6987 2.68314 2.6393 3.15585 4.84649 5.12539 4.84848 4.61847 3.72647 3.77506 3.55778 3.30355 4.33655 4.93001 4.86057 4.33132 4.95781 8.04772 3.50499 4.52081 3.21833 3.50352 3.1943 2.81581 3.79194 4.22224 3.84809 2.80111 3.40001 5.1282 4.03658 6.39755 3.97148 3.4776 3.40467 2.92864 2.55954 2.47447 3.29722 2.43758 3.31677 2.23326 2.19519 2.18787 3.27413 2.96043 2.08172 2.91707 3.17685 8.70609 2.91669 4.42624 5.43296 4.21344 3.25779 2.94053 2.93443 3.50944 2.86391
threshold=2.5000000000000004 0 2.5000000000000004 4.3500000000000005 22.500000000000004 4.2500000000000009 1 38.500000000000007 12.500000000000002 3.5000000000000004 4.4500000000000011 1.0000000180025095e-35 4.5500000000000007 2.5000000000000004 1.0000000180025095e-35 2 3.5000000000000004 1.5000000000000002 24.500000000000004 12.500000000000002 35.500000000000007 1.0000000180025095e-35 1.5000000000000002 1.0000000180025095e-35 32.500000000000007 37.500000000000007 20.500000000000004 28.500000000000004 4.9500000000000011 2.5000000000000004 3 2.5000000000000004 4.7500000000000009 4.6500000000000012 25.500000000000004 7.5000000000000009 28.500000000000004 5.5000000000000009 12.500000000000002 1.0000000180025095e-35 33.500000000000007 30.500000000000004 36.500000000000007 1.0000000180025095e-35 33.500000000000007 4.8500000000000005 4 34.500000000000007 12.500000000000002 4.4500000000000011 7.5000000000000009 35.500000000000007 33.500000000000007 4.6500000000000012 3.5000000000000004 1.0000000180025095e-35 17.500000000000004 4.5500000000000007 1.0000000180025095e-35 2.5000000000000004 4.8500000000000005 12.500000000000002
decision_type=2 9 8 8 2 8 9 8 8 2 8 2 10 2 2 1 2 2 10 8 10 2 2 10 8 10 10 10 8 2 9 2 8 8 10 10 8 2 8 2 10 10 8 2 10 10 9 10 8 10 8 10 10 10 2 2 2 10 8 2 10 8
left_child=1 -1 49 -4 -2 39 10 8 26 11 13 -10 -13 -7 18 25 30 -18 -12 20 -20 -19 -23 -21 -25 -16 -8 28 29 -28 -17 35 33 34 -33 -32 -35 38 -34 -6 41 -29 43 -42 -36 -5 47 48 -41 50 51 52 -3 54 61 -56 57 -57 -59 -55 -61 -51
right_child=4 2 3 45 5 6 7 -9 9 -11 14 12 -14 -15 15 16 17 21 19 23 -22 22 -24 24 -26 -27 27 40 -30 -31 31 32 37 36 44 -37 -38 -39 -40 46 42 -43 -44 -45 -46 -47 -48 -49 -50 53 -52 -53 -54 59 55 56 -58 58 -60 60 -62 -63
leaf_value=-0.037156811855905435 0.0023762374068739905 -0.03950581572809652 0.030725618156248653 -0.023054673382401851 0.028995065261489733 -0.048774764152831461 -0.03475721236604537 0.039846559521301006 0.043982522672745834 -0.01829915822564411 0.010325026999489298 0.042808836743032014 0.0071217572352013491 -0.01006491051464776 0.0061091473451221033 -0.030031731911450889 0.043842995975706595 -0.022121426148708743 -0.024401945691355495 -0.062271036568108194 0.031134047038304503 0.031161417149799524 -0.015424905390122645 -0.047829778232322352 -0.00056896799407811385 -0.013797382994093199 0.014468957711662367 -0.0054217654872430986 0.039367791094478355 -0.011679902293635089 0.017303358523128105 -0.044591670234914241 -0.042297789214983943 0.032147679685509821 0.011257785053700167 -0.0072011006863743421 -0.006021238477303713 -0.003807307790471445 -0.015611382257416618 0.0049023920726715678 0.034093764675650388 -0.039766658250782988 -0.020534785537878235 -0.0064616704623749544 -0.016473438431517089 0.0068023040610403806 -0.011001201895415782 -0.010757323232288689 0.030080995852591413 -0.014026379761734251 -0.02032162550401178 -0.053171609221006333 0.016702923038492995 -0.024602407833284358 -0.032022660102931248 -0.054245103682673233 -0.00036390495901659023 -0.041761792404194198 0.0001820646697650859 -0.021340442453383571 -0.011919611861290065 0.0011315306794927665
leaf_weight=13.278279274702072 5982.1976266950369 18.273941278457645 4.0625701546669033 10.462083801627161 7.6754286736249915 5.9656679481267956 4.5421344190835944 5.651842087507247 6.5776485800743094 7.6350402534008017 10.093313083052633 5.4312445372343054 37.40803474187851 10.459225997328756 132.61120727658272 9.2092598229646683 5.4487840831279781 6.8137576431036022 12.427619054913523 5.1343753337860081 6.2868598848581305 8.4878897815942747 5.4876971691846839 4.8443821519613257 5.2075453400611886 14.286999538540838 17.71512596309185 9.1316405385732669 5.3152499347925177 18.312843486666679 16.321023643016815 7.0752984136343029 15.010229185223581 7.9316337704658482 11.34436382353306 30.096738040447235 7.3663390427827844 10.598023563623427 11.714908063411711 18.397536620497707 4.9303967505693462 8.7655899375677091 7.564444124698638 9.3365082591772062 7.8697563409805289 6.3202402740716925 11.687023192644117 10.457609653472899 12.580874085426329 41.882867574691772 115.97767986357212 9.585425451397894 5.810960352420806 135.84975351393223 34.505745455622673 4.7643473893404016 25.371910139918327 4.1845621615648261 7.4097483307123193 149.13277448713779 109.88394036889076 38.07245834171772
leaf_count=87 23558 116 20 58 28 27 20 20 23 32 39 19 146 43 519 40 19 29 53 24 23 31 23 22 21 59 68 37 19 76 62 32 68 29 44 123 30 43 49 73 18 39 32 38 33 32 48 43 46 245 715 63 33 809 209 30 142 26 41 874 630 209
internal_value=-6.14147e-06 -0.0190291 -0.0186955 -0.00352042 0.00212494 -0.000479492 -0.00140758 0.00351852 0.00207935 0.0113669 -0.00339247 0.0159504 0.0116462 -0.0241247 -0.00242416 -0.000958156 -0.00531585 0.0102145 -0.0126767 -0.019525 -0.00574543 0.00140059 0.0128687 -0.036506 -0.0233456 0.00390711 -0.00410974 -0.00239268 0.0060875 0.00117762 -0.00873976 -0.0071752 -0.0122282 -0.00256808 -0.0120744 0.00141495 0.0137684 -0.022992 -0.0305999 0.00740347 -0.0112175 -0.022243 -0.00217888 0.00755359 -0.000100423 -0.0118105 0.00428383 0.00859497 0.0151279 -0.019147 -0.0233307 -0.0336955 -0.0259443 -0.0180108 -0.0133838 -0.0202797 -0.0105697 -0.0263988 -0.0149561 -0.019841 -0.0173438 -0.00680861
internal_weight=7294.24 734.829 721.551 20.8449 6559.41 577.209 516.411 148.318 142.666 57.052 368.093 49.4169 42.8393 16.4249 351.668 307.674 160.776 26.2381 43.9941 33.9008 18.7145 20.7893 13.9756 15.1863 10.0519 146.898 85.6139 81.0718 41.3432 36.028 134.538 125.328 78.9106 41.5874 26.2894 46.4178 15.298 37.3232 26.7251 60.7985 39.7286 17.8972 21.8313 14.2669 19.2141 16.7823 53.123 41.436 30.9784 700.706 149.648 33.6703 24.0849 551.058 156.192 76.2363 41.7306 16.3587 11.5943 394.866 259.017 79.9553
internal_count=30207 4339 4252 110 25868 2310 2072 587 567 220 1485 188 165 70 1415 1233 655 102 182 143 76 83 54 67 43 578 347 327 163 144 553 513 328 168 109 185 59 160 117 238 164 76 88 56 77 90 210 162 119 4142 927 212 149 3215 902 448 239 97 67 2313 1504 454
cat_boundaries=0 1 2 3 4 5
cat_threshold=2 1 52 2 1
is_linear=0
shrinkage=0.04


Tree=38
num_leaves=63
num_cat=11
split_feature=7 17 11 9 4 9 8 15 12 8 3 8 9 10 8 11 11 9 5 9 9 16 8 9 10 11 14 12 10 16 14 12 13 0 8 9 11 8 8 9 3 0 9 9 8 8 8 9 5 10 8 8 0 7 9 8 9 0 12 0 8 10
split_gain=171.824 2.67025 2.9054 3.3878 2.23337 4.95937 5.64037 4.93267 6.17514 5.28891 6.31829 4.66714 4.13251 4.02157 3.51055 4.09852 3.74007 3.436 3.28967 3.1358 3.0883 5.46621 3.29959 4.27966 3.06931 2.94239 6.02829 5.07909 3.24108 2.89617 2.86016 3.39293 3.90387 4.04556 8.58593 4.66334 5.00007 4.21732 3.87633 4.67114 3.73424 4.42166 10.5943 4.64579 4.31339 3.58534 5.92254 4.14708 3.50965 7.85254 3.49553 3.93637 3.32459 3.07032 3.05009 5.43879 3.65682 3.51944 4.61963 3.05778 3.02309 2.97345
threshold=2.5000000000000004 0 2.5000000000000004 4.3500000000000005 1.0000000180025095e-35 4.0500000000000007 37.500000000000007 1 2 22.500000000000004 1.0000000180025095e-35 21.500000000000004 3.7500000000000004 1.0000000180025095e-35 33.500000000000007 1.5000000000000002 1.5000000000000002 3.6500000000000008 1.0000000180025095e-35 3.8500000000000001 3.6500000000000008 3 30.500000000000004 3.8500000000000001 1.5000000000000002 1.5000000000000002 4 5 1.5000000000000002 6 7 8 9 1.0000000180025095e-35 27.500000000000004 4.6500000000000012 1.0000000180025095e-35 30.500000000000004 34.500000000000007 4.8500000000000005 1.0000000180025095e-35 12.500000000000002 4.4500000000000011 4.5500000000000007 32.500000000000007 36.500000000000007 26.500000000000004 4.6500000000000012 1.0000000180025095e-35 1.0000000180025095e-35 32.500000000000007 27.500000000000004 12.500000000000002 3.5000000000000004 3.5500000000000003 26.500000000000004 4.4500000000000011 12.500000000000002 10 7.5000000000000009 37.500000000000007 1.0000000180025095e-35
decision_type=2 9 8 8 2 10 10 1 1 8 2 10 10 2 8 8 8 10 2 10 10 9 10 10 2 8 9 1 2 9 9 1 9 10 8 10 10 10 10 10 2 8 10 10 8 10 10 10 2 2 10 10 10 2 10 10 10 8 1 8 8 2
left_child=1 -1 -3 -4 5 6 14 8 9 10 29 -10 -13 -11 15 20 18 -17 -16 -19 -2 -22 23 -23 -18 30 -27 28 -28 -6 31 32 33 37 -35 36 52 48 53 -40 -33 42 -42 44 -43 46 -44 -48 -9 -50 51 -45 -36 -37 55 57 59 -32 -59 -56 -39 -34
right_child=4 2 3 -5 7 -7 -8 25 11 13 -12 12 -14 -15 16 17 24 19 -20 -21 21 22 -24 -25 -26 26 27 -29 -30 -31 54 40 61 34 35 38 -38 60 39 -41 41 43 45 50 -46 -47 47 -49 49 -51 -52 -53 -54 -55 56 -57 -58 58 -60 -61 -62 -63
leaf_value=-0.036393389166990697 0.017783854015289847 -0.018555861604149078 0.029135470205905283 -0.01139606474916878 0.0083598080897507743 0.0028640662706752766 0.012615482556637997 0.0059009248121945339 0.0043284153971698139 0.011793956418603568 -0.038017727951332077 0.021927303883752046 -0.011374241741822886 0.0003072248095398556 -0.0092473797787916839 -0.044622498598084842 0.023790435849644277 0.020187801134088926 -0.027381917808480653 -0.016938616909456417 -0.023211307071658315 -0.037817438218221963 0.011959867015598256 0.00053931387316860267 -0.013152771652943767 -0.040227283931822309 -0.0086177305530390162 0.0075236783451056027 -0.040212450908190388 -0.023608313249721152 -0.022240307999745978 0.00052139410349142756 -0.030431876931610206 -0.01632156642526178 0.01624209174052417 -0.00899800509437821 0.0031928899024845441 -0.012267630935149017 -0.011816463325763258 0.028675973508281296 0.030381783571781961 0.011935640872737975 0.0055108037017233269 0.024422092132044559 -0.03164797204232573 0.014768012466174986 -0.036299606760578661 -0.0085289840050260194 0.048833700939159889 -0.0064284073927349718 0.03520807071149195 -0.0041279879094602567 0.055845095668228109 -0.043560574560934685 -0.034712140958554384 0.034657214639336471 0.0041661992298800991 0.01950101490754224 0.00099212965284536762 -0.0037615618187058597 0.021093441276928172 -0.0056374583057704061
leaf_weight=13.019817143678665 17.507782176136971 694.28009785711765 4.1118806898593929 16.70108237862587 15.722579807043077 4278.4781626611948 33.739096626639366 36.850084111094475 43.190344169735909 71.560085713863373 10.950497359037398 6.1668456196784964 179.64274290204048 153.1030620187521 60.722732752561569 5.1592282354831722 8.3593449145555478 4.7957899570465097 21.733632415533066 15.103820487856865 14.416469886898994 5.2530731409788123 39.147920548915863 40.825025796890259 6.317689135670661 7.2114944010972977 30.18836398422718 38.713654786348343 6.2747276574373236 6.3719201087951651 6.05469125509262 387.62949587404728 16.468377783894542 60.234356254339218 8.4411210864782316 20.353603720664982 29.432996973395348 23.368784457445148 9.2351503819227236 9.0007299184799177 18.196752488613129 10.435777544975283 34.599428877234459 20.292881950736046 5.5737281441688529 15.011801913380621 12.393726736307142 28.136015877127647 10.753250911831858 6.6635036319494239 18.745640367269516 12.478022888302801 5.6695591658353797 5.1536407917737952 6.1807140856981269 13.191943675279616 465.66246956586838 29.903336405754089 61.994552716612816 29.406896486878395 5.3389272987842551 14.599195048213003
leaf_count=87 66 4142 20 90 61 16813 129 144 170 275 48 23 739 608 247 23 31 18 93 63 61 23 150 162 26 32 124 151 28 27 26 1543 71 251 32 83 116 96 38 33 66 40 135 75 24 57 54 114 37 27 67 50 19 23 27 48 1829 110 245 118 20 59
internal_value=-6.35588e-06 -0.0184413 -0.0181144 -0.00338852 0.00204038 0.00253049 -0.00269578 0.000928629 -0.00254762 0.00170226 -0.0131731 -0.00720139 -0.010269 0.003966 -0.00485414 -0.00085047 -0.0107158 -0.015533 -0.0140272 -0.00799118 0.00229017 -0.00043216 0.00342106 -0.0038335 0.00788833 0.00204516 -0.00529287 -0.00194171 -0.0110298 -0.000859605 0.00247997 0.000942759 -0.0027687 -0.000700271 -0.00470498 0.00331133 0.0125781 0.00633534 -0.00591315 0.00816949 0.00266735 0.00754902 0.00254164 0.0155828 -0.00323804 -0.00307844 -0.0066444 -0.0170211 0.0128943 0.0276909 0.0214316 0.0135512 0.0321543 -0.0159812 0.00455099 0.0105459 0.00322171 0.00729869 0.00924486 -0.00913693 -0.00606329 -0.0142075
internal_weight=7286.22 728.113 715.093 20.813 6558.11 4551.56 273.082 2006.55 486.708 257.708 33.045 229 185.81 224.663 239.343 142.209 97.1334 25.0588 82.4564 19.8996 117.15 99.6425 85.226 46.0781 14.677 1519.84 82.3882 75.1767 36.4631 22.0945 1437.45 825.057 261.563 230.496 147.521 87.2868 43.5437 82.9746 43.7431 18.2359 563.493 175.864 108.338 67.5261 16.0095 90.141 75.1292 40.5297 54.2668 17.4168 51.5165 32.7709 14.1107 25.5072 612.395 111.145 501.25 97.9526 91.8979 35.5876 28.7077 31.0676
internal_count=30207 4339 4252 110 25868 17905 1092 7963 1951 1019 136 932 762 883 963 566 397 104 340 81 462 396 335 185 57 6012 335 303 152 88 5677 3274 1049 919 595 344 167 324 177 71 2225 682 426 256 64 360 303 168 208 64 192 125 51 106 2403 429 1974 381 355 145 116 130
cat_boundaries=0 1 2 3 4 5 6 7 8 9 10 11
cat_threshold=2 4 116 4 2 42 1 4 6 6 52
is_linear=0
shrinkage=0.04


Tree=39
num_leaves=63
num_cat=8
split_feature=7 1 9 16 8 0 7 9 6 9 6 6 8 0 8 7 12 9 6 14 8 11 8 6 15 8 8 14 6 9 9 8 0 8 6 0 6 14 0 8 16 8 0 9 9 6 5 1 6 9 9 11 11 0 11 6 8 14 9 11 1 6
split_gain=159.724 2.30819 2.3675 2.91569 4.50326 4.74304 4.51396 4.22583 3.49789 3.51001 3.28781 3.02126 3.9782 4.60218 7.37764 3.95849 4.6747 4.08378 3.27674 4.26422 3.50406 2.98122 3.21784 2.66705 2.63983 2.76312 4.74831 2.5948 3.13599 4.72417 3.71529 5.88046 3.6781 3.21082 3.14286 2.69968 2.36199 2.19116 2.14086 4.71248 2.03349 2.98723 2.7155 2.01401 3.09432 4.17136 6.30596 3.68353 3.66977 4.37478 3.56659 3.20084 3.16944 3.10846 4.08935 3.73445 3.58606 3.423 2.85787 4.76525 3.5396 3.72797
threshold=2.5000000000000004 22.500000000000004 4.2500000000000009 0 38.500000000000007 12.500000000000002 3.5000000000000004 4.4500000000000011 1.0000000180025095e-35 4.5500000000000007 2.5000000000000004 1.0000000180025095e-35 24.500000000000004 12.500000000000002 35.500000000000007 3.5000000000000004 1 4.6500000000000012 1.5000000000000002 2 30.500000000000004 1.0000000180025095e-35 32.500000000000007 2.5000000000000004 3 30.500000000000004 34.500000000000007 4 2.5000000000000004 4.7500000000000009 4.6500000000000012 25.500000000000004 7.5000000000000009 27.500000000000004 5.5000000000000009 12.500000000000002 1.0000000180025095e-35 5 7.5000000000000009 21.500000000000004 6 34.500000000000007 12.500000000000002 4.4500000000000011 4.6500000000000012 3.5000000000000004 1.0000000180025095e-35 17.500000000000004 2.5000000000000004 4.8500000000000005 4.5500000000000007 inf 1.0000000180025095e-35 12.500000000000002 1.0000000180025095e-35 2.5000000000000004 23.500000000000004 7 4.3500000000000005 2.5000000000000004 13.500000000000002 1.0000000180025095e-35
decision_type=2 2 8 9 8 8 2 8 2 10 2 2 10 8 10 2 1 8 2 9 8 10 8 2 1 10 8 9 2 8 8 10 10 8 2 8 2 9 8 10 9 10 8 10 10 2 2 2 2 10 10 8 8 8 8 2 10 9 8 8 2 2
left_child=43 -2 36 7 5 24 8 10 -7 -10 -4 12 -9 14 -14 16 17 23 -17 -20 -21 -15 -23 -13 25 -5 -27 -18 32 30 31 -30 -29 -32 35 -31 -3 -33 -19 -40 41 42 -38 58 45 53 -47 50 -46 -50 -48 -51 -52 55 57 56 -45 -55 59 60 -1 -62
right_child=1 2 3 4 -6 6 -8 11 9 -11 -12 15 13 21 -16 18 27 38 19 20 -22 22 -24 -25 -26 26 -28 28 29 34 33 37 -34 -35 -36 -37 40 -39 39 -41 -42 -43 -44 44 48 46 47 -49 49 51 52 -53 -54 54 -56 -57 -58 -59 -60 -61 61 -63
leaf_value=-0.0073428349046231267 0.0021940494784575475 0.027806770543839954 -0.046754768282217349 0.01084568287957627 0.038478476779135372 0.042600492122252163 -0.017650722376036806 0.0099297323493899407 0.0413478769901914 0.0068634686586316442 -0.0095519319152346568 -5.8812790126519339e-05 -0.023259368334797772 -0.059836461721911614 0.029933682182629012 0.032672752769734983 -0.028828763264316618 -0.010044379390651581 -0.0053178800194101736 -0.0023310086608227918 0.034641673522011834 -0.045858949525587271 -0.00055013908907160876 0.024258262159971442 -0.0099216876611565603 -0.041312028079547085 0.0062146637374034643 0.01672032308964317 -0.042712032267309484 -0.040597024419260545 0.032203988786456923 0.016641074441589968 -0.0068662955597799148 -0.0044802677232617279 -0.0035926446633039004 -0.014958589483047522 0.0046459333409928647 -0.01098454682094578 0.037952025356516844 -0.00054450432956233165 -0.010712509495604979 -0.010299714394926291 0.028787518428280784 0.0021683624786093176 -0.023842606846863342 -0.031390229699003229 -0.053245556645904996 0.00069690731484670326 -0.02031776031349879 -0.011127074105439803 -0.040573856120515651 0.027332241507459196 0.0028491805321097037 -0.043434396897606975 0.010648205849401515 0.0059191504586058085 -0.028725072947515442 0.0011052746809768448 -0.02961691324814229 0.022388075247593339 -0.0042582764041585279 -0.028255916533389151
leaf_weight=26.591495454311371 5979.9311473667622 7.6424619406461707 5.9702361077070263 29.702027469873428 5.6337857842445365 6.5537860542535773 7.6412663310766211 10.087214663624762 5.4054800420999518 37.383932441473007 10.459644883871077 11.302799001336099 12.430892810225489 5.136530086398122 6.2791317701339713 8.0363397449254972 9.2058168351650238 29.973244443535805 26.154566407203674 6.7026040852069881 10.568061202764509 4.8384050279855719 5.2069240808486947 19.961219951510429 41.035930886864662 5.1532527804374668 9.6840671747922897 16.311589404940605 7.0722568482160595 14.966509491205217 7.3968848735094044 7.6040688902139664 30.095255061984062 7.888876512646676 10.598441123962401 11.714818507432936 18.391283944249157 11.604054421186449 5.6092102378606787 54.728950306773186 11.686054095625876 10.456291928887365 12.536437779664992 8.1846147179603594 140.15342622995377 34.603247180581093 4.5977594703435907 26.743001997470856 150.11665861308575 110.23100233078003 4.061883643269538 3.5747108608484259 7.9596821218729028 4.8145537376403809 27.847512304782867 11.822181686758993 22.645613491535187 6.471981540322302 51.299555078148842 4.4512263387441626 12.393020138144491 63.060649946331978
leaf_count=159 23558 28 27 115 20 23 32 39 19 146 43 45 53 24 23 29 40 123 106 27 38 22 21 74 171 23 38 62 32 68 27 29 123 32 43 49 73 48 20 218 48 43 46 47 853 215 30 150 897 642 26 17 44 30 149 66 140 37 334 22 73 408
internal_value=-4.84234e-06 0.00196096 -0.000455517 -0.00133446 0.00340269 0.00201654 0.0109575 -0.00324261 0.0153878 0.0112198 -0.0230706 -0.00231574 -0.012122 -0.0186852 -0.00540765 -0.000913212 -0.0029479 0.00277847 0.00920986 0.00486778 0.0202929 -0.0350484 -0.0223735 0.015467 -0.00393726 0.00310658 -0.0102922 -0.00775544 -0.00682578 -0.0116815 -0.00240895 -0.0115294 0.00142419 0.0132715 -0.0220202 -0.0293401 0.00701611 -4.81777e-05 -0.00130639 0.00303424 0.00402211 0.00818289 0.0144316 -0.0178663 -0.0167484 -0.0120356 -0.0186557 -0.00849356 -0.0186116 -0.0158337 -0.0232824 -0.00991904 -0.0118227 -0.00572479 0.00241636 -0.0131944 -0.0205237 -0.0178942 -0.0218608 -0.0181247 -0.0198918 -0.0243144
internal_weight=7278.37 6556.74 576.811 516.098 148.194 142.56 56.9845 367.905 49.3432 42.7894 16.4299 351.475 43.9791 33.8919 18.71 307.496 256.034 121.575 51.4616 43.4252 17.2707 15.1819 10.0453 31.264 85.5753 44.5393 14.8373 134.459 125.253 78.8459 41.5661 26.2804 46.4068 15.2858 37.2798 26.6813 60.7125 19.2081 90.3114 60.3382 53.0701 41.384 30.9277 721.624 563.828 159.752 77.9656 43.3623 404.076 263.922 16.6193 113.806 12.0216 81.7865 39.134 42.6524 30.8302 11.2865 157.796 106.496 102.045 75.4537
internal_count=30207 25868 2310 2072 587 567 220 1485 188 165 70 1415 182 143 76 1233 1033 480 200 171 65 67 43 119 347 176 61 553 513 328 168 109 185 59 160 117 238 77 361 238 210 162 119 4339 3343 934 465 250 2409 1556 100 659 70 469 216 253 187 67 996 662 640 481
cat_boundaries=0 1 2 3 4 5 6 7 8
cat_threshold=1 52 4 9 2 8 1 4
is_linear=0
shrinkage=0.04


Tree=40
num_leaves=63
num_cat=12
split_feature=8 12 14 11 8 17 16 13 8 6 10 0 10 0 11 8 0 8 10 10 16 6 1 12 1 1 8 6 0 6 16 8 10 11 6 10 4 0 1 10 3 0 16 8 8 11 10 5 8 0 8 1 6 0 10 15 6 16 11 16 10 10
split_gain=2.68339 2.23226 2.98094 2.57538 5.55817 2.92114 6.30254 2.65403 3.03271 5.66303 6.72981 6.55392 6.1816 5.30964 4.53873 8.17744 9.58098 6.55765 5.52664 4.50348 4.56935 4.49111 3.99876 3.74167 5.47161 3.70936 3.48207 3.03478 5.12018 4.28228 6.23705 4.56754 3.5935 2.9949 2.83088 8.04645 6.04233 4.40992 4.97927 3.77046 3.42046 3.2222 3.01926 2.89164 4.67587 4.02554 3.72977 5.16369 3.1615 3.32733 3.03168 5.27529 3.18165 3.05278 2.93198 3.83674 2.89836 2.84479 2.78197 6.37986 4.39779 3.5055
threshold=17.500000000000004 0 1 2.5000000000000004 34.500000000000007 2 3 4 24.500000000000004 1.5000000000000002 1.0000000180025095e-35 12.500000000000002 2.5000000000000004 12.500000000000002 1.0000000180025095e-35 27.500000000000004 12.500000000000002 28.500000000000004 1.5000000000000002 1.0000000180025095e-35 5 1.5000000000000002 16.500000000000004 6 15.500000000000002 19.500000000000004 22.500000000000004 1.0000000180025095e-35 7.5000000000000009 2.5000000000000004 7 31.500000000000004 1.0000000180025095e-35 1.5000000000000002 1.5000000000000002 1.0000000180025095e-35 1.0000000180025095e-35 12.500000000000002 8.5000000000000018 1.5000000000000002 1.0000000180025095e-35 7.5000000000000009 8 26.500000000000004 31.500000000000004 1.0000000180025095e-35 1.5000000000000002 1.0000000180025095e-35 25.500000000000004 7.5000000000000009 35.500000000000007 22.500000000000004 4.5000000000000009 7.5000000000000009 1.0000000180025095e-35 9 3.5000000000000004 10 1.0000000180025095e-35 11 1.5000000000000002 1.0000000180025095e-35
decision_type=8 1 9 10 10 9 9 9 10 2 2 8 2 10 8 10 10 10 2 2 9 2 2 1 2 2 10 2 10 2 9 10 2 8 2 2 2 8 2 2 2 8 9 10 10 10 2 2 8 10 10 2 2 10 2 1 2 9 8 9 2 2
left_child=-1 2 3 5 -5 6 -2 34 9 10 -9 22 58 -12 15 18 -17 19 25 -16 21 -21 26 27 33 -10 -11 28 -19 30 -29 -32 -33 -25 35 36 41 40 -39 -40 -37 -7 -38 46 -45 50 48 -48 54 57 52 53 -46 -52 55 56 -36 -50 59 61 -60 -13
right_child=1 -3 -4 4 -6 7 -8 8 14 11 13 12 -14 -15 17 16 -18 23 -20 20 -22 -23 -24 24 -26 -27 -28 29 -30 -31 31 32 -34 -35 43 37 42 38 39 -41 -42 -43 -44 44 45 -47 47 -49 49 -51 51 -53 -54 -55 -56 -57 -58 -59 60 -61 -62 -63
leaf_value=0.025679195769879485 0.024094971008924271 -0.00018401179456356491 0.0029120286258579632 0.0046422751548380551 -0.046368165208416655 0.0084589326252839311 -0.023614743044161248 -0.0033335409645558608 -0.024615500372079331 -0.033174495546198085 -0.037928151449626683 -0.021956722232341477 0.023212145608676668 -0.0039445281856992989 0.003536476115466558 -0.008735457318925121 0.015801438548137984 -0.00019705716854470642 -0.058389634394678723 0.051487102537460652 0.0015480299459002553 0.018806615184444701 0.010404428864362453 0.01823212164553896 -0.00064184921181943526 0.0092571588310512692 0.0079269477577382785 -0.025183227911875498 -0.038379211464450981 -0.0077401996213933627 0.028859565055044344 -0.0091309213875874519 0.016862737394905757 -0.012174836821453268 -0.0028394887617643537 -0.0070116129119874374 0.01190155659304786 -0.012379396311995789 0.0026327484405377637 0.040688127492347091 -0.038103721962943114 0.035883212615418526 -0.011002630299446163 -0.0096982677627736307 0.010423141955703558 -0.0024725418329764122 -0.031590260888605962 0.011675660700013885 0.021618738656594087 0.039567686695376331 -0.03215608908213393 0.030100964035696211 0.040055788355710817 0.0042559145548786773 0.014720914576615287 -0.0092694335686311306 0.022931860276108801 -0.015844061704281626 -0.0028729116590481781 0.0052659846476429033 -0.032601045781165905 -0.059343376998304463
leaf_weight=6.6850101351737967 20.161612659692764 4766.1529862657189 1054.7160897552967 8.0718845129013044 5.9274160116910926 9.5389567762613279 5.6777921617031124 41.956919685006142 19.846337303519253 6.8748815208673459 23.413095131516457 10.086503416299822 9.2341385632753354 10.726041734218596 71.118980869650841 80.002063885331154 37.348688349127769 11.732568278908731 5.9523696899414054 9.0026272386312467 16.397731080651283 26.630865037441254 75.092250019311905 44.940421238541603 137.18443867564201 6.9962217807769767 6.3386570066213608 8.8531537652015686 10.78465563058853 102.89115490019321 16.014683440327644 18.271956205368042 15.926794961094854 5.858296036720275 12.557659119367601 21.435769617557529 37.330657988786697 12.422081887722017 8.5970220267772675 8.0814761817455292 7.6928038597106925 24.36215914785862 12.223838150501249 84.061692982912064 15.680997267365457 96.382672786712646 9.6165042519569397 8.157485693693161 9.5722462385892886 9.320478752255438 6.8121258020401028 6.79129435122013 9.197901323437689 8.022940516471861 29.640936851501465 29.712525904178619 15.726566210389135 4.9050610214471808 59.10797905921936 8.7795440405607241 9.2013947963714582 6.6637088209390631
leaf_count=25 78 19822 4341 33 28 38 25 177 88 30 107 44 36 44 292 342 146 49 28 31 67 104 302 176 574 27 26 39 49 438 60 78 62 25 53 89 148 53 36 29 34 88 53 360 65 406 44 33 39 35 30 26 35 33 119 127 60 22 249 36 41 32
internal_value=0.000348241 0.000324954 0.00128869 0.000117514 -0.016956 0.000283854 0.0136115 3.97992e-05 -0.00123835 -0.00483352 -0.0140637 -0.00116343 -0.00801492 -0.027251 0.000231609 -0.00586105 -0.000926211 0.00207739 -0.0235195 0.0100792 0.019022 0.0270632 0.00683384 -0.000568326 0.00333353 -0.015787 -0.0134578 -0.00448213 -0.0184845 -0.00281211 0.00577239 0.0112302 0.00297466 0.0147255 0.00236183 0.00719155 0.0151539 -0.00422036 0.00679286 0.0210723 -0.015223 0.0281667 0.00625167 0.000506825 -0.0022127 0.0021911 0.00528352 -0.0117331 0.00799768 0.0209269 0.0118566 0.000902516 0.0213785 -0.0124641 0.00448678 -0.000743672 0.00848867 0.00892596 -0.0110878 -0.0223535 -0.00687734 -0.0368302
internal_weight=7278.47 7271.78 2505.63 1450.91 13.9993 1436.91 25.8394 1411.07 913.229 267.475 76.0961 191.379 103.073 34.1391 645.754 150.146 117.351 495.608 32.7949 123.15 52.0312 35.6335 88.3058 372.458 187.983 26.8426 13.2135 184.475 22.5172 161.958 59.0666 50.2134 34.1988 50.7987 497.844 141.685 83.4556 58.2292 29.1006 16.6785 29.1286 33.9011 49.5545 356.159 226.95 142.888 129.209 17.774 111.435 23.7978 46.5053 21.6264 24.8789 14.8351 87.6377 57.9968 28.2842 14.4773 93.8391 25.5298 68.3094 16.7502
internal_count=30206 30181 10359 6018 61 5957 103 5854 3799 1124 328 796 438 151 2675 631 488 2044 143 494 202 135 358 1550 775 115 56 775 98 677 239 200 140 201 2055 568 327 241 118 65 123 126 201 1487 955 595 532 77 455 96 189 89 100 63 359 240 113 61 402 112 290 76
cat_boundaries=0 1 2 3 4 5 6 7 8 9 10 11 12
cat_threshold=104 4 2 1 4 1 8 4 1 3 1 1
is_linear=0
shrinkage=0.04


Tree=41
num_leaves=63
num_cat=10
split_feature=7 12 5 9 1 0 1 9 14 6 9 11 5 9 1 0 11 9 1 9 1 1 16 11 0 9 12 6 14 11 6 9 1 6 14 9 11 16 3 16 10 6 10 9 1 0 1 5 10 1 9 0 9 9 3 16 0 16 9 1 6 9
split_gain=137.241 2.61885 6.80231 4.47539 3.42284 7.2713 5.96028 7.51992 6.82105 4.18787 4.14379 3.93397 3.01691 4.11314 12.2249 4.26371 3.87133 3.08626 3.011 5.63064 2.86269 2.52923 6.05653 4.57091 3.86854 2.1369 2.97068 3.98982 3.66526 3.46512 4.99549 3.30509 3.28326 8.83903 5.13615 3.74945 4.75387 2.69752 2.58684 2.23069 2.95752 2.81063 2.59345 2.13182 2.10985 3.29 2.02999 3.465 3.4668 2.29509 2.00822 1.98408 2.89601 2.60526 1.97589 6.14982 4.63065 5.00343 4.52036 2.83983 4.26685 3.92975
threshold=2.5000000000000004 0 1.0000000180025095e-35 4.6500000000000012 18.500000000000004 12.500000000000002 19.500000000000004 4.2500000000000009 1 3.5000000000000004 4.2500000000000009 1.0000000180025095e-35 1.0000000180025095e-35 4.1500000000000012 20.500000000000004 7.5000000000000009 1.0000000180025095e-35 4.0500000000000007 15.500000000000002 4.5500000000000007 12.500000000000002 8.5000000000000018 2 1.0000000180025095e-35 12.500000000000002 3.9500000000000006 3 3.5000000000000004 4 2.5000000000000004 3.5000000000000004 4.0500000000000007 20.500000000000004 5.5000000000000009 5 4.2500000000000009 1.0000000180025095e-35 6 1.0000000180025095e-35 7 1.0000000180025095e-35 1.5000000000000002 1.5000000000000002 3.0500000000000003 22.500000000000004 12.500000000000002 19.500000000000004 1.0000000180025095e-35 1.5000000000000002 8.5000000000000018 3.5500000000000003 7.5000000000000009 3.9500000000000006 3.9500000000000006 1.0000000180025095e-35 8 7.5000000000000009 9 4.7500000000000009 20.500000000000004 5.5000000000000009 4.5500000000000007
decision_type=2 1 2 10 2 10 2 10 9 2 8 8 2 10 2 10 10 10 2 8 2 2 9 10 10 10 1 2 9 8 2 10 2 2 9 10 10 9 2 9 2 2 2 10 2 8 2 2 2 2 8 10 8 8 2 9 10 9 8 2 2 10
left_child=25 2 3 4 5 50 7 -6 -9 44 -11 -10 -3 14 16 -15 17 -14 20 -20 -7 22 -17 -24 -25 39 27 28 -27 -28 -31 -29 35 34 -34 -33 37 -37 -36 40 -1 -41 -43 -16 -8 -46 47 -38 49 -49 -2 53 -53 -18 55 -4 58 59 -56 61 -61 -58
right_child=1 12 54 -5 6 18 9 8 11 10 -12 -13 13 15 43 21 51 -19 19 -21 -22 -23 23 24 -26 26 29 31 -30 30 -32 32 33 -35 38 36 46 -39 -40 41 -42 42 -44 -45 45 -47 -48 48 -50 -51 -52 52 -54 -55 56 -57 57 -59 -60 60 -62 -63
leaf_value=-0.0081882589942029772 0.028619435114750288 0.0023483765448029095 -0.006485324288047432 -0.0010569777118563642 -0.046449375938258833 0.023721293228109987 0.010237435036961919 0.029212457056465135 0.00902416529702426 0.013658161945397785 -0.021818841966276491 -0.033492719993198333 0.0081516322587174787 -0.0014774196678804443 0.035033218046344412 -0.038124130538468769 0.0092222634091641553 -0.020174683345205349 0.02632519339276625 -0.013424985117618473 0.055670101970178819 0.0035799785682502283 0.018445933462460269 0.0015956808337390341 -0.043914516698439779 -0.0058236253833858602 -0.019058997762716298 -0.039849683121111042 -0.021262015905161493 0.02302208064532011 -0.025066834354248592 0.021209994493406721 0.040582754436248383 0.051353312333432183 0.010029516617581127 -0.03607542273506871 0.010006126370910584 -0.0022036091047065807 -0.018900286798803574 0.021389357384703815 -0.035166533537711889 -0.051311513119310752 -0.0024180969736452063 0.0090208947204192085 0.0089913220004562561 -0.022292863538479715 -0.024646316921610803 -0.028516661927768285 -0.037839436432557626 0.0063357489266151687 0.0038705261368660237 -0.042030722672254051 -0.016844993638004225 -0.01528402488354093 0.033345176636675453 0.0099272845558588639 -0.012373271778041144 0.026715304040282425 0.0063482767381253455 0.0046201500588574206 -0.029878726763535406 0.020431870774340249
leaf_weight=8.3836464062333089 5.3785026222467414 3898.8181504309177 45.813860327005386 404.1614386588335 8.9462603479623812 18.101528853178028 85.231358394026756 7.1345321536064148 5.431685522198678 7.6124348193407085 17.102531284093857 9.7005690932273865 21.605177506804466 615.23963266611099 5.8324789702892295 7.9639154821634293 8.2414914369583112 8.6054502874612826 15.527296021580698 9.0101803690195066 5.9663402438163748 687.89316126704216 13.041408315300941 8.1105619817972165 4.7320948094129571 37.284112438559532 425.60818374156952 4.2699255943298331 72.351724728941917 7.6181026399135572 6.3265934139490128 6.2458796948194495 3.724590465426445 5.8141860961914054 7.1379491090774598 15.039700403809547 21.578133851289749 5.0167628675699243 16.099639177322388 3.4411423057317716 28.961297713220119 2.9555796831846237 4.2058451622724533 37.145139619708061 13.405149191617967 8.9826799184083921 6.964707911014556 4.066069811582568 6.2211108654737464 11.785914048552511 212.76732130348682 9.9037977308034879 27.836509510874748 43.983077362179756 26.988709270954132 180.2212253510952 8.7932935357093829 14.987717509269713 15.694070234894751 13.818673118948936 9.8069841414690018 17.410828903317451
leaf_count=57 20 15366 185 1607 40 67 328 26 21 29 72 42 84 2452 21 35 32 36 57 37 20 2699 49 32 21 219 2579 29 439 38 35 37 19 30 40 96 122 30 97 20 204 21 28 144 52 38 42 25 38 66 835 44 116 183 97 695 36 55 61 54 42 65
internal_value=0.000333846 0.00214135 0.00386245 0.00196562 0.00480462 0.00759804 0.000248444 -0.0154747 -0.00302984 0.00395699 -0.0108916 -0.0182314 0.0017586 0.000237491 -0.0057583 0.000969164 -0.0123061 8.29254e-05 0.0215889 0.0117289 0.0316413 0.00305472 -0.00762002 0.00176538 -0.0151733 -0.0163583 -0.0157686 -0.010112 -0.0160118 -0.0180065 0.00120454 -0.00532347 -0.00397952 0.00662167 -0.00302437 -0.00849689 -0.0111223 -0.027603 -0.0100138 -0.024513 -0.0291101 -0.00832078 -0.0225968 0.012551 0.007367 -0.00356085 -0.00459188 -0.00139212 -0.0125348 -0.00260397 0.00448072 -0.0164665 -0.0234542 -0.0114167 0.00872388 0.0066007 0.0131882 0.00645134 0.0234187 0.000356376 -0.0097003 0.00942348
internal_weight=7278.05 6566.95 1168 834.46 430.298 266.751 163.547 31.213 22.2668 132.334 24.715 15.1323 5398.95 1500.13 163.153 1336.98 120.176 30.2106 48.6053 24.5375 24.0679 721.741 33.848 25.8841 12.8427 711.101 663.153 223.6 109.636 439.553 13.9447 113.965 109.695 32.7764 26.9622 76.9183 70.6724 20.0565 23.2376 47.9475 37.3449 10.6026 7.16142 42.9776 107.619 22.3878 50.6159 43.6512 22.0731 15.852 218.146 89.9649 37.7403 52.2246 333.535 226.035 107.5 64.8175 42.6828 49.8298 23.6257 26.2041
internal_count=30206 25895 4581 3291 1684 1036 648 129 89 519 101 63 21314 5948 660 5288 495 120 181 94 87 2836 137 102 53 4311 3981 1329 658 2652 73 671 642 186 156 456 419 126 137 330 261 69 49 165 418 90 293 251 129 91 855 375 160 215 1290 880 410 252 158 197 96 101
cat_boundaries=0 1 2 3 4 5 6 7 8 9 10
cat_threshold=96 8 4 9 8 2 1 1 4 1
is_linear=0
shrinkage=0.04


Tree=42
num_leaves=63
num_cat=9
split_feature=7 12 5 8 9 9 1 6 8 9 13 6 9 13 9 9 14 8 8 14 16 3 5 9 1 8 9 8 1 8 8 6 10 6 8 9 1 8 8 1 7 6 10 1 14 8 8 1 1 1 9 12 6 14 9 1 6 8 9 9 8 8
split_gain=127.458 2.41658 6.27774 4.77996 3.96352 3.25928 3.24797 3.21941 5.56152 3.12886 3.74441 3.11724 10.0695 3.90023 3.59983 3.58037 3.32913 3.00904 5.40047 6.87383 4.26953 2.99067 2.78086 3.79065 11.2674 2.83737 2.77889 2.66777 5.11227 2.60997 3.68156 2.45829 2.32289 5.22533 3.80217 2.97685 2.79104 2.58688 2.45479 3.17286 2.3218 2.29197 4.12094 3.54697 3.7213 2.21825 2.0895 2.97772 3.00317 2.12572 2.04655 2.80956 3.73109 3.45225 3.13144 3.03392 7.93376 6.30875 3.45262 3.05094 2.97868 4.07343
threshold=2.5000000000000004 0 1.0000000180025095e-35 29.500000000000004 4.6500000000000012 4.3500000000000005 9.5000000000000018 1.0000000180025095e-35 37.500000000000007 4.4500000000000011 1 1.5000000000000002 4.8500000000000005 2 4.8500000000000005 4.8500000000000005 3 24.500000000000004 27.500000000000004 4 5 1.0000000180025095e-35 1.0000000180025095e-35 4.1500000000000012 20.500000000000004 22.500000000000004 4.8500000000000005 22.500000000000004 17.500000000000004 38.500000000000007 37.500000000000007 1.5000000000000002 1.0000000180025095e-35 1.5000000000000002 38.500000000000007 4.1500000000000012 19.500000000000004 32.500000000000007 32.500000000000007 19.500000000000004 3.5000000000000004 1.5000000000000002 1.5000000000000002 18.500000000000004 6 28.500000000000004 36.500000000000007 9.5000000000000018 19.500000000000004 19.500000000000004 3.9500000000000006 7 3.5000000000000004 8 4.0500000000000007 20.500000000000004 5.5000000000000009 26.500000000000004 4.2500000000000009 4.8500000000000005 26.500000000000004 25.500000000000004
decision_type=2 1 2 8 10 10 2 2 8 10 9 2 10 9 10 10 9 10 10 9 9 2 2 10 2 8 8 10 2 10 10 2 2 2 8 10 2 8 8 2 2 2 2 2 9 10 10 2 2 2 10 1 2 9 10 2 2 10 10 10 10 8
left_child=50 2 3 9 5 32 -7 8 -6 -2 17 12 21 14 -13 -15 -14 20 26 -20 27 -9 -3 24 25 -24 -19 28 31 30 -27 -11 33 37 35 -35 -37 -5 39 -34 41 42 -8 -43 -45 -21 47 -17 -49 -48 -1 52 53 -52 -54 58 57 -57 -56 -59 61 -55
right_child=1 22 -4 4 7 6 40 11 -10 10 -12 13 16 15 -16 46 -18 18 19 45 -22 -23 23 -25 -26 29 -28 -29 -30 -31 -32 -33 38 34 -36 36 -38 -39 -40 -41 -42 43 -44 44 -46 -47 49 48 -50 -51 51 -53 54 60 55 56 -58 59 -60 -61 -62 -63
leaf_value=-0.02387709880352968 0.0082207925996728836 0.002254814976979862 0.0083824192780223641 0.042454882205610077 -0.0031615012364148549 0.027343505151933147 -0.014368553122256806 0.047087919567408924 -0.045609396133845646 -0.043058176903451414 -0.00533289291093084 -0.0052733349888252293 0.0045057796950525655 -0.0039322871669692653 -0.03657669954433234 -0.020196877732065348 -0.035019200061799059 -0.0076804406848063065 -0.025120010368702438 0.040846973905373202 0.034617401387681851 0.014869044090610324 -0.038886205431263858 0.00093053040738775162 0.012060928603121546 -0.010780453764137476 -0.038951398607008358 0.019715793249660035 0.017657738857323038 -0.037346467685048221 0.022385317975763378 -0.0064372673480374122 -0.03090457492276797 0.0060715382254477139 0.020649850837002659 -0.040526149176369916 -0.0014901642358960386 0.015647845774208875 0.0032638688852981591 0.0059124533375642177 0.025134645536074009 0.025893076848093374 0.0201211967602162 0.024259584517729516 -0.0077786757567156377 0.0097107532706312994 0.044590485907436202 0.02893533269575102 0.00019491920224940827 0.011598635282526937 -0.0056068999172973538 -0.017444497930331041 -0.039121985491503052 -0.016141855070517519 0.020133589166889263 0.020638263230672648 0.048110147412898173 -0.028534291345456955 -0.010742914510848847 0.012514971975048089 -0.02643836957426255 0.02965059055194116
leaf_weight=47.277118533849716 46.556418761610985 3898.185418471694 333.25455349683762 7.9998979717493084 23.26841272413731 20.754973664879799 16.743632450699806 10.166367754340172 6.2691546380519858 4.7403424084186554 238.9690917879343 15.690205946564676 7.9159015715122223 45.93315863609314 9.3988722413778287 5.4971431642770794 5.9894908219575864 14.571356177330019 5.9021156430244446 7.6756251007318514 10.053158998489378 8.4336538910865784 5.8892646282911292 1336.8370039016008 42.936410069465637 103.18877676129341 6.6091549992561331 12.788320556282995 10.347398921847343 5.4817015528678885 5.6482732892036429 7.6919230073690414 8.1422631889581663 10.523128628730776 9.6217649579048139 6.5844923108816129 5.281056672334671 20.568032264709473 107.60204166173935 6.9351408928632727 13.014933019876478 17.959303319454193 8.285881847143175 8.6666276603937149 17.540951386094093 6.9995035827159882 5.4661695063114148 10.153684392571451 13.62065279483795 7.2947778701782227 37.178450614213943 435.56502395868301 4.1772620826959601 20.412078306078914 6.3151512742042533 10.857203871011736 5.9548695236444464 12.263875842094423 70.277195677161217 3.7929276078939429 47.51996137201786 3.6663447916507712
leaf_count=330 181 15366 1290 28 93 76 69 35 28 21 963 63 31 184 41 23 26 59 25 27 36 32 26 5288 165 424 29 48 39 24 21 31 35 41 36 29 21 78 423 27 48 66 31 32 71 27 19 37 54 28 219 2652 29 123 37 59 30 76 419 21 296 20
internal_value=0.000320433 0.00205617 0.00370987 0.00188776 0.00461 0.00750992 0.0132044 -0.000130356 -0.0121708 -0.00147994 -0.00286384 0.00231293 0.0132296 -0.000825823 -0.0121553 0.00340075 -0.0125189 0.00403699 -0.00325963 0.0113346 0.0116006 0.0324792 0.00168852 0.000228072 -0.00552801 -0.0118105 -0.0174382 0.00509498 -0.00311303 -0.0104157 -0.00905926 -0.0204006 0.00431041 0.0107191 -0.000379069 -0.00941646 -0.0231522 0.0231546 0.00114583 -0.0139699 0.00963481 0.0067195 -0.00295091 0.0121998 0.00281611 0.0259961 0.0122234 0.00633484 0.0124695 0.0257307 -0.0158385 -0.015261 -0.00976163 -0.0154958 -0.00513178 -0.00383464 0.00633094 -0.00291294 -0.0081971 -0.0188377 -0.0206308 -0.00916919
internal_weight=7270.91 6565.65 1167.48 834.226 461.322 286.224 102.966 175.098 29.5376 372.904 326.348 145.56 32.5054 113.055 25.0891 87.9656 13.9054 87.3789 41.7578 20.5772 45.6211 18.6 5398.17 1499.98 163.144 120.208 21.1805 35.568 22.7797 114.319 108.837 12.4323 183.258 60.5784 32.0104 22.3887 11.8655 28.5679 122.679 15.0774 82.2113 69.1964 25.0295 44.1669 26.2076 14.6751 42.0324 29.2715 23.7743 12.7609 705.257 657.98 222.415 108.777 113.638 109.461 32.8689 26.914 76.5923 16.0568 71.5984 24.0784
internal_count=30206 25895 4581 3291 1805 1111 393 694 121 1486 1305 573 124 449 104 345 57 342 167 79 175 67 21314 5948 660 495 88 139 91 469 445 52 718 233 127 91 50 106 485 62 317 269 100 169 103 54 161 114 91 47 4311 3981 1329 658 671 642 186 156 456 97 439 143
cat_boundaries=0 1 2 3 4 5 6 7 8 9
cat_threshold=96 8 8 4 8 1 8 9 8
is_linear=0
shrinkage=0.04


Tree=43
num_leaves=63
num_cat=12
split_feature=7 9 8 9 11 12 11 8 1 8 8 15 2 8 9 1 13 0 12 12 8 13 0 11 15 16 8 10 9 5 1 10 11 9 1 16 8 0 8 2 10 9 11 0 8 7 14 1 8 16 9 0 10 11 0 1 14 9 0 8 8 11
split_gain=118.461 2.26823 2.33946 2.85908 2.99466 2.95261 2.81736 7.723 5.29369 5.3878 2.80258 3.52855 5.14167 4.76835 3.99417 7.66428 5.51524 6.60294 11.0044 6.20973 4.92837 6.55434 7.75636 6.92216 6.2304 4.56015 4.18589 4.13685 5.22998 5.01572 4.104 3.95067 6.3623 4.51668 4.35388 3.82006 4.02148 3.82871 3.76248 3.73182 5.49715 3.72338 5.05837 4.34711 3.68654 3.51399 4.29692 3.35362 3.31021 5.53659 4.96997 3.30346 3.24219 4.59321 3.88 3.22033 3.1941 3.18554 6.57043 3.43806 3.17331 3.17012
threshold=2.5000000000000004 2.5500000000000003 29.500000000000004 4.1500000000000012 2.5000000000000004 0 1.0000000180025095e-35 25.500000000000004 12.500000000000002 23.500000000000004 31.500000000000004 1 1.0000000180025095e-35 33.500000000000007 4.7500000000000009 20.500000000000004 2 7.5000000000000009 3 4 36.500000000000007 5 7.5000000000000009 1.5000000000000002 6 7 37.500000000000007 1.0000000180025095e-35 4.2500000000000009 1.0000000180025095e-35 9.5000000000000018 1.0000000180025095e-35 1.0000000180025095e-35 4.8500000000000005 20.500000000000004 8 32.500000000000007 7.5000000000000009 33.500000000000007 1.0000000180025095e-35 1.5000000000000002 4.3500000000000005 1.0000000180025095e-35 12.500000000000002 32.500000000000007 3.5000000000000004 9 20.500000000000004 33.500000000000007 10 3.8500000000000001 7.5000000000000009 1.5000000000000002 1.0000000180025095e-35 7.5000000000000009 15.500000000000002 11 4.9500000000000011 7.5000000000000009 33.500000000000007 35.500000000000007 1.5000000000000002
decision_type=2 8 10 8 10 1 10 10 2 10 10 1 2 8 10 2 9 10 1 1 10 9 10 8 1 9 10 2 10 2 2 2 8 10 2 9 10 10 10 2 2 10 8 8 10 2 9 2 10 9 10 10 2 8 10 2 9 10 10 10 8 8
left_child=-1 -2 3 5 -5 6 7 -3 9 -8 -4 12 61 -14 15 16 17 18 27 45 21 23 24 35 56 -21 -20 28 -13 -30 38 32 -32 34 -34 39 -37 -38 -24 40 44 -15 -43 51 -16 46 -18 -26 49 50 -17 -44 -27 -54 -55 -19 -23 58 -42 -60 -58 -12
right_child=1 2 10 4 -6 -7 8 -9 -10 -11 11 14 13 41 20 48 19 55 26 25 -22 22 30 -25 47 52 -28 -29 29 -31 31 -33 33 -35 -36 36 37 -39 -40 -41 57 42 43 -45 -46 -47 -48 -49 -50 -51 -52 -53 53 54 -56 -57 60 -59 59 -61 -62 -63
leaf_value=-0.015339625472299124 0.020754040418993317 -0.0054203979494509644 0.0050991051978995392 0.001405808319481034 0.022839070143798039 -0.0092423358878356218 0.0083696429106968669 0.046588898695086707 0.0041191206722353598 -0.037328443523075301 0.0067878904210495871 0.02404514973246006 -0.031216298195431841 0.023605208398149648 -0.019008799970311612 -0.012317994125058034 0.031611513628610366 0.021146942801099477 -0.0091322090414188636 -0.016660368972201994 0.0031502129024509246 0.012441928932768374 -0.0091869467999387729 -0.030059935609490811 -0.0045845953053399394 0.0063483433889021173 -0.023806086863409168 0.011043519518059451 -0.02546901879701545 0.015100983796930747 0.031064498129852566 -0.015302599006835638 0.037704309941071767 -0.020299872306204048 -0.012740057026758985 0.049555473174979409 0.025279356523859341 -0.0060116244950841934 -0.041837127261758374 0.012228135371197402 0.016884440409216616 -0.033462657882177255 0.0078782415475162626 0.020299845312355427 0.0088166859858574177 0.02642610667453767 0.0064286191490483717 -0.026928524802608506 0.0055462695114420393 -0.0055124958262260468 0.02368190429898433 -0.035266379434117 -0.035051429795329291 0.015463877896375273 -0.015284565268401886 0.0014833575533194541 -0.008769456508165966 -0.04102380522101555 -0.0054929195131638896 -0.05049886289824345 0.01768727332378265 -0.0035117847493470488
leaf_weight=699.68579337745905 10.273914918303488 11.633839190006258 636.43378682434559 3215.2106109410524 10.464107155799864 73.300578102469444 6.4175327420234707 7.5216810405254355 52.49345937371254 11.570413410663603 524.72631803154945 7.0152798742055884 10.697708100080488 7.8220504075288764 9.1176567524671537 6.8358071893453589 12.048810139298439 13.960735127329825 125.42120881378651 24.296554327011108 273.17206734418869 52.72743071615696 9.3558177351951617 9.5194640904664976 25.622039541602135 88.459339469671249 41.361785307526588 63.20857460796833 18.83787997066975 6.5784515142440787 8.2788268774747831 90.665386617183685 5.3572778701782244 19.070888847112656 5.5984516143798828 5.2630624920129803 13.825737267732622 11.428060367703436 14.245448276400564 38.169764026999474 8.4667462408542686 8.5540633648633975 5.4089543074369448 11.234908729791639 46.324356958270073 21.748158752918243 108.1389531493187 18.513559952378273 237.0415998250246 17.103034272789955 59.918758749961853 5.9772478342056274 7.8335539400577536 12.928173154592516 13.342663303017614 293.02602714300156 30.727941647171974 7.017303228378295 4.9802549183368665 5.9727997183799744 9.4951621890068036 52.606814056634903
leaf_count=4311 39 47 2486 12706 39 300 25 26 207 51 2042 26 46 29 38 28 44 52 510 101 1074 202 38 41 103 344 175 243 80 25 30 375 19 80 23 18 51 46 63 146 32 37 21 42 179 80 421 79 926 69 222 26 34 49 55 1155 125 31 20 27 36 211
internal_value=0.000306377 0.00197406 0.00194462 0.0012142 0.00147534 -0.00395545 0.00125858 0.0150018 -0.002298 -0.0210248 0.00272652 0.00212947 0.00471154 -0.00755931 0.00124692 0.00268875 0.000716742 -0.00157722 -0.00626373 0.0051171 -0.00108751 -0.00366148 -0.0071086 0.00284225 -0.000448641 -0.000776574 -0.0120489 0.00460324 -0.00652936 -0.0149684 -0.0135585 -0.0107521 1.85056e-05 -0.00854138 0.0119269 0.00511125 0.0177482 0.0111193 -0.0288942 0.0018989 -0.0029163 -0.00106973 -0.00726083 0.00264726 0.00424068 0.010865 0.0089532 -0.011379 0.00796263 0.014793 0.0199954 -0.0147708 0.00230881 -0.00816887 -0.000152912 0.00237759 0.00538615 -0.0179254 -0.00957886 -0.0300351 -0.00252402 0.00584938
internal_weight=7264.05 6564.37 6554.09 3388.61 3225.67 162.938 89.6369 19.1555 70.4814 17.9879 3165.48 2529.05 627.028 49.6949 1902.02 1179.11 858.206 569.41 262.423 288.796 722.916 449.743 289.658 160.085 137.086 146.86 166.783 95.6402 32.4316 25.4163 152.572 128.971 38.3054 30.0266 10.9557 150.566 30.5169 25.2538 23.6013 120.049 81.8791 38.9972 31.1752 22.6211 55.442 141.936 120.188 44.1356 320.899 83.8576 66.7546 11.3862 122.564 34.1044 26.2708 306.987 92.9505 26.4371 19.4198 10.9531 40.2231 577.333
internal_count=30206 25895 25856 13401 12745 656 356 73 283 76 12455 9969 2454 201 7515 4639 3394 2266 1059 1128 2876 1802 1173 629 545 583 685 374 131 105 628 527 152 122 42 588 115 97 101 473 327 155 126 89 217 545 465 182 1245 319 250 47 482 138 104 1207 363 110 79 47 161 2253
cat_boundaries=0 1 2 3 4 5 6 7 8 9 10 11 12
cat_threshold=56 8 10 10 113 9 6 4 1 2 1 4
is_linear=0
shrinkage=0.04


Tree=44
num_leaves=63
num_cat=10
split_feature=7 12 5 8 0 9 1 14 9 9 6 13 1 9 6 14 9 6 9 13 8 8 14 8 6 8 5 9 1 0 13 8 1 9 14 14 8 10 11 8 11 10 9 9 7 9 14 8 4 8 8 11 6 8 6 8 9 9 6 1 4 6
split_gain=109.943 2.16988 5.7976 4.32229 4.30547 4.42203 6.51867 4.82943 6.86932 4.31198 3.92859 3.89423 5.45046 4.48476 4.25453 4.22952 3.84857 3.69348 2.84827 3.4565 2.77637 4.97565 6.34205 3.68236 3.04599 2.75151 2.60516 3.48252 10.1897 3.98366 4.04292 5.50153 7.02329 4.72497 14.2823 8.59209 5.05242 4.32222 3.54055 3.44918 9.21415 4.52665 3.68231 3.33793 4.90471 4.80044 3.99597 4.54385 4.95486 4.24455 7.37078 4.91292 7.48581 4.33165 5.12026 3.71456 9.68362 4.41424 3.31785 3.47816 3.25472 2.98458
threshold=2.5000000000000004 0 1.0000000180025095e-35 29.500000000000004 12.500000000000002 4.6500000000000012 15.500000000000002 1 4.7500000000000009 4.7500000000000009 1.0000000180025095e-35 2 19.500000000000004 4.9500000000000011 1.5000000000000002 3 4.6500000000000012 2.5000000000000004 4.4500000000000011 4 24.500000000000004 27.500000000000004 5 20.500000000000004 1.0000000180025095e-35 32.500000000000007 1.0000000180025095e-35 4.1500000000000012 20.500000000000004 7.5000000000000009 6 25.500000000000004 20.500000000000004 4.5500000000000007 7 8 35.500000000000007 1.0000000180025095e-35 1.0000000180025095e-35 20.500000000000004 1.0000000180025095e-35 1.5000000000000002 4.6500000000000012 4.7500000000000009 3.5000000000000004 4.8500000000000005 9 36.500000000000007 1.0000000180025095e-35 23.500000000000004 22.500000000000004 1.0000000180025095e-35 5.5000000000000009 25.500000000000004 5.5000000000000009 33.500000000000007 4.5500000000000007 4.6500000000000012 5.5000000000000009 19.500000000000004 1.0000000180025095e-35 5.5000000000000009
decision_type=2 1 2 8 10 8 2 9 10 8 2 9 2 10 2 9 10 2 10 9 10 10 9 10 2 8 2 10 2 10 9 10 2 10 9 9 10 2 10 10 8 2 10 10 2 8 9 10 2 10 8 8 2 10 2 10 10 10 2 2 2 2
left_child=-1 2 3 18 11 6 -6 8 -7 -9 -8 12 13 -5 -14 16 25 -10 -2 20 23 -22 -23 -20 -25 -16 -3 28 38 30 31 32 37 34 61 36 -35 -29 -28 40 -31 42 -42 46 -45 -46 47 60 -49 50 -48 52 -51 -53 55 56 -55 -57 -39 -60 -32 -33
right_child=1 26 -4 4 5 7 10 9 17 -11 -12 -13 14 -15 15 -17 -18 -19 19 -21 21 22 -24 24 -26 -27 27 29 -30 39 43 33 -34 35 -36 -37 -38 58 -40 -41 41 -43 -44 44 45 -47 49 48 -50 51 -52 53 -54 54 -56 57 -58 -59 59 -61 -62 -63
leaf_value=-0.01484350914499246 0.0077714695458909865 0.0020950943597584305 0.0079542876378140715 -0.0057012042942792421 0.042262411850044874 -0.015884831957789062 -0.011208841864944372 0.014434816414351334 0.038154888306908268 -0.025638808557366367 0.017535755325214158 0.0058781528725946885 0.021536057412497471 -0.037742379986065062 -0.021430375545333349 0.015833981325714116 -0.036015342173583306 0.0020035496858798814 -0.01302379562794392 -0.0051809651126056809 -0.016781862610207421 -0.024135796508838025 0.02495241172287135 -0.0059653004292799169 0.022284347577083849 0.012694317886906283 0.0004895123437932018 -0.0077564934636290741 0.011358741533974844 -0.015157674724725779 0.0071164962338115803 -0.054418102429398298 0.0097262367540705448 -0.0060304370513166684 0.022005010033395483 0.0097782462041577055 -0.0416007304755475 -0.022396498442367775 -0.015333945328152212 0.0021695935438360969 0.012181093845848947 0.00150139279477036 0.050088887664439974 -0.006825320981975861 0.023084109660367714 -0.0027457291727344809 -0.0016572674979636961 0.014976898996854794 -0.035485154733245004 0.0078414259966146788 -0.046014566248042871 0.032780364799107856 -0.028196662571111333 0.014379976686664089 0.015874184141967777 -0.0058884185394002236 -0.042384961784946398 0.034743061858301644 -0.069575563441475405 -0.025477041660635604 0.024881922720413355 -0.022367175704987859
leaf_weight=694.26068075746298 46.48302686214447 3896.8417870104313 332.87697377800941 96.621060580015182 14.266193464398382 9.1929821372032183 9.7804963737726194 6.3162380754947689 13.279738306999208 13.432828828692434 34.241706788539886 190.31075170636177 21.207591533660889 7.5344709157943717 6.2009856849908838 14.798602268099783 7.1202230155467978 6.8563413172960272 8.2875923514366132 239.02370321750641 21.198846474289894 5.91065913438797 14.645184129476549 7.6951106637716284 29.589532822370529 9.6854329705238342 30.223522156476974 14.30832554399967 42.866921409964561 11.628653541207312 35.55237603187561 8.7328090965747833 11.674379780888556 27.036636561155319 9.9354510456323641 69.420570597052574 8.3662427514791471 14.706374615430832 89.991796106100082 683.19335494935513 6.0116624981164994 7.6113305240869513 12.893378645181654 147.40360704064369 19.664516270160675 27.768886581063271 23.55161111056805 6.0566784143447858 6.4063407629728317 20.091193467378616 8.0399653762578946 10.492147296667097 17.04718804359436 8.6546292603015917 37.666437312960625 12.878645688295366 10.819479525089262 6.4061195552349082 6.7654067277908325 4.9594875425100327 30.78926132619381 9.9395684450864792
leaf_count=4311 181 15366 1290 389 50 38 40 24 47 57 129 742 79 33 26 56 31 27 34 963 88 25 54 31 110 37 120 58 165 48 138 40 45 109 37 268 37 62 375 2691 23 30 44 596 73 111 94 23 28 78 36 38 73 33 143 52 48 23 32 21 114 42
internal_value=0.000293757 0.00189505 0.003462 0.00170982 0.0043004 0.0113156 0.0187645 0.00246886 0.0127653 -0.0128223 0.0111495 0.00216959 -0.00237083 -0.00801902 0.00719626 -0.000847924 -0.0115783 0.0258453 -0.0014923 -0.00281176 0.00382794 -0.00318484 0.0108375 0.0110932 0.016454 -0.000625659 0.00154703 0.000133129 -0.00538514 0.000806492 -0.00155837 -0.00630627 -0.0176263 -0.00233218 -0.0167406 0.00160009 -0.0144362 -0.0254645 -0.0113557 0.00282317 0.014529 0.0275479 0.0380345 0.000629304 -0.00322518 0.00796257 0.00385935 0.0111984 -0.010962 0.000143573 -0.0129461 0.00347693 -0.00870071 0.00868023 0.00537162 -0.00483493 -0.0171576 0.00760877 -0.0350506 -0.0509224 0.0153615 -0.0373569
internal_weight=7257.21 6562.95 1166.56 833.679 460.846 107.367 58.2884 49.0781 29.3291 19.7491 44.0222 353.479 163.168 104.156 59.0128 37.8052 23.0066 20.1361 372.834 326.351 87.3269 41.7547 20.5558 45.5722 37.2846 15.8864 5396.4 1499.55 163.082 1336.47 615.134 185.845 52.414 133.431 28.6078 104.823 35.4029 40.7396 120.215 721.338 38.145 26.5164 18.905 429.289 194.837 47.4334 234.452 78.8047 12.463 155.647 31.5916 124.056 37.1384 86.9175 76.4253 38.7589 19.4741 19.2848 26.4313 11.7249 66.3416 18.6724
internal_count=30206 25895 4581 3291 1805 412 219 193 112 81 169 1393 651 422 229 150 94 74 1486 1305 342 167 79 175 141 63 21314 5948 660 5288 2452 751 218 533 119 414 146 173 495 2836 145 97 67 1701 780 184 921 303 51 618 130 488 151 337 299 156 81 75 115 53 252 82
cat_boundaries=0 1 2 3 4 5 6 7 8 9 10
cat_threshold=96 4 10 4 8 8 2 4 8 8
is_linear=0
shrinkage=0.04


Tree=45
num_leaves=63
num_cat=10
split_feature=7 8 12 15 16 9 1 11 8 4 9 8 6 11 2 9 1 6 8 4 14 8 9 8 9 5 12 11 14 15 8 8 16 7 4 1 1 9 16 9 1 9 8 8 10 1 16 6 8 6 1 11 10 11 8 9 10 9 8 9 1 1
split_gain=116.468 3.00848 4.85085 9.36627 9.05966 7.28049 5.94553 4.36139 4.51193 4.30959 4.51472 6.81736 8.08679 2.92241 2.85308 2.70702 5.99269 3.75594 2.69158 5.71773 7.61757 3.51631 2.7969 3.8529 3.91042 6.70604 2.6567 2.8718 2.35713 4.57747 7.18 6.83146 4.52844 3.71365 3.55198 4.31674 5.10091 3.11376 2.5984 3.92722 3.95722 2.86988 3.43272 5.91172 2.7986 2.84349 2.72607 4.62488 2.43679 3.05177 2.32261 3.65869 2.23741 5.11524 7.32104 5.48827 4.30533 5.86204 3.57075 3.54734 3.0955 2.92557
threshold=2.5000000000000004 36.500000000000007 0 1 2 4.8500000000000005 15.500000000000002 1.0000000180025095e-35 28.500000000000004 1.0000000180025095e-35 4.7500000000000009 29.500000000000004 3.5000000000000004 1.5000000000000002 1.0000000180025095e-35 4.6500000000000012 16.500000000000004 1.5000000000000002 23.500000000000004 1.0000000180025095e-35 3 22.500000000000004 4.1500000000000012 34.500000000000007 4.7500000000000009 1.0000000180025095e-35 4 2.5000000000000004 5 6 36.500000000000007 36.500000000000007 7 3.5000000000000004 1.0000000180025095e-35 11.500000000000002 19.500000000000004 4.0500000000000007 8 4.8500000000000005 14.500000000000002 4.0500000000000007 30.500000000000004 33.500000000000007 1.0000000180025095e-35 -1.0000000180025095e-35 9 3.5000000000000004 30.500000000000004 3.5000000000000004 8.5000000000000018 1.0000000180025095e-35 1.5000000000000002 1.0000000180025095e-35 28.500000000000004 4.2500000000000009 1.0000000180025095e-35 4.7500000000000009 37.500000000000007 4.9500000000000011 19.500000000000004 8.5000000000000018
decision_type=2 10 1 1 9 10 2 10 8 2 10 8 2 8 2 8 2 2 8 2 9 10 8 10 8 2 1 10 9 1 10 8 9 2 2 2 2 8 9 8 2 10 8 8 2 2 9 2 8 2 2 10 2 10 10 10 2 8 8 8 2 2
left_child=1 2 3 4 7 6 -6 8 -1 10 11 -9 -13 -4 -3 17 -17 -15 19 21 -21 -5 -20 -24 25 -25 27 28 29 30 -2 32 -31 38 35 -34 -37 -35 39 -30 44 42 -40 -44 -41 -46 -43 -48 49 -42 51 -45 53 54 56 -55 57 -39 61 -57 -56 -54
right_child=26 14 13 18 5 -7 -8 9 -10 -11 -12 12 -14 15 -16 16 -18 -19 22 20 -22 -23 23 24 -26 -27 -28 -29 33 31 -32 -33 34 37 -36 36 -38 52 41 40 48 46 43 50 45 -47 47 -49 -50 -51 -52 -53 58 55 60 59 -58 -59 -60 -61 -62 -63
leaf_value=-0.052179731265590522 0.021367222744389052 -0.023906546801245217 -0.018593131084095764 -0.023338421298219867 0.055174913448274951 0.080917803741709551 -0.016539280720060306 0.071567141576625679 0.0030912551656031313 -0.015567931525637914 -0.0064971160503344907 -0.036735342588849931 0.05084095575751358 0.036823533030799632 0.00010028746553957408 0.021449469666541984 -0.0370978518977719 -0.0063076414505843529 -0.03935879967247758 -0.011420592378297021 0.060855653225934017 0.011542282091196801 -0.017727776161898953 -0.0054993823124644906 -0.023910267956631183 0.063308490630619843 0.0021272177525845279 0.019445548447655513 -0.010384305873549316 0.016786122948213564 -0.025874014661209511 0.03051258773206263 0.020175433834633369 0.031064986565589047 -0.048000528999933872 -0.041504779086528852 0.0073732203058158472 -0.0086267416905972446 -0.030927797625654788 0.0094539333378922501 0.014954377974536876 -0.00047444706191873849 0.027078652336765315 0.02008058270317278 -0.0012317417292698916 -0.0369399085141425 -0.0037601316775839489 0.036405729139005298 0.026813709021001681 -0.023074553150434926 -0.022961878088808972 -0.016373330202410882 0.041835610369786058 0.04102985281996565 -0.017675818396190646 0.0060708532061783107 -0.016240933803373186 0.048573280049161081 -0.0169987891090011 -0.02780601077517128 -0.052201756553968325 0.011166783968677724
leaf_weight=4.8314246982336018 41.828936830163002 93.035738199949265 357.12918452173471 17.229059368371967 3.308637470006941 4.1875768005847931 4.1947957277297974 4.4979509264230737 4.6255888193845758 9.6258250325918215 7.5955370515584937 3.3025816828012475 3.4487041831016541 4.4274595379829469 8.6578038483858091 4.0452449545264235 9.0667506083846074 11.947976902127264 7.9208332151174536 4.9006804525852203 4.4533606320619565 6.320616513490676 95.671291776001453 6.4381938576698268 5.2678385823965082 3.4973311275243759 5473.4327109605074 11.960546612739561 116.52991372346878 6.3473525494337082 5.8699348866939536 6.882754683494567 4.809201121330271 6.8868455886840811 5.9604652225971213 9.2688923031091672 5.4101724028587332 5.4079178571701041 9.9391658008098585 8.0221662670373934 10.530627623200418 590.17333951592445 7.6263815313577643 7.2146124839782724 6.7675338238477707 7.5473393052816373 9.7391919940710086 8.6699724048376066 11.924199834465979 4.9696938246488562 16.059276655316353 11.31202720105648 5.9904599338769904 6.8123480379581443 12.754817903041841 61.289795264601707 8.1957341581583023 6.1003918051719674 6.0062376856803885 5.3796582370996466 6.1622624397277823 29.406232416629791
leaf_count=33 156 600 2259 108 18 21 26 23 29 61 45 22 19 23 52 23 57 73 54 30 23 37 597 39 33 18 21580 45 476 24 25 25 18 25 27 41 21 22 43 31 40 2345 28 27 27 33 39 31 44 21 68 47 21 24 53 239 34 21 25 23 28 113
internal_value=0.00012661 -0.0155102 -0.0144114 -0.00790709 0.0065573 0.0386643 0.0150831 -0.00161063 -0.0251457 0.00620697 0.0173295 0.0334173 0.00800054 -0.0171502 -0.0218627 -0.00549107 -0.0190351 0.00535382 -0.0127511 -0.00346773 0.0229894 -0.0139766 -0.0163958 -0.0147553 0.00394973 0.0187212 0.00177065 -4.60065e-05 -0.000263543 0.00607283 0.012858 -0.00446462 -0.0134401 -0.000817838 -0.0209791 -0.0127146 -0.0234901 0.00475244 -0.00189813 -0.00636736 0.00303939 -0.000773333 -0.00977878 -0.0047991 -0.0094593 -0.0200584 -1.62671e-06 0.0151564 0.0132195 0.00276159 -0.0118283 -0.00217751 0.00357196 0.000637167 -0.0111487 0.00683168 0.00591538 0.0216942 0.0115182 0.00333728 -0.0289227 0.0163571
internal_weight=7248.82 689.628 587.934 201.318 49.6186 11.691 7.50343 37.9276 9.45701 28.4706 18.8448 11.2492 6.75129 386.617 101.694 29.4874 13.112 16.3754 151.699 32.9037 9.35404 23.5497 118.795 110.875 15.2034 9.93552 6559.19 1085.76 1073.8 86.3777 47.6989 38.6788 31.7961 987.418 25.4487 19.4883 14.6791 160.393 827.025 166.291 49.7616 660.734 52.1515 42.2123 22.337 14.3149 608.583 18.4092 27.4245 15.5003 34.5859 18.5266 153.506 112.103 38.6211 73.4818 19.704 11.5083 41.4029 66.6695 18.9171 35.3967
internal_count=30213 4323 3671 1236 297 65 44 232 62 170 109 64 41 2435 652 176 80 96 939 198 53 145 741 687 90 57 25890 4310 4265 337 181 156 131 3928 107 80 62 628 3300 672 196 2628 213 170 91 60 2415 70 105 61 142 74 603 444 158 286 77 43 159 262 81 134
cat_boundaries=0 1 2 3 4 5 6 7 8 9 10
cat_threshold=73 2 1 4 1 2 10 4 4 1
is_linear=0
shrinkage=0.04


Tree=46
num_leaves=63
num_cat=8
split_feature=7 8 12 15 16 9 1 11 8 4 9 8 6 0 1 11 8 4 14 5 9 8 11 9 14 9 1 6 12 0 15 11 7 14 8 6 1 8 1 8 9 1 10 8 9 8 3 11 8 10 5 6 6 9 9 4 1 6 0 10 8 9
split_gain=108.198 2.84973 4.56388 8.68154 8.1592 6.27807 5.33065 4.06499 4.3336 3.95318 4.06649 5.94218 7.37387 3.54915 3.24961 2.75051 2.52204 5.25374 6.7778 3.42858 2.68175 3.6935 6.44531 2.79706 3.66403 2.52004 5.62036 3.40577 2.44854 3.7485 5.06279 4.03882 3.71404 5.53118 3.54771 3.53226 3.4304 4.53855 3.7921 3.71959 3.5676 4.57494 3.2163 3.04011 2.95186 2.46914 4.67128 5.94908 3.45377 3.89647 3.74317 4.98031 6.2236 3.04991 5.45258 3.74755 2.93888 2.59036 2.45822 2.42544 3.49269 5.49354
threshold=2.5000000000000004 36.500000000000007 0 1 2 4.8500000000000005 15.500000000000002 1.0000000180025095e-35 28.500000000000004 1.0000000180025095e-35 4.7500000000000009 29.500000000000004 3.5000000000000004 7.5000000000000009 18.500000000000004 1.5000000000000002 23.500000000000004 1.0000000180025095e-35 3 1.0000000180025095e-35 4.1500000000000012 32.500000000000007 1.0000000180025095e-35 4.9500000000000011 4 4.6500000000000012 16.500000000000004 1.5000000000000002 5 7.5000000000000009 6 2.5000000000000004 3.5000000000000004 7 35.500000000000007 5.5000000000000009 12.500000000000002 37.500000000000007 1.0000000180025095e-35 38.500000000000007 4.8500000000000005 18.500000000000004 1.0000000180025095e-35 27.500000000000004 4.6500000000000012 32.500000000000007 1.0000000180025095e-35 1.5000000000000002 35.500000000000007 1.5000000000000002 1.0000000180025095e-35 3.5000000000000004 2.5000000000000004 4.5500000000000007 4.4500000000000011 1.0000000180025095e-35 10.500000000000002 5.5000000000000009 1.0000000180025095e-35 1.0000000180025095e-35 35.500000000000007 4.6500000000000012
decision_type=2 10 1 1 9 10 2 10 8 2 10 8 2 8 2 8 8 2 9 2 8 10 10 10 9 8 2 2 1 10 1 10 2 9 10 2 2 10 2 8 8 2 2 8 10 10 2 10 10 2 2 2 2 8 8 2 2 2 10 2 10 10
left_child=1 2 3 4 7 6 -6 8 -1 10 11 -9 -13 14 -3 -4 17 19 -19 -5 -18 23 -23 -22 -25 27 -27 -17 29 30 36 -31 33 58 35 43 38 40 39 42 -38 -42 -2 -34 -44 46 47 53 50 -50 51 52 -47 54 55 -35 -51 -52 -32 -24 61 -61
right_child=28 13 15 16 5 -7 -8 9 -10 -11 -12 12 -14 -15 -16 25 20 18 -20 -21 21 22 59 24 -26 26 -28 -29 -30 31 32 -33 34 45 -36 -37 37 -39 -40 -41 41 -43 44 -45 -46 48 -48 -49 49 56 57 -53 -54 -55 -56 -57 -58 -59 -60 60 -62 -63
leaf_value=-0.051561725027219653 0.019090503656124795 -0.018810937091606039 -0.01802728574710992 -0.021736342561961754 0.051500215375697149 0.074652482956582375 -0.016015000427665325 0.066330028806055569 0.0029626162279218432 -0.015069467147261973 -0.0062576555356084421 -0.035985888397946322 0.047553422481281096 -0.016414971381802042 -0.045492542831733866 0.034774134523497861 -0.038617002445451978 -0.011028832820360877 0.056735487715415991 0.015032043218536999 -0.021833883039724129 0.025525468580646641 -0.030324354735621603 -0.025981319817274365 0.027588554728456584 0.0203789150267056 -0.036283184022393382 -0.00607497948456909 0.0020426248826551155 -0.0027048928767942908 0.0059426079579108773 0.027687043874712255 -0.00074010846035818978 -0.019469877527155618 -0.0071024559330606328 0.03767958594873367 0.0026894091672891242 0.031546300504656163 -0.027027475049476297 -0.030370531791340527 0.0086466519461244982 -0.033712360533670757 0.0066959955640577343 0.021164468853448432 -0.029617228675104457 0.029288977789785495 -0.011352357608019226 -0.033170912604225576 0.0067900127622488307 -0.039075102311818231 -0.019133184952054866 0.05800517149218657 -0.015396807959761784 0.0017022736507050851 0.039410243904032478 0.025614362147675269 -0.004232105795597808 0.018567695746342532 0.029208408570205405 0.012499057267037421 0.025089918643283467 -0.04366001351423545
leaf_weight=4.6964882165193531 10.899861976504328 13.781366489827635 353.67648127675056 18.15557070076466 3.400947690010069 4.3538446575403214 4.1595624089241028 4.6555511951446542 4.6332199424505243 9.5480623021721858 7.5712505280971518 3.237828955054284 3.5377324372529984 71.205680951476097 15.537542484700678 4.499328061938292 7.7534753307700148 4.8723555356264114 4.5829069316387159 5.2256783097982398 67.923719793558121 9.0876390784978849 9.0711023062467593 3.7930279523134232 4.4273352622985822 4.0865708589553824 8.9028596580028516 11.910128489136694 5472.5367816835642 553.1323935687542 12.551082670688631 7.0857529044151297 16.854080900549889 6.9442409723997134 11.118592113256453 11.221603527665136 54.074548333883286 6.9128821343183509 18.760175630450249 6.9376548230648032 6.4656982868909862 11.05438809096813 7.941145792603491 25.439532056450844 6.5243334919214249 15.916663512587553 53.568501546978951 7.1230411231517783 44.646041914820671 5.6810960024595287 6.9468726068735105 5.3807694613933554 7.2620668560266486 115.35111562907696 10.195417925715445 5.1286758631467819 12.171148419380186 5.025275856256485 17.256211876869202 5.4123291671276075 4.5725479722023001 5.7455027252435684
leaf_count=33 41 89 2259 115 18 21 26 23 29 61 45 22 19 457 106 23 54 30 23 30 433 52 58 24 25 23 57 73 21580 2212 49 26 67 29 45 40 213 25 80 30 25 48 31 95 28 58 219 31 174 25 29 18 30 456 36 19 49 19 63 31 26 38
internal_value=0.000121292 -0.0150175 -0.0139459 -0.0076318 0.00626115 0.0363897 0.0143554 -0.00156222 -0.0244844 0.0059283 0.016479 0.0315383 0.0076326 -0.0212378 -0.0329508 -0.0166163 -0.0123285 -0.00334402 0.0218161 -0.0135187 -0.0158799 -0.0142777 -0.00329262 -0.0191669 0.00287042 -0.005294 -0.0184569 0.00512549 0.00170029 -4.39055e-05 0.00238293 -0.00232049 0.00457106 0.00297467 0.0134573 0.0177289 -0.0043202 0.000595377 -0.0127238 -0.00441678 -0.00239312 -0.01808 0.00268181 0.0124355 -0.00968228 0.00134878 -0.00126105 0.0024737 0.00637216 0.000474384 0.0154663 0.0233366 0.0152886 0.00431863 0.0178715 -0.000317716 -0.0153201 -0.00330835 0.0194118 -0.013852 -0.00435303 -0.0164189
internal_weight=7242.13 684.018 583.493 200.418 49.7945 11.9144 7.56051 37.8801 9.32971 28.5504 19.0024 11.4311 6.77556 100.525 29.3189 383.075 150.623 32.8365 9.45526 23.3812 117.787 110.033 33.8891 76.1441 8.22036 29.3989 12.9894 16.4095 6558.11 1085.57 525.353 560.218 395.782 331.148 64.6338 53.5152 129.571 78.5075 51.0632 32.303 71.5946 17.5201 25.3653 42.2936 14.4655 301.341 198.311 144.742 103.03 62.4983 40.5316 28.5595 23.1787 137.619 22.2683 12.0729 17.8522 11.9721 29.8073 24.8015 15.7304 11.1578
internal_count=30213 4323 3671 1236 297 65 44 232 62 170 109 64 41 652 195 2435 939 198 53 145 741 687 205 482 49 176 80 96 25890 4310 2072 2238 1551 1304 247 202 521 311 210 130 286 73 100 162 59 1192 790 571 402 248 154 106 88 540 84 48 74 48 112 153 95 69
cat_boundaries=0 1 2 3 4 5 6 7 8
cat_threshold=73 2 1 4 4 1 1 2
is_linear=0
shrinkage=0.04


Tree=47
num_leaves=63
num_cat=13
split_feature=7 8 12 15 16 9 1 11 8 4 9 8 0 1 11 1 0 14 0 8 8 8 14 9 9 1 6 8 8 15 8 1 9 11 9 10 11 9 9 14 16 6 14 1 9 8 7 16 12 1 6 8 15 11 8 3 9 10 9 16 9 9
split_gain=100.512 2.69749 4.28674 8.04906 7.36847 5.45991 4.79391 3.79007 4.16519 3.6297 3.67314 5.21225 3.40366 3.16269 2.58676 2.39683 7.43842 4.38378 3.45741 4.16206 3.1806 2.81481 2.72413 2.68829 2.34631 5.27289 3.09265 2.3008 4.54039 3.31451 3.79751 4.12891 12.5793 5.54788 6.83667 5.99338 4.76391 7.60281 5.20358 4.68083 4.50997 4.03591 4.36143 3.84803 3.83044 3.6251 5.05349 6.31429 4.09719 5.72473 5.4216 5.87711 4.60669 11.7667 4.03505 3.98692 3.78633 7.09066 3.43156 3.28906 3.19884 5.28899
threshold=2.5000000000000004 36.500000000000007 0 1 2 4.8500000000000005 15.500000000000002 1.0000000180025095e-35 28.500000000000004 1.0000000180025095e-35 4.7500000000000009 29.500000000000004 7.5000000000000009 18.500000000000004 1.5000000000000002 20.500000000000004 7.5000000000000009 3 12.500000000000002 27.500000000000004 26.500000000000004 35.500000000000007 4 4.7500000000000009 4.6500000000000012 16.500000000000004 1.5000000000000002 29.500000000000004 31.500000000000004 5 32.500000000000007 22.500000000000004 4.6500000000000012 1.0000000180025095e-35 4.9500000000000011 1.5000000000000002 1.5000000000000002 4.6500000000000012 4.1500000000000012 6 7 4.5000000000000009 8 17.500000000000004 3.8500000000000001 33.500000000000007 3.5000000000000004 9 10 22.500000000000004 5.5000000000000009 34.500000000000007 11 1.5000000000000002 38.500000000000007 1.0000000180025095e-35 4.9500000000000011 1.0000000180025095e-35 4.1500000000000012 12 4.6500000000000012 4.2500000000000009
decision_type=2 10 1 1 9 10 2 10 8 2 10 8 8 2 8 2 8 9 10 10 8 10 9 8 8 2 2 10 10 1 10 2 10 8 10 2 10 10 10 9 9 2 9 2 8 10 2 9 1 2 2 10 1 10 10 2 10 2 10 9 10 10
left_child=1 2 3 4 7 6 -6 8 -1 10 11 -9 13 -3 -4 21 20 23 -19 -20 -17 22 -5 -18 26 -26 -16 -2 59 -30 31 33 -33 34 35 41 38 -38 44 40 -40 42 -31 -42 -35 46 55 -48 50 52 -47 -52 -50 60 58 56 -32 -58 -51 -29 61 -54
right_child=27 12 14 15 5 -7 -8 9 -10 -11 -12 -13 -14 -15 24 16 17 18 19 -21 -22 -23 -24 -25 25 -27 -28 28 29 30 45 32 -34 36 -36 -37 37 -39 39 -41 43 -43 -44 -45 -46 48 47 -49 49 54 51 -53 53 -55 -56 -57 57 -59 -60 -61 -62 -63
leaf_value=-0.050981817195153489 0.00090934747046261962 -0.018245240474900334 -0.017475507490546285 -0.039887380496216103 0.048211323656158225 0.069244779872275716 -0.01550461863782045 0.061746549486721813 0.0028395368914735726 -0.014584326997141883 -0.0060263866644755309 0.0072890558053549373 -0.015899596547177076 -0.044792696137174723 0.032885331788651766 0.042645492046330127 0.023787261108936277 -0.037691629862694941 0.025129903015721211 -0.030869506941903244 0.0028722019832848962 0.0091918082635715232 -0.015807824666953036 -0.015279624481125327 0.019374959361579142 -0.035489615387150161 -0.0058502823239177312 0.033427286537636131 0.0041308428356465875 -0.04558121723555858 0.0064178298881919348 0.042784500377362901 -0.016008733463873465 -0.0087728092285050494 -0.062521704415851823 -0.034043244767865216 -0.045747745299339934 0.0094364203944804805 -0.01409934049789552 0.0074155518638620733 0.028163921361376881 0.018599803786751679 -0.0041113948393295815 -0.014602467026904792 0.029017093346120001 0.0014316035698833103 -0.037579735228928025 0.0011192523428594722 0.001906346706114995 0.009485755929169927 -0.011811855872551784 0.01536034203253722 -0.012034250112045165 -0.043221764728374502 0.012748369665072354 0.015466390739886964 0.02169908986748947 -0.039793716218622807 -0.021747917606275435 0.0051340010846688093 -0.0073426247062401495 0.0096404228812569954
leaf_weight=4.5626201331615421 3394.0130915045738 13.643162146210672 350.31908955425024 8.2193854749202728 3.485817998647688 4.5028751492500305 4.1253344342112541 4.7980150878429422 4.6405306458473214 9.4726056903600711 7.5478190183639517 6.7940766811370858 70.586005672812462 15.156818784773348 4.5660268962383332 5.7611312419176075 5.9200289547443381 13.880274899303913 3.8987541496753693 4.6637828648090363 7.284633845090867 6.572184517979621 87.978019014000893 5.3788559585809717 4.125570982694625 8.7411576211452466 11.873626701533793 6.643314316868782 633.14011134207249 4.9393541216850281 109.62228737771511 11.113769248127939 12.230362698435782 5.9123744964599636 4.7256832420825949 14.541116654872893 9.3739607483148593 6.9606741666793814 57.153568208217621 44.630395978689194 8.4799953252077085 9.588637098670004 22.734233126044277 5.5823030918836585 15.654920712113379 592.05862306058407 8.4522700011730194 33.416870877146721 451.21789315342903 6.4631362557411185 14.907593607902525 87.432462573051453 26.109510824084282 12.36234328150749 8.0819153338670713 80.768069669604301 4.8176921010017377 7.9531098902225494 43.56419911980629 629.42435532808304 114.9661173671484 58.08890900015831
leaf_count=33 13433 89 2259 55 18 21 26 23 29 61 45 41 457 106 23 30 33 92 22 30 44 39 561 33 23 57 73 24 2482 22 427 39 51 24 22 63 42 27 235 173 31 36 91 23 57 2338 37 132 1778 25 61 332 107 55 31 306 18 35 186 2458 465 224
internal_value=0.000116164 -0.0145398 -0.013495 -0.00736798 0.00598379 0.0343317 0.0136765 -0.00151493 -0.0238433 0.00566695 0.0156896 0.0298292 -0.0206279 -0.0322166 -0.0160965 -0.0119211 -0.00521336 -0.0151305 -0.0253606 -0.00537146 0.0204365 -0.0161349 -0.0178653 0.00518939 -0.00510456 -0.0178979 0.00490833 0.00163269 0.00240883 0.00164851 0.000792665 -0.00397806 0.0119818 -0.00574986 -0.016465 -0.0122635 -0.0018102 -0.0222321 0.000617392 -0.00274117 -0.0091063 -0.00376425 -0.0115132 0.011187 0.0186575 0.00146874 0.0059607 -0.00669305 0.000691019 -0.00141825 0.00285989 0.0114022 -0.000382411 -0.00511307 -0.0134762 0.00856849 0.00401651 -0.016596 -0.0177128 0.00542951 -0.00300435 0.00291921
internal_weight=7235.62 678.498 579.112 199.487 49.9297 12.114 7.61115 37.8157 9.20315 28.6125 19.1399 11.5921 99.386 28.8 379.625 149.557 46.7875 33.7417 22.4428 8.56254 13.0458 102.77 96.1974 11.2989 29.3064 12.8667 16.4397 6557.13 3163.11 2527.04 1893.9 233.621 23.3441 210.277 56.529 51.8033 153.748 16.3346 137.414 115.846 71.2159 37.2622 27.6736 14.0623 21.5673 1660.28 245.03 41.8691 1415.25 720.854 694.399 102.34 662.745 211.527 58.1093 203.161 122.393 12.7708 50.0273 636.068 199.165 84.1984
internal_count=30213 4323 3671 1236 297 65 44 232 62 170 109 64 652 195 2435 939 284 210 144 52 74 655 616 66 176 80 96 25890 12457 9975 7493 936 90 846 234 212 612 69 543 462 289 149 113 54 81 6557 955 169 5602 2871 2731 393 2629 851 242 786 480 53 211 2482 796 331
cat_boundaries=0 1 2 3 4 5 6 7 8 9 10 11 12 13
cat_threshold=73 2 1 8 2 8 4 1 8 4 102 6 2
is_linear=0
shrinkage=0.04


Tree=48
num_leaves=63
num_cat=5
split_feature=14 15 9 1 9 6 1 1 0 11 12 6 9 4 9 6 6 9 8 9 8 6 9 1 9 1 6 8 9 8 8 6 8 2 9 9 16 1 8 0 3 1 9 6 8 8 9 1 0 16 11 6 6 1 8 6 0 1 1 3 6 6
split_gain=2.27497 3.27803 7.80901 5.48164 5.85427 4.40599 5.58492 4.28523 4.62724 3.67978 3.4822 6.85792 3.26381 3.19119 3.18105 4.48945 3.51189 3.15791 4.16364 6.57757 3.17498 3.76498 2.95966 5.23194 3.134 3.42981 6.96982 5.27223 12.4791 4.13325 5.59684 3.90677 2.94825 5.2159 2.87893 4.57108 3.89674 2.88715 2.74053 4.66253 5.58335 4.1631 2.71893 6.77827 2.99429 2.6058 2.57294 2.56294 2.51538 4.46248 2.49588 2.43046 2.32623 2.27618 3.23943 2.707 2.22039 2.18875 2.14734 3.54093 4.80632 3.05349
threshold=0 1 4.7500000000000009 22.500000000000004 4.5500000000000007 3.5000000000000004 19.500000000000004 16.500000000000004 12.500000000000002 1.0000000180025095e-35 2 2.5000000000000004 4.4500000000000011 1.0000000180025095e-35 4.7500000000000009 4.5000000000000009 1.5000000000000002 4.4500000000000011 37.500000000000007 4.5500000000000007 37.500000000000007 1.5000000000000002 4.9500000000000011 19.500000000000004 4.6500000000000012 12.500000000000002 1.0000000180025095e-35 24.500000000000004 4.8500000000000005 34.500000000000007 28.500000000000004 1.5000000000000002 37.500000000000007 1.0000000180025095e-35 4.8500000000000005 4.6500000000000012 3 18.500000000000004 34.500000000000007 12.500000000000002 1.0000000180025095e-35 20.500000000000004 4.0500000000000007 3.5000000000000004 36.500000000000007 31.500000000000004 4.6500000000000012 8.5000000000000018 12.500000000000002 4 1.0000000180025095e-35 3.5000000000000004 4.5000000000000009 9.5000000000000018 29.500000000000004 1.5000000000000002 12.500000000000002 19.500000000000004 21.500000000000004 1.0000000180025095e-35 4.5000000000000009 5.5000000000000009
decision_type=9 1 8 2 10 2 2 2 8 10 1 2 10 2 10 2 2 8 8 10 10 2 10 2 8 2 2 10 10 10 10 2 10 2 8 10 9 2 10 8 2 2 10 2 10 10 10 2 8 9 8 2 2 2 8 2 10 2 2 2 2 2
left_child=1 2 5 10 -5 6 7 9 -9 -1 11 -3 -8 34 -6 16 -16 42 22 20 21 -20 24 51 53 26 -26 28 31 30 47 -27 33 38 35 37 -37 -13 39 41 -41 -4 43 -12 -44 -38 -14 -28 -29 -50 -15 -24 -39 54 -19 -55 -57 -51 59 60 -7 -62
right_child=-2 3 32 4 14 58 12 8 -10 -11 17 13 46 50 15 -17 -18 18 19 -21 -22 -23 23 -25 25 27 29 48 -30 -31 -32 -33 -34 -35 -36 36 45 52 -40 40 -42 -43 44 -45 -46 -47 -48 -49 49 57 -52 -53 -54 55 -56 56 -58 -59 -60 -61 61 -63
leaf_value=0.026602102282970046 -9.9738085026888267e-05 0.010752090432262513 -0.01454621971109759 0.023510637526863748 -0.036466585323748697 -0.0028301307314193146 0.040214508859338645 -0.05317609033859319 -0.0025416660376249116 -0.014481673336129305 0.032592906783092082 -0.003681370701706863 -0.011108537749343991 0.029863905250228067 -0.016878530521368042 -0.035835058280425769 0.026506986899501799 0.015846887120452381 0.02753774146100918 -0.023552473506593334 0.038714261161027531 -0.0060259716395852248 -0.0062330972263509457 0.052795683294211443 0.039448661154596734 0.010630123923245265 0.012306000425316266 0.026253534092455122 0.046172677971699383 0.017972460058565919 -0.041474618740511796 -0.033969444865154748 0.010375867486640227 0.024340953797473818 -0.02781154334087808 0.029653859267453717 -0.02220783811037581 -0.018350489579218327 -0.041080696676823673 -0.018344068464117385 -0.066819798023197888 0.023490970927839343 -0.014576089143627 -0.025225208691418272 0.012033398370252269 0.0095123531203917498 0.023677301214524313 -0.021745378628314146 -0.024965733990395464 0.0057549528593850768 -0.0050139464645989644 0.029443856622896298 -0.054955962124204491 -0.0056340635321569998 0.051721351201941726 0.011845214017157631 0.034108414801146306 0.03333721984050439 0.041194702209020238 -0.0052097573099742535 0.060524495272338497 0.018223108645209783
leaf_weight=5.3610903918743142 6640.2732406556606 51.419297158718109 13.633655697107317 6.4477634429931632 10.298554494976999 6.8141279816627529 5.4586985856294659 6.9447855800390217 4.9430353641510019 9.9848579466342926 9.724463649094103 8.2506605982780474 7.9822502434253675 5.4803252965211842 5.7222507894039172 6.3607665449380866 6.2409752458333969 9.5613099187612551 7.5616882592439714 14.096783816814421 4.9700937569141379 18.261048696935177 6.3774053007364291 7.7874350547790518 5.2318163812160483 4.2403166741132798 8.2622778266668373 29.998627990484238 5.7272296845912924 6.4411342293024054 9.7640423625707609 12.138060726225374 7.6273047327995291 4.6994715481996527 14.692051552236078 6.9675209522247314 8.1068749427795463 6.1616162508726102 8.0771805793046934 20.339860364794735 4.6754634827375403 6.9511067420244208 24.831111133098602 4.8683959841728202 9.3003398925065976 8.4761714637279493 5.9291030168533325 6.1833797395229331 4.9492727965116501 10.593926757574087 8.1868153288960457 5.8646913021802902 5.0576740354299545 9.2850512117147428 6.9581983834505072 23.008971557021141 10.410640627145765 8.1400997340679151 4.8479974567890158 11.174159720540048 5.6198640763759595 5.310037225484848
leaf_count=20 27764 208 59 24 46 29 22 33 21 43 38 33 35 22 25 30 24 38 29 62 20 77 27 29 19 17 33 117 21 26 46 57 31 18 67 26 36 27 37 91 23 28 109 22 38 34 22 27 22 44 36 23 24 39 25 92 39 31 18 49 20 21
internal_value=0.000111558 0.00249455 -0.00263686 0.00415794 -0.0109225 0.00555566 -0.00241629 -0.0140943 -0.032122 -0.000129101 0.00555839 -0.000356281 0.0140027 -0.00840825 -0.0186792 -0.00868218 0.00575482 0.00784772 0.010039 -0.000922471 0.00943742 0.00380251 0.0126163 0.0271634 0.0109113 0.00696644 -0.00322142 0.01179 -0.0046507 -0.0105048 -0.0180814 -0.0224227 -0.013012 -0.0160678 -0.012524 -0.00730316 0.00455216 -0.0216432 -0.0196056 -0.0158017 -0.0274044 -0.00170174 -0.00114693 0.0133039 -0.00732538 -0.00599455 0.0037174 -0.00226949 0.0185601 0.00881523 0.00897157 0.0108583 -0.0348523 0.0183494 0.0309576 0.0134722 0.0187805 0.0177397 0.0165585 0.0124283 0.0235358 0.0399734
internal_weight=7229.05 588.781 146.374 442.407 35.0703 80.37 46.6038 27.2338 11.8878 15.3459 407.337 122.799 19.3701 71.3797 28.6225 18.324 11.9632 284.538 235.814 44.8896 30.7928 25.8227 190.924 20.0295 170.894 111.67 35.8827 75.7875 22.1056 30.6508 24.2097 16.3784 66.004 58.3767 57.7126 43.0205 23.5506 19.47 53.6773 45.6001 25.0153 20.5848 48.7243 14.5929 34.1315 16.583 13.9114 14.4457 53.6819 23.6833 13.6671 12.2421 11.2193 59.2242 16.5195 42.7047 33.4196 18.734 33.7662 28.9182 17.744 10.9299
internal_count=30213 2449 620 1829 149 333 196 117 54 63 1680 513 79 305 125 79 49 1167 960 188 126 106 772 79 693 460 151 309 95 132 106 74 287 256 247 180 96 84 238 201 114 87 207 60 147 70 57 60 214 97 58 50 51 233 63 170 131 75 137 119 70 41
cat_boundaries=0 1 2 3 4 5
cat_threshold=2 4 24 4 4
is_linear=0
shrinkage=0.04


Tree=49
num_leaves=63
num_cat=17
split_feature=7 17 1 15 9 12 5 6 3 16 12 1 9 9 10 9 9 14 9 6 9 16 9 9 1 11 6 1 6 14 9 10 11 12 11 15 6 12 6 1 11 9 10 9 6 9 9 1 6 16 6 15 13 14 6 9 10 7 13 12 1 6
split_gain=93.3843 2.69146 2.44769 6.16982 4.02307 5.56543 5.92036 4.47113 3.52234 5.26116 3.39757 4.43835 6.38992 5.47184 5.91952 3.76774 5.0394 3.60128 3.23739 3.16474 3.21617 2.62271 3.59365 2.55392 5.84769 4.05548 2.48277 4.00989 2.40447 2.44159 2.37007 4.20625 2.89991 2.2304 2.49332 2.19874 5.01298 4.86453 4.33655 5.31536 3.90546 3.75911 4.47025 3.46017 3.26082 3.25387 2.17122 3.21269 2.81157 2.9085 4.9079 2.17056 4.93844 5.35772 4.24964 3.52426 6.2815 3.75562 3.4644 3.32759 6.02012 4.30205
threshold=2.5000000000000004 0 17.500000000000004 1 4.2500000000000009 2 1.0000000180025095e-35 4.5000000000000009 1.0000000180025095e-35 3 4 12.500000000000002 4.6500000000000012 4.8500000000000005 1.0000000180025095e-35 4.7500000000000009 4.5500000000000007 5 4.6500000000000012 2.5000000000000004 4.5500000000000007 6 4.2500000000000009 4.8500000000000005 11.500000000000002 1.0000000180025095e-35 1.5000000000000002 20.500000000000004 1.5000000000000002 7 4.3500000000000005 1.0000000180025095e-35 1.5000000000000002 8 2.5000000000000004 9 1.0000000180025095e-35 10 1.5000000000000002 19.500000000000004 1.0000000180025095e-35 4.9500000000000011 1.0000000180025095e-35 4.8500000000000005 3.5000000000000004 4.8500000000000005 4.8500000000000005 8.5000000000000018 5.5000000000000009 11 3.5000000000000004 12 13 14 1.0000000180025095e-35 4.3500000000000005 1.0000000180025095e-35 3.5000000000000004 15 16 14.500000000000002 1.0000000180025095e-35
decision_type=2 9 2 1 10 1 2 2 2 9 1 2 8 10 2 8 10 9 10 2 10 9 10 8 2 10 2 2 2 9 10 2 10 1 10 1 2 1 2 2 10 8 2 8 2 8 10 2 2 9 2 1 9 9 2 8 2 2 9 1 2 2
left_child=1 2 3 10 26 7 30 8 -6 -10 19 12 17 15 -15 16 -13 21 -5 20 -1 22 -12 -21 25 -25 27 -4 -18 -30 31 -7 35 34 -2 37 -37 38 45 -40 -39 -38 -43 -41 -42 -32 48 -48 49 -14 -51 52 53 55 -55 56 57 -35 59 -53 61 -61
right_child=33 -3 4 18 5 6 -8 -9 9 -11 11 13 46 14 -16 -17 28 -19 -20 23 -22 -23 -24 24 -26 -27 -28 -29 29 -31 32 -33 -34 51 -36 36 41 40 39 43 44 42 -44 -45 -46 -47 47 -49 -50 50 -52 58 -54 54 -56 -57 -58 -59 -60 60 -62 -63
leaf_value=-0.00556304104254549 -0.00030269686734949022 -0.030658608656067624 -0.028161021428278001 -0.030998504946592717 -0.038378418653923392 -0.023863214072309007 0.0027198099809648091 -0.04811581297329913 -0.052196804406936803 -0.003586558922871358 0.026394041760515251 -0.039871519594914355 -0.016511796653952179 0.054780849220716632 -0.013506306007167746 -0.052177671354222313 0.026541080676068526 0.044862338897795458 -0.018757029072583649 -0.022033745091070176 -0.052166029767217133 0.033759087415387773 -0.024014945528142779 -0.051558242327126254 0.041728384415099205 0.0065527195322857244 -0.027669891163681303 0.017567984358248405 0.0057278944978239876 -0.037537466758455575 0.049978328742418851 0.031726785090612462 -0.041625925904943503 0.014813746005203646 0.018111703145720807 -0.028148572008122884 -0.012342014155768861 0.0025212715460799511 0.031256648962069991 -0.036228538425802002 -0.052238570261030043 -0.02563257625472418 0.025853204798506051 0.011889356028902573 -0.0033004627931721054 0.002937290801469082 -0.010127238355261994 0.030550651765468211 -0.040590828035249341 -0.015922213169972176 0.047862167483552674 0.0041255537674471619 0.00065524441484814469 -0.0011238146743266088 0.0081404589278299307 0.001097808723361146 -0.0090650660931355306 -0.0034021465400151992 0.001874743234583077 -0.048185363670214094 -0.0014726814697538927 -0.011666499392046788
leaf_weight=3.3352652043104163 1073.3042075634003 15.312844343483446 6.5876026004552823 61.281263247132301 11.09481145441532 3.6394122242927534 72.42941515147686 11.400786578655241 4.2535847723484039 21.924239903688434 3.8881474137306213 8.3882649242878013 16.052604041993618 3.3154299408197385 5.2430807948112488 5.8483695760369292 3.8402139693498603 6.7863778471946725 79.289316743612289 23.757849186658859 8.1814402192831022 4.684392735362052 5.4128516912460327 3.418703153729437 3.7775729149580002 4.3876638635993004 35.869447290897369 5.7426835894584656 5.2572404444217682 3.4607560485601407 6.4653397202491769 5.4228470623493195 4.9896273463964453 102.9728230535984 11.895126983523367 29.99346786737442 104.40709488093853 6.5206248015165338 5.4129325896501532 6.2583237290382359 7.0482136756181717 3.8407786637544623 9.0702205747365934 3.8696070164442071 3.153007298707962 3.6986052989959726 7.1522493064403516 5.4918089359998703 4.7154691368341437 4.2137764543294969 3.5614792108535767 127.37269249558449 1139.1079737246037 91.792518228292465 578.53117461502552 781.89747032523155 28.961206272244453 21.973656967282295 2079.3633899092674 5.7764181941747657 464.10585555434227 48.47041842341423
leaf_count=22 4265 110 45 414 74 24 434 76 29 136 23 57 108 18 33 40 22 38 510 155 56 26 35 24 21 28 260 33 32 23 36 31 34 392 45 199 660 41 30 41 48 25 52 22 20 23 44 31 33 27 20 498 4508 365 2242 3093 118 88 8206 26 1845 199
internal_value=0.000107131 -0.0140807 -0.0136948 -0.0164878 -0.0115633 -0.00996339 -0.00685495 -0.0217307 -0.0194904 -0.0114851 -0.00848339 -0.00325397 0.00286446 -0.0148974 0.012947 -0.0237911 -0.0158654 0.0209529 -0.0224935 -0.0168612 -0.0386697 0.00935086 -0.0029422 -0.0145254 0.000873694 -0.0188963 -0.0223472 -0.00686328 0.000169477 -0.011447 -0.0105943 0.00940179 -0.0115249 0.00156399 -9.99314e-05 -0.0107333 -0.0126934 -0.000757184 0.00903122 -0.000742086 -0.0135528 -0.00982413 0.0105372 -0.017844 -0.0371127 0.0328603 -0.00625796 0.00754076 -0.0123705 -0.00678575 0.0132944 0.00189081 0.0026879 0.00411653 0.00687183 0.00218688 0.00771969 0.0116102 0.00108094 -0.00146488 -0.00289068 -0.0155552
internal_weight=7228.67 673.147 657.834 284.742 373.093 324.893 276.22 48.6734 37.2726 26.1778 144.171 97.3125 61.9592 35.3534 8.55851 26.7948 20.9465 20.7718 140.571 46.8585 11.5167 13.9854 9.301 35.3418 11.5839 7.80637 48.1997 12.3303 12.5582 8.718 203.79 9.06226 194.728 6555.52 1085.2 189.738 147.312 42.4267 25.7048 15.5409 16.7218 117.318 12.911 10.1279 10.2012 10.1639 41.1874 12.6441 28.5433 23.8279 7.77526 5470.33 2745.24 1606.13 670.324 935.805 153.908 124.946 2725.09 645.725 518.353 54.2468
internal_count=30213 4323 4213 1840 2373 2035 1720 315 239 165 916 610 385 225 51 174 134 122 924 306 78 84 58 228 73 52 338 78 77 55 1286 55 1231 25890 4310 1197 936 261 152 93 109 737 77 63 68 59 263 75 188 155 47 21580 10806 6298 2607 3691 598 480 10774 2568 2070 225
cat_boundaries=0 1 2 3 4 5 6 7 8 9 10 11 12 13 14 15 16 17
cat_threshold=1 6 2 4 48 4 1 4 1 2 25 1 9 12 4 8 16
is_linear=0
shrinkage=0.04


Tree=50
num_leaves=63
num_cat=4
split_feature=7 9 6 3 1 6 14 0 9 11 6 9 3 0 1 12 1 6 14 9 9 15 1 10 10 0 6 3 0 11 0 6 1 10 1 1 11 9 0 11 1 0 6 9 1 9 6 5 9 2 1 1 6 10 5 1 9 5 0 1 1 6
split_gain=82.9425 3.00191 4.09592 4.56914 4.22169 3.51456 3.13756 3.0137 2.59841 4.48265 3.80545 3.54893 4.60022 3.48241 2.62402 2.57775 4.05056 7.54628 5.03261 3.99245 3.44119 4.25203 4.8065 3.99676 3.55251 5.73825 6.62183 6.1243 5.05606 3.23086 2.58406 4.32949 2.55368 2.55131 2.37695 4.04462 2.44533 2.32535 2.31957 2.22916 5.71914 5.20291 5.26374 4.5594 3.62306 3.54367 10.3536 3.77156 3.30653 3.04505 2.67494 3.04772 3.50878 2.66943 7.32536 4.49167 3.1823 4.47661 5.95791 3.36839 2.89385 2.2692
threshold=2.5000000000000004 4.2500000000000009 1.5000000000000002 1.0000000180025095e-35 20.500000000000004 3.5000000000000004 0 12.500000000000002 4.3500000000000005 1.5000000000000002 1.5000000000000002 4.4500000000000011 1.0000000180025095e-35 7.5000000000000009 11.500000000000002 1 21.500000000000004 5.5000000000000009 2 4.8500000000000005 4.7500000000000009 3 8.5000000000000018 1.0000000180025095e-35 1.0000000180025095e-35 12.500000000000002 1.5000000000000002 1.0000000180025095e-35 7.5000000000000009 inf 12.500000000000002 5.5000000000000009 11.500000000000002 1.5000000000000002 17.500000000000004 11.500000000000002 1.0000000180025095e-35 3.9500000000000006 1.0000000180025095e-35 1.0000000180025095e-35 22.500000000000004 1.0000000180025095e-35 3.5000000000000004 4.6500000000000012 22.500000000000004 4.9500000000000011 3.5000000000000004 1.0000000180025095e-35 4.8500000000000005 1.0000000180025095e-35 16.500000000000004 18.500000000000004 3.5000000000000004 1.0000000180025095e-35 1.0000000180025095e-35 20.500000000000004 4.7500000000000009 1.0000000180025095e-35 12.500000000000002 19.500000000000004 14.500000000000002 3.5000000000000004
decision_type=2 10 2 2 2 2 9 10 10 10 2 10 2 10 2 1 2 2 9 8 10 1 2 2 2 8 2 2 10 8 10 2 2 2 2 2 8 10 10 10 2 10 2 8 2 10 2 2 8 2 2 2 2 2 2 2 10 2 8 2 2 2
left_child=1 2 4 5 6 -4 -1 33 9 10 -3 12 -10 -14 -12 16 20 18 -18 -20 21 23 -23 -13 25 26 -22 -28 34 39 31 -25 -24 38 35 -26 -36 -35 -7 40 50 42 43 -41 45 49 -47 -48 -44 53 -17 52 -52 56 60 -56 57 58 -43 -58 -55 -62
right_child=-2 8 3 -5 -6 7 -8 -9 11 -11 14 15 13 -15 -16 29 17 -19 19 -21 24 22 32 30 28 -27 27 -29 -30 -31 -32 -33 -34 37 36 -37 -38 -39 -40 41 -42 44 48 -45 -46 46 47 -49 -50 -51 51 -53 -54 54 55 -57 59 -59 -60 -61 61 -63
leaf_value=-0.041581579897079994 0.0015323174120087124 -0.040347183058038444 -0.032150158973173568 -0.037985337430027667 0.021176136244443065 -0.012716503297114391 -0.0057497501564731414 0.018571011792117259 -0.047106670584553208 0.041143746419120733 0.025698308352340417 -0.011996419472970522 -0.039808310154693965 0.0069226335580366361 -0.0095984057228839358 -0.030890907060654886 -0.016351196753779468 0.055340816647517006 -3.8188783761420403e-05 0.040396017973908134 -0.02717932438513581 -0.052305614581999817 0.012793474265153076 -0.0019740689293869748 -0.007805261096989531 -0.025076497031449898 0.060130723806622988 -0.0079426917319263286 -0.037625512289541967 0.0099642957312804231 0.038271914994628842 0.048021235030005868 -0.016720549066417387 -0.011866850179373525 0.02996046776818333 -0.052380749478167933 -0.011147489076455233 0.029680893716024361 -0.042731163674245079 0.046453798758468827 0.0042054970613966906 -0.0048721575044568038 -0.0040088982280255987 0.0028484014636447723 -0.034494021471773148 -0.02752085641927066 0.047068854415505033 0.00049189830959212575 -0.042033098048209247 -0.032710706238903764 0.010637735069404096 -0.024318734049509249 -0.020230818998187218 -0.00621995630247053 -0.010562752841895633 0.026617492017602343 -0.0035521657007541482 -0.030530396441713167 0.04256171388695542 -0.035332412639760447 -0.023280265280732928 -0.040854238332642685
leaf_weight=5.348973773419857 6538.6091040968895 4.2000422924757066 16.673604398965836 25.808343507349491 6.7729256302118293 10.974914222955709 14.533958867192274 5.1296535134315482 10.746464736759663 3.7438817322254172 5.1937002688646308 11.178004726767538 4.0383306592702866 6.9298112392425537 9.596698656678198 40.039671316742897 18.293402105569839 4.1415975242853156 11.511039540171625 5.9148046672344199 4.241153001785281 4.9887690246105221 6.26912893354893 13.006126299500471 11.34125702083111 11.153181567788122 5.4192367494106275 3.4676203429698944 20.620869889855385 8.4152322262525541 6.6090390533208838 3.5218365788459769 18.628820687532425 6.7545142099261266 3.723647624254224 4.569011226296424 6.1215338557958612 3.1653907299041748 6.5953255146741858 5.614911928772929 14.301484398543833 10.89239633083344 14.838021233677866 12.113886594772337 14.796978861093519 10.498210199177267 6.6247134357690793 4.7949684113264084 4.8567747026681891 15.744839400053023 10.703614830970766 41.347628355026245 13.105645582079886 10.048663184046744 19.49855645000935 7.0888761430978766 12.643790498375894 4.6397051662206641 6.9338226020336142 9.232666611671446 32.086391665041447 18.553428336977959
leaf_count=38 25824 28 121 196 38 80 96 33 74 20 30 69 27 43 61 275 116 20 69 31 29 34 38 79 70 72 29 22 136 44 35 19 119 50 22 31 38 20 49 30 86 70 93 76 100 70 36 29 32 104 68 278 88 64 122 41 80 30 38 62 211 126
internal_value=0.000158535 -0.0132415 -0.0195689 -0.02435 -0.00609851 -0.017211 -0.0153894 -0.00957482 -0.0121091 0.00114073 -0.00674569 -0.012661 -0.0285069 -0.0102831 0.00279616 -0.0120045 -0.00659584 0.0042291 -0.00169724 0.0136863 -0.0102845 -0.00358134 -0.0123405 0.00591882 -0.0163752 -0.00397979 0.0139434 0.0335687 -0.0228651 -0.0141163 0.0171322 0.00867911 -0.00928913 -0.0148268 -0.0110473 -0.0206062 0.00440038 0.00139082 -0.0239831 -0.0151245 -0.0195276 -0.0127491 0.000847321 0.0166587 -0.0155132 -0.0138541 0.00115233 0.0275118 -0.0133857 -0.0160861 -0.0227542 -0.017754 -0.00635365 -0.0140974 -0.0181578 -0.000649567 -0.00610548 0.00446872 0.0135781 -0.0169646 -0.0258281 -0.029719
internal_weight=7208.95 670.341 101.758 75.1017 26.6559 49.2934 19.8829 32.6198 568.584 22.7343 18.9904 545.85 21.7146 10.9681 14.7904 524.135 174.72 39.8608 35.7192 17.4258 134.859 64.2017 29.8867 34.315 70.6575 24.2812 13.128 8.88686 46.3763 349.415 23.137 16.528 24.8979 27.4901 25.7554 15.9103 9.84518 9.9199 17.5702 341 119.498 221.502 37.4236 17.7288 184.078 169.281 21.9179 11.4197 19.6948 147.363 105.197 65.1569 23.8093 131.618 87.2759 26.5874 44.3424 22.4659 17.8262 21.8765 60.6885 50.6398
internal_count=30159 4335 721 549 172 353 134 232 3614 139 119 3475 144 70 91 3331 1078 236 216 100 842 393 191 202 449 152 80 51 297 2253 133 98 157 199 161 101 60 70 129 2209 795 1414 231 106 1183 1083 135 65 125 948 709 434 156 844 564 163 280 138 108 142 401 337
cat_boundaries=0 1 2 3 4
cat_threshold=8 9 4 6
is_linear=0
shrinkage=0.04


Tree=51
num_leaves=63
num_cat=5
split_feature=7 9 6 3 1 6 0 9 11 6 9 3 0 12 1 6 8 9 15 1 16 10 11 10 0 6 0 11 0 8 6 11 1 1 11 8 1 8 10 1 6 8 9 0 0 9 11 1 0 6 16 16 8 8 9 6 5 5 1 10 10 9
split_gain=77.0454 2.84918 3.89187 4.42526 3.89501 3.35368 2.78865 2.42571 4.06212 3.59311 3.36868 4.44987 3.28667 2.42212 3.76057 6.78054 7.49888 3.22495 3.93838 4.62562 3.94477 8.23155 3.47849 4.93042 5.40471 7.24962 4.90086 3.12834 4.72196 6.66292 5.44543 3.01136 2.71596 3.81729 2.65029 2.5532 2.77527 2.47282 2.40465 2.39478 2.36245 2.25381 2.24947 4.50509 2.24299 2.11968 2.10927 5.38674 4.86873 4.84178 5.31028 4.53263 4.6218 4.04276 4.06108 9.5117 3.99523 3.20057 4.77656 4.93011 4.67335 5.88077
threshold=2.5000000000000004 4.2500000000000009 1.5000000000000002 1.0000000180025095e-35 20.500000000000004 3.5000000000000004 12.500000000000002 4.3500000000000005 1.5000000000000002 1.5000000000000002 4.4500000000000011 1.0000000180025095e-35 7.5000000000000009 0 21.500000000000004 5.5000000000000009 31.500000000000004 4.7500000000000009 1 8.5000000000000018 2 1.5000000000000002 1.5000000000000002 1.0000000180025095e-35 12.500000000000002 1.5000000000000002 7.5000000000000009 1.0000000180025095e-35 12.500000000000002 34.500000000000007 4.5000000000000009 inf 17.500000000000004 11.500000000000002 1.0000000180025095e-35 22.500000000000004 11.500000000000002 31.500000000000004 1.5000000000000002 11.500000000000002 2.5000000000000004 25.500000000000004 4.8500000000000005 7.5000000000000009 1.0000000180025095e-35 3.9500000000000006 1.0000000180025095e-35 22.500000000000004 1.0000000180025095e-35 3.5000000000000004 3 4 28.500000000000004 37.500000000000007 4.9500000000000011 3.5000000000000004 1.0000000180025095e-35 1.0000000180025095e-35 20.500000000000004 1.0000000180025095e-35 1.0000000180025095e-35 4.6500000000000012
decision_type=2 10 2 2 2 2 10 10 10 2 10 2 10 1 2 2 10 10 1 2 9 2 8 2 8 2 10 10 10 10 2 8 2 2 8 10 2 8 2 2 2 10 10 10 10 10 10 2 10 2 9 9 8 10 10 2 2 2 2 2 2 10
left_child=1 2 4 5 -1 41 38 8 9 -3 11 -9 -13 14 17 16 34 18 20 -20 27 -22 23 24 25 -19 32 -12 29 30 -29 46 33 -25 -16 -21 -37 -38 44 -11 -39 -4 43 -36 -7 -40 47 -15 49 50 -48 -49 -53 54 57 -56 -57 60 -59 -60 61 -50
right_child=-2 7 3 -5 -6 6 -8 10 -10 39 13 12 -14 31 15 -17 -18 22 19 35 21 -23 -24 26 -26 -27 -28 28 -30 -31 -32 -33 -34 -35 42 36 37 40 45 -41 -42 -43 -44 -45 -46 -47 48 51 53 -51 -52 52 -54 -55 55 56 -58 58 59 -61 -62 -63
leaf_value=-0.014908366500179335 0.0014712044491211832 -0.039591488885255981 -0.01497284611913628 -0.037339319936133118 0.020122081976926033 -0.012303770406425437 0.017640034609265408 -0.046437076686847378 0.038733241923906203 0.024346352328809211 -0.025879031624095661 -0.039054527673025821 0.0066207058715644822 -0.02213144229445287 -0.0074012842599690586 0.051871120979672301 -0.02720687713550329 -0.024872844388016478 -0.051681035773458492 -0.038822951889947048 -0.0069403501163080687 0.072289303381681838 -0.051964705485929637 -0.0075238524592408686 -0.020390704527874545 0.041443705724710712 -0.036315943577353911 -0.0094416018062671546 0.036370151359017985 -0.052731616723722681 0.052630803242183173 0.0095260111485360021 0.007563333468197788 -0.051786016227305283 -0.02544434761409832 0.020728019473929823 -0.030059603062606591 0.029811710368639575 -0.011476857400404833 -0.0092627727334327146 -0.013954958308792842 -0.044829752149927404 0.042402090419813597 0.029629327794185582 -0.042096800445882064 0.028013852362907019 0.0047738853033112106 0.033501667484971485 0.016717278155067405 -0.012946033222994802 0.058750185258328765 -0.052669940865494098 0.0075156972459446804 -0.033559313341919375 -0.025513845109844936 0.048896796701305575 0.00067759815850908245 -0.015038852195552246 -0.02378415651941981 0.031931338388340405 -0.025371758016049767 -0.018152889140753893
leaf_weight=19.710804998874668 6537.8265404254198 4.1108183115720811 7.3228081315755871 25.216710925102234 6.8411651402711859 10.891080647706991 5.1832341700792304 10.47095150500536 3.8162600398063651 5.261392503976821 5.9433375373482731 3.9533535838127136 6.9554646164178848 103.86505292356014 7.8829959481954601 4.2397811859846106 12.116490215063093 3.9089546203613308 4.8499052822589901 3.8669158369302776 4.3661986291408521 4.0389435887336731 4.0264467149972907 11.295771062374117 9.5913974940776807 8.1086482107639295 19.495022311806679 7.0222629755735415 6.144609883427619 3.5835538208484641 3.3353109955787659 8.4495947360992414 9.3065649121999723 4.3059220612049094 3.6629603356122953 5.5744714885950115 6.8694098442792866 3.1325611770153046 6.705686040222643 9.5476706027984601 5.3323417603969574 9.0380716696381551 5.2443207353353491 6.766555443406105 6.4302750900387755 3.2184804379940033 14.204293042421341 5.2755590379238129 11.057891979813574 19.556303516030312 3.669723555445672 3.1082189530134174 5.9483721256256112 17.075584039092064 9.7982157841324824 6.4660497009754163 4.7829734683036804 27.392967209219933 3.6356485188007346 8.4407015740871412 68.080577127635479 25.777101546525955
leaf_count=134 25824 28 54 196 38 80 33 74 20 30 40 27 43 709 49 20 79 27 34 26 26 20 28 70 62 45 131 43 32 24 17 44 56 30 23 33 45 19 50 61 34 67 27 38 49 20 86 29 66 125 20 21 36 117 66 34 29 174 24 48 456 169
internal_value=0.000151562 -0.012817 -0.0190203 -0.0237338 -0.00588271 -0.0167019 -0.00925293 -0.0117124 0.00108728 -0.00650615 -0.0122493 -0.0278107 -0.00993199 -0.0116102 -0.00636424 0.00404837 -0.00163537 -0.00993804 -0.00345191 -0.0119302 0.00566262 0.0311321 -0.0158705 -0.0136689 0.00200149 0.019873 -0.021295 -0.000386311 0.00715694 -0.0057189 0.0105467 -0.0136662 -0.00953843 -0.0197398 0.0115174 -0.00896421 -0.00344207 -0.0122286 -0.0143691 0.00267794 0.00224154 -0.0314664 0.0210323 0.0102868 -0.023364 0.00133027 -0.0146499 -0.0189594 -0.0123339 0.000807635 0.0158558 0.00402846 -0.01314 -0.0150291 -0.0131164 0.00329829 0.0283945 -0.0155093 -0.00579961 0.0151579 -0.019162 -0.00768484
internal_weight=7203.1 665.271 100.558 74.0063 26.552 48.7896 32.4288 564.712 22.7361 18.9199 541.976 21.3798 10.9088 520.596 174.012 39.9131 35.6733 134.099 64.0598 29.6256 34.4342 8.40514 70.0387 66.0123 21.609 12.0176 44.4033 26.0291 20.0857 13.9411 10.3576 346.585 24.9083 15.6017 23.5568 24.7757 20.9088 15.3343 27.2455 14.8091 8.4649 16.3609 15.6738 10.4295 17.3214 9.92417 338.135 118.197 219.938 37.4303 17.874 14.3322 9.05659 182.508 165.432 21.0472 11.249 144.385 39.4693 12.0764 104.916 36.835
internal_count=30159 4335 721 549 172 353 232 3614 139 119 3475 144 70 3331 1078 236 216 842 393 191 202 46 449 421 134 72 287 156 116 84 60 2253 156 100 137 157 131 98 199 91 53 121 88 61 129 70 2209 795 1414 231 106 86 57 1183 1066 129 63 937 246 72 691 235
cat_boundaries=0 1 2 3 4 5
cat_threshold=9 6 1 1 4
is_linear=0
shrinkage=0.04


Tree=52
num_leaves=63
num_cat=5
split_feature=7 9 6 3 1 6 14 8 0 10 9 11 6 9 3 0 1 0 9 17 11 6 10 8 14 9 9 10 8 0 1 9 1 15 8 1 9 6 1 9 1 5 8 0 8 1 6 0 10 11 10 1 6 10 0 10 8 9 6 9 16 1
split_gain=71.5707 2.70168 3.69826 4.28487 3.59383 3.19871 3.02705 2.65445 2.58107 2.26582 2.2643 3.6871 3.39312 3.19755 4.30599 3.1024 2.18727 2.1694 2.09622 5.39066 3.33939 12.115 3.89904 2.29893 2.29048 1.93412 1.91388 3.15148 1.87899 3.25942 3.28656 4.65734 2.73845 4.70139 5.90301 7.59324 8.06767 6.15367 4.96712 6.33603 6.52906 4.67862 7.12238 9.28766 4.67542 3.87577 8.80133 5.94226 5.03987 5.42966 3.64344 3.6091 3.58906 3.53186 3.39514 6.10217 2.64568 5.79824 4.8657 5.94395 3.31112 2.64734
threshold=2.5000000000000004 4.2500000000000009 1.5000000000000002 1.0000000180025095e-35 20.500000000000004 3.5000000000000004 0 28.500000000000004 12.500000000000002 1.5000000000000002 4.3500000000000005 1.5000000000000002 1.5000000000000002 4.4500000000000011 1.0000000180025095e-35 7.5000000000000009 11.500000000000002 1.0000000180025095e-35 3.6500000000000008 1 1.5000000000000002 2.5000000000000004 1.5000000000000002 37.500000000000007 2 3.9500000000000006 4.0500000000000007 1.5000000000000002 37.500000000000007 1.0000000180025095e-35 19.500000000000004 4.7500000000000009 17.500000000000004 3 25.500000000000004 16.500000000000004 4.6500000000000012 3.5000000000000004 8.5000000000000018 4.8500000000000005 13.500000000000002 1.0000000180025095e-35 34.500000000000007 7.5000000000000009 31.500000000000004 20.500000000000004 5.5000000000000009 7.5000000000000009 1.0000000180025095e-35 1.0000000180025095e-35 1.5000000000000002 16.500000000000004 5.5000000000000009 1.5000000000000002 1.0000000180025095e-35 1.0000000180025095e-35 23.500000000000004 4.6500000000000012 2.5000000000000004 4.9500000000000011 4 20.500000000000004
decision_type=2 10 2 2 2 2 9 8 10 2 10 10 2 10 2 10 2 10 8 9 8 2 2 10 9 10 10 2 10 10 2 10 2 1 10 2 10 2 2 10 2 2 10 8 10 2 2 8 2 10 2 2 2 2 10 2 10 10 2 10 9 2
left_child=1 2 4 5 6 7 -1 -4 9 17 11 12 -3 14 -12 -16 -14 -7 19 20 23 -22 -23 24 -2 -11 27 -8 32 -30 31 -31 33 34 51 36 37 -36 -38 -40 44 56 45 -44 -41 46 47 -43 -47 50 -50 53 -45 54 55 -15 57 -34 61 60 -60 -59
right_child=18 10 3 -5 -6 8 26 -9 -10 25 13 -13 16 28 15 -17 -18 -19 -20 -21 21 22 -24 -25 -26 -27 -28 -29 29 30 -32 -33 41 -35 35 -37 38 -39 39 40 -42 42 43 52 -46 48 -48 -49 49 -51 -52 -53 -54 -55 -56 -57 -58 58 59 -61 -62 -63
leaf_value=-0.040656600432813841 0.029486561540189908 -0.038855978616916469 0.0052082702892566769 -0.036705767215647021 0.019133304977893617 -0.011901997025134066 0.00028824702363760153 -0.03813959543727511 0.016766511950875779 -0.011097451464531328 -0.045794459378817001 0.036527902484298165 0.023086890808525745 -0.03612229474496792 -0.038320232330100006 0.0063330926773380357 -0.0089375244509553049 -0.041479839666031505 0.0013190207741415065 -0.030713361598632929 -0.051975105519938482 0.041252717323248651 -0.0068208631854765646 0.030054567855193066 0.0073686841950994647 0.02647318586894043 0.013534633643794104 -0.050402187924455513 0.00060587280887793905 0.0054782854252410076 -0.040007378231428199 -0.031121930438379918 0.018392448839500919 -0.019793277863421384 0.065785051432169062 -0.025456616676102613 -0.019517536021191315 0.0081958800862002683 -0.0077003823187721731 0.042328919078420166 0.078239995690612324 0.034921485621420938 -0.0260617943448994 0.027768220057560699 -0.022386124297995091 -0.020090447405461391 -0.043224334735041003 -0.014197530003034481 -0.032505255123619251 0.031342353995602749 0.018229169949506206 0.0037637875004244191 0.077520177390044978 -0.0463821975925836 -0.031111336386238718 0.038485513946345307 -0.013773842013232744 -0.011585349305594095 0.022966309025591786 0.04724599283955519 -0.024900996840519964 -0.040406804852579317
leaf_weight=5.1781323999166489 8.415766566991806 4.0228783041238847 2.7215246036648777 24.637670993804932 6.9055602997541419 10.810054972767835 5.9273642003536278 13.336061224341391 5.2340757399797431 6.6585223451256734 10.198691606521606 3.8833697587251654 5.3251351565122595 3.1615220978856113 3.8696489632129669 6.9799762517213821 9.5002998858690244 6.2681730985641471 6427.5412940233946 5.7751013189554206 6.1659521460533169 5.6482159048318845 5.1704356968402863 10.15234415233135 68.199042961001396 3.2684968262910843 5.5063108354806891 2.9336059913039207 10.649390235543249 9.8491678610444087 13.716191641986368 12.781966574490069 14.304340243339537 100.65894770622253 5.9485067874193174 13.605376206338404 14.14993344247341 5.9265017062425613 13.714463695883753 3.7550434321165067 3.4943520128726959 5.8500003963708904 3.7740272879600498 5.7098139375448227 3.4067011177539825 9.322682626545431 11.314756691455843 12.074019134044645 4.853141576051712 13.181605994701385 4.246429517865181 8.1440922766923887 3.9077035784721375 9.3848402202129382 9.7232414931058866 3.9398977905511856 147.12753838300705 11.565207064151766 3.3789155036211014 4.0223747715353957 7.32362152636051 9.1203835457563383
leaf_count=38 31 28 18 196 38 80 39 103 33 50 74 20 30 21 27 43 61 49 25396 25 28 20 21 37 266 20 35 22 67 63 97 89 84 671 30 91 93 37 87 21 18 34 24 33 22 59 76 77 31 72 24 50 20 65 65 23 959 77 20 21 47 63
internal_value=0.000144855 -0.0124062 -0.0184846 -0.0231313 -0.00567181 -0.0162066 -0.0144357 -0.0307928 -0.00894163 -0.0139243 -0.0113291 0.00103688 -0.00627543 -0.0118514 -0.027134 -0.00959305 0.0025653 -0.0227579 0.00141252 0.0068997 0.00899334 -0.00722646 0.0182775 0.0121684 0.00979823 0.00127278 -0.00498534 -0.0164939 -0.0112293 -0.0188554 -0.0245573 -0.0151934 -0.0104669 -0.01403 -0.00555454 0.00106018 0.00821898 0.0370438 -0.00066708 0.0102778 0.0334158 -0.00785106 0.000706116 0.0271156 0.0115452 -0.00510664 -0.0156027 0.00183382 0.00460393 0.0149363 -0.0088294 -0.0194947 0.047983 -0.0267218 -0.0157552 0.00527043 -0.0110782 -0.00310056 -0.0117828 0.00579133 -0.00978873 -0.0242929
internal_weight=7197.32 660.252 99.3856 72.9346 26.451 48.2969 19.5454 16.0576 32.2393 27.0052 560.867 22.7317 18.8483 538.135 21.0483 10.8496 14.8254 17.0782 6537.07 109.527 103.752 16.9846 10.8187 86.7672 76.6148 9.92702 14.3673 8.86097 517.087 46.9967 36.3473 22.6311 470.09 199.013 98.3545 64.0009 50.3955 11.875 38.5205 24.3706 10.6561 271.077 74.2342 13.3915 7.16174 60.8426 29.2388 17.924 31.6039 22.2812 9.09957 34.3536 9.61752 26.2095 16.8247 7.10142 196.842 49.7148 35.4105 14.7249 10.7025 20.6856
internal_count=30159 4335 721 549 172 353 134 121 232 199 3614 139 119 3475 144 70 91 129 25824 428 403 69 41 334 297 70 96 61 3331 316 249 152 3015 1294 623 399 308 67 241 148 61 1721 450 77 43 373 187 111 186 127 55 224 53 174 109 44 1271 312 228 88 67 140
cat_boundaries=0 1 2 3 4 5
cat_threshold=8 1 2 6 4
is_linear=0
shrinkage=0.04


Tree=53
num_leaves=63
num_cat=4
split_feature=7 9 6 3 1 6 8 0 12 15 16 9 1 8 0 0 6 1 9 5 8 0 10 0 11 1 6 1 16 8 0 8 9 6 5 1 6 6 8 1 8 2 0 6 9 1 10 4 5 6 1 8 1 0 0 9 0 0 5 10 8 8
split_gain=66.5747 2.55774 3.51046 4.14649 3.31909 3.05271 2.54641 2.38947 2.31596 3.54943 6.40935 6.12714 3.07192 3.50713 3.59419 5.22025 3.90843 3.06597 3.32343 2.78652 2.71468 3.71095 3.13889 2.49409 2.21559 5.82459 5.1485 4.165 4.27347 4.34168 4.01182 4.42288 4.48312 9.36472 3.7607 3.52993 3.80467 3.78042 3.41432 4.99835 7.24921 4.79694 4.03256 6.19739 3.65242 3.61448 7.69024 3.09122 2.74274 6.98691 3.53207 4.38612 2.4268 4.47897 2.38253 2.26913 2.7843 2.21585 2.16052 2.13439 2.12679 3.19191
threshold=2.5000000000000004 4.2500000000000009 1.5000000000000002 1.0000000180025095e-35 20.500000000000004 3.5000000000000004 28.500000000000004 12.500000000000002 0 1 2 4.7500000000000009 20.500000000000004 26.500000000000004 12.500000000000002 7.5000000000000009 3.5000000000000004 12.500000000000002 4.8500000000000005 1.0000000180025095e-35 32.500000000000007 7.5000000000000009 1.0000000180025095e-35 12.500000000000002 1.0000000180025095e-35 22.500000000000004 5.5000000000000009 22.500000000000004 3 28.500000000000004 1.0000000180025095e-35 37.500000000000007 4.9500000000000011 3.5000000000000004 1.0000000180025095e-35 10.500000000000002 3.5000000000000004 1.0000000180025095e-35 26.500000000000004 20.500000000000004 27.500000000000004 1.0000000180025095e-35 12.500000000000002 2.5000000000000004 4.6500000000000012 16.500000000000004 1.0000000180025095e-35 1.0000000180025095e-35 1.0000000180025095e-35 5.5000000000000009 14.500000000000002 23.500000000000004 17.500000000000004 7.5000000000000009 12.500000000000002 4.7500000000000009 12.500000000000002 7.5000000000000009 1.0000000180025095e-35 1.5000000000000002 34.500000000000007 33.500000000000007
decision_type=2 10 2 2 2 2 8 10 1 1 9 10 2 10 10 8 2 2 10 2 8 10 2 8 8 2 2 2 9 8 10 10 10 2 2 2 2 2 10 2 10 2 8 2 8 2 2 2 2 2 2 10 2 8 10 10 10 10 2 2 10 10
left_child=1 2 4 5 -1 6 -4 59 9 10 11 20 60 14 15 -14 -17 -12 -19 23 22 -22 -3 -15 27 30 -27 47 -29 -30 35 32 38 -34 -35 36 -26 -37 41 40 -40 48 44 -44 -41 -42 52 -10 50 -50 -32 55 -47 -54 -49 56 -52 -33 -13 -7 61 -11
right_child=-2 8 3 -5 -6 7 -8 -9 24 12 17 58 13 19 -16 16 -18 18 -20 -21 21 -23 -24 -25 25 26 -28 28 29 -31 31 57 33 34 -36 37 -38 -39 39 42 45 -43 43 -45 -46 46 -48 54 49 -51 51 -53 53 -55 -56 -57 -58 -59 -60 -61 -62 -63
leaf_value=-0.013988258214548549 0.0013562042084929499 -0.0048590757323057013 0.0049849723670824997 -0.03608353806133948 0.018204333440845381 -0.02216432610267452 -0.037505659239647986 0.015945731539906235 -0.017028798704220503 -0.01457709619790902 0.054821618868579884 -0.035696782376106323 0.031163775632782855 -0.007492824518275978 0.043184433153073139 -0.051702728573831833 0.010238394645890393 -0.012731181928975209 0.040481105709361122 0.012560756937343456 -0.037716278700649815 0.020416544173570781 0.038926197500676815 -0.036649553303182862 0.0098206895952434835 -0.041616551090308519 0.015621341814229752 0.030331630755374733 -0.051632972645520171 0.0055377015416556517 0.010431212799048978 -0.012634472809457349 -0.022666524031561604 0.051063924788234294 0.003875085359632869 -0.021652984813665999 -0.022782050798607654 0.026388646253159571 0.035302702357312477 -0.026706956095145649 -0.0043299903373814012 -0.051232212252050519 0.069913279549405238 -0.0017565938968344557 0.013729001887003168 -0.03480255843352334 -0.039696772191549157 -0.039514356501491148 0.019945697648453015 -0.031756083651890678 0.016544043343254714 -0.043967932753053142 -0.027847480616662881 0.022254745128086017 -0.0017010735274038283 -0.029047036220466924 -0.023399194174326069 -0.041839416181267824 -0.0032995418836625017 0.0012181365327420611 -0.0034881177126581328 -0.044054008736141112
leaf_weight=19.377941094338897 6536.2709105312824 4.1663115099072474 2.7295284718275044 24.071554429829121 6.9663554579019538 16.840943239629272 13.025338351726532 5.2823361307382575 86.24022376537323 67.136716112494469 4.5997298955917341 9.4254600107669813 5.3308893591165551 14.991321757435804 4.6798656284809104 3.4192141592502603 3.1146251559257507 3.830418586730957 3.6842096894979477 6.8868497461080542 3.5604181587696067 3.4686181545257568 7.0565301775932312 6.8340032622218123 10.631811991333963 15.787386864423754 2.9907124042510977 5.4591357856988907 3.2419782653450939 6.1706993430852899 4.8793696463108054 6.6856191754341152 8.9276313185691851 6.7556114196777326 4.5034920871257782 3.2888551354408291 12.414142712950705 12.900854691863058 4.6915068104863158 6.1165283173322686 24.430356323719025 6.7216630429029456 3.707393765449523 4.0276148021221161 8.5984135717153549 3.0588775575160971 21.460398301482201 18.301885247230533 9.7978877425193804 7.2965124249458304 5.92389924824238 13.193268582224844 4.366257190704343 8.2473235726356506 3.1206406131386748 9.2544381618499738 5.2817848175764084 10.988856114447115 5.0625320672988883 9.9286205619573575 24.200705491006374 6.4416426867246619
leaf_count=134 25824 25 18 196 38 129 103 33 596 439 22 64 28 98 24 24 17 24 18 39 24 20 37 47 64 111 18 30 23 38 30 46 61 34 27 21 83 75 28 41 154 48 19 25 54 21 149 132 57 47 36 91 30 50 21 64 34 78 30 70 154 44
internal_value=0.000137381 -0.0120146 -0.0179663 -0.0225443 -0.00547541 -0.0157271 -0.0301442 -0.00864046 -0.0109658 -0.00611177 0.00347007 -0.00495395 -0.00914692 -0.00117004 0.0134989 0.0017899 -0.0221759 0.029101 0.0133573 -0.00962262 0.0104631 -0.00902948 0.0226716 -0.0166225 -0.0129192 -0.0110868 -0.0325005 -0.017666 0.00217613 -0.0141534 -0.00932433 -0.0117416 -0.00977531 0.00792902 0.032189 0.00231459 -0.0077414 0.0166292 -0.0121413 -0.00709949 -0.0126266 -0.0193144 0.00921227 0.0325948 -0.00307893 -0.0162791 -0.0241407 -0.0204069 -0.0154576 -0.00212251 -0.0213735 -0.0259849 -0.00283963 0.0049116 -0.0340061 -0.0143889 -0.00228315 -0.0307922 -0.0243762 -0.013492 -0.0137745 -0.0171577
internal_weight=7191.85 655.576 98.2226 71.8783 26.3443 47.8068 15.7549 32.0519 557.353 187.89 44.8542 32.7399 143.036 45.2568 16.5446 11.8647 6.53384 12.1144 7.51463 28.7122 18.2519 7.02904 11.2228 21.8253 369.463 246.928 18.7781 122.535 14.8718 9.41268 228.15 188.915 171.24 20.1867 11.2591 39.2357 23.046 16.1897 151.053 88.7047 66.2547 62.3488 22.45 7.73501 14.7149 61.5632 37.1329 107.663 55.6272 17.0944 38.5328 33.6534 15.6725 12.6136 21.4225 20.4601 11.2057 17.6745 14.488 26.7696 97.7791 73.5784
internal_count=30159 4335 721 549 172 353 121 232 3614 1178 264 200 914 277 93 69 41 64 42 184 106 44 62 145 2436 1596 129 840 91 61 1467 1224 1100 122 61 243 147 96 978 571 432 407 139 44 95 404 250 749 359 104 255 225 101 80 153 134 70 124 94 199 637 483
cat_boundaries=0 1 2 3 4
cat_threshold=9 2 1 4
is_linear=0
shrinkage=0.04


Tree=54
num_leaves=63
num_cat=11
split_feature=7 9 1 16 9 10 8 12 15 16 1 9 8 1 14 14 9 1 1 9 8 10 8 11 1 1 16 8 0 8 9 1 5 16 8 2 1 8 0 1 10 9 16 8 1 8 8 0 1 9 16 1 8 8 5 1 8 1 0 8 14 9
split_gain=61.8313 2.42363 2.63981 2.78271 4.50209 3.4636 2.30128 2.17588 3.28785 5.83926 5.88951 4.81592 3.68173 2.86458 4.45041 4.05914 4.96225 5.34868 2.71002 3.01093 2.57976 2.1465 2.0968 2.08963 5.53363 3.91516 3.90584 4.14285 3.74062 4.19963 4.16397 3.23425 3.53684 3.63209 3.21563 4.6482 4.63329 6.65901 3.64537 3.42099 7.35844 3.39718 3.19045 3.00134 3.13373 6.60181 7.22951 3.09758 6.16311 5.36544 3.20307 3.22343 2.68333 2.63806 2.5842 3.32477 4.23863 2.48654 3.48049 2.42399 2.36211 2.22227
threshold=2.5000000000000004 4.2500000000000009 13.500000000000002 0 3.9500000000000006 1.0000000180025095e-35 33.500000000000007 1 2 3 9.5000000000000018 4.7500000000000009 32.500000000000007 20.500000000000004 4 5 4.7500000000000009 22.500000000000004 12.500000000000002 4.8500000000000005 23.500000000000004 1.0000000180025095e-35 29.500000000000004 1.0000000180025095e-35 22.500000000000004 22.500000000000004 6 28.500000000000004 1.0000000180025095e-35 37.500000000000007 4.9500000000000011 10.500000000000002 1.0000000180025095e-35 7 26.500000000000004 1.0000000180025095e-35 20.500000000000004 27.500000000000004 12.500000000000002 16.500000000000004 1.0000000180025095e-35 4.6500000000000012 8 35.500000000000007 16.500000000000004 27.500000000000004 31.500000000000004 7.5000000000000009 20.500000000000004 4.6500000000000012 9 18.500000000000004 27.500000000000004 34.500000000000007 1.0000000180025095e-35 14.500000000000002 23.500000000000004 20.500000000000004 7.5000000000000009 28.500000000000004 10 4.6500000000000012
decision_type=2 10 2 9 10 2 10 1 1 9 2 10 8 2 9 9 10 2 2 10 10 2 10 8 2 2 9 8 10 10 10 2 2 9 10 2 2 10 10 2 2 10 9 10 2 10 10 8 2 10 9 2 10 10 2 2 10 2 10 10 9 10
left_child=1 2 3 4 5 -1 22 8 9 10 -3 12 -12 14 -10 -15 20 -18 -11 -20 -17 -8 -6 25 28 43 -27 -28 31 30 34 32 33 -25 35 54 37 -36 41 -39 -41 -38 -32 44 45 -9 -47 48 49 -46 51 -49 -44 -54 55 -30 -57 58 -56 -52 -45 -33
right_child=-2 7 -4 -5 6 -7 21 23 13 18 11 -13 -14 15 -16 16 17 -19 19 -21 -22 -23 -24 24 -26 26 27 -29 29 -31 42 61 -34 -35 36 -37 38 39 -40 40 -42 -43 52 60 47 46 -48 50 -50 -51 59 -53 53 -55 57 56 -58 -59 -60 -61 -62 -63
leaf_value=-0.0023485196730062079 0.0013021006653802798 -0.042268028269730133 -0.023210535928525091 0.0092367262599812646 0.0047307745389301662 -0.040483171703468608 -0.0044439032426305466 -0.042161186819102081 -0.044091694904028068 0.051432652054671235 0.032102868060003419 -0.016835010543373705 -0.0081526448391457534 0.03857157300089728 -0.010941087933530911 0.035336400189734357 -0.035603612187476791 0.0071844596348816002 -0.012304656471889832 0.0382162086565314 0.0013813416217734662 0.041400187255764422 -0.036460545851694212 0.037698125139644441 -0.03179911769984136 0.028691046335527059 -0.051052931095990468 0.0053004573909318595 0.0099580632781616583 -0.030098486134604696 -0.025709746723942831 0.034250544173752742 -0.039622202979081735 -0.0081639834396726313 0.033243488900350095 -0.050672313146939006 -0.026026014597472905 -0.0041665006852716416 0.030793058683512176 -0.0027389656573179829 -0.038981904286001817 0.013079502935891038 0.030915451366108803 -0.050314584961293082 -0.01358483386910808 0.015061951628638576 -0.041670654302790038 0.02565893360954357 -0.027339817744285434 0.044991247501032297 -0.015558260489702163 -0.016655927911243113 -0.020086921549855773 0.026655313245386624 0.021068804103304566 -0.013932484699087032 -0.043273520500649525 0.020005690857450339 -0.026937279717134874 -0.040577618358348798 -0.020402677898036816 0.0040051715816082781
leaf_weight=5.4853747114539173 6535.559645101428 5.5624821037054053 55.126479275524616 9.4293499141931516 4.5281494706869108 12.482251353561876 3.236589401960372 18.982022561132908 6.9816889315843582 4.7044553756713849 9.9079470559954643 11.41364039480686 5.7417406737804422 3.7755269408226013 90.067632079124451 4.5287236720323589 12.213695250451567 7.5724080950021735 3.8051894456148148 3.7451569736003876 17.090436637401581 3.3005314618349075 3.509919747710228 3.3794047012925148 18.434455759823322 5.5387569814920425 3.1495290100574467 6.1886443272233018 4.9061982035636893 17.366215527057648 3.7518852204084396 6.3795627057552364 4.4192680418491355 15.14569434523583 4.7809292674064627 6.5280113294720641 6.0273279994726208 24.374583378434181 7.8544743657112113 15.643275216221808 20.989381022751331 8.6630197018384916 8.4397767335176521 8.4101899340748787 4.1048774272203463 9.3376519680023176 5.8425660952925673 4.6769568622112274 6.5388987213373175 6.4073808938264847 16.003545075654987 7.498509369790554 4.8242437765002233 3.2223008349537849 3.4439892172813442 20.294866889715195 12.875241681933401 5.5307185202836981 8.0985832661390287 10.109879709780214 8.4864643067121506 9.9476409777998906
leaf_count=42 25824 39 416 65 29 103 21 141 49 22 52 73 36 19 588 24 82 45 24 18 107 20 25 19 129 30 23 38 30 124 24 35 31 97 28 48 41 154 44 101 149 54 47 63 28 62 43 30 46 40 111 52 32 19 20 134 91 31 53 73 60 61
internal_value=0.00013127 -0.0116265 -0.0174556 -0.00989703 -0.0154411 -0.028841 0.00107769 -0.0106043 -0.00589613 0.00332114 -0.00478151 0.00292331 0.0173335 -0.00883173 -0.0133259 -0.00113286 -0.0047533 -0.019228 0.0276028 0.0127549 0.00849416 0.0187024 -0.0132559 -0.0125054 -0.0107232 -0.0171417 0.00207857 -0.0137061 -0.00901077 -0.0113606 -0.00944922 0.00221515 -0.0074682 0.000202321 -0.0117469 -0.0187555 -0.00685328 -0.0122161 0.00879599 -0.0157786 -0.0235051 -0.00296517 0.00758203 -0.0198291 -0.0169101 -0.0264363 -0.00677331 -0.0110295 0.00315167 0.0221182 -0.0173447 -0.000401537 0.0151584 -0.00136863 -0.0149776 -0.0207756 -0.0253214 -0.00204689 -0.0126136 -0.0252446 -0.0352911 0.015823
internal_weight=7186.37 650.806 97.0986 41.9722 32.5428 17.9676 14.5752 553.708 187.111 44.8806 32.6258 27.0633 15.6497 142.23 97.0493 45.1808 41.4053 19.7861 12.2548 7.55035 21.6192 6.53712 8.03807 366.597 245.321 121.276 14.8769 9.33817 226.887 187.615 170.249 39.2716 22.9444 18.5251 150.011 61.6776 88.333 65.7882 22.5448 61.0072 36.6327 14.6903 20.2382 106.399 89.5023 34.1622 15.1802 55.34 17.0512 10.5123 38.2889 12.1755 16.4863 8.04654 55.1496 38.0763 33.1701 17.0733 11.5426 26.1134 16.8967 16.3272
internal_count=30159 4335 721 305 240 145 95 3614 1178 264 200 161 88 914 637 277 258 127 64 42 131 41 54 2436 1596 840 91 61 1467 1224 1100 243 147 116 978 407 571 432 139 404 250 95 122 749 626 246 105 380 114 68 266 82 98 51 359 255 225 104 73 184 123 96
cat_boundaries=0 1 2 3 4 5 6 7 8 9 10 11
cat_threshold=1 9 2 1 2 2 4 4 4 4 4
is_linear=0
shrinkage=0.04


Tree=55
num_leaves=63
num_cat=13
split_feature=7 17 8 15 0 7 1 12 17 9 7 8 12 10 16 1 8 9 0 1 5 0 14 8 8 14 8 14 9 9 9 8 12 3 0 9 3 9 8 5 8 8 6 11 0 8 12 4 9 1 9 9 3 1 0 6 0 1 14 8 9 12
split_gain=51.8169 2.56887 1.74704 2.58005 5.89991 7.0688 6.20043 5.92457 4.72972 4.10413 3.81218 3.64636 3.52949 4.1764 6.29973 6.10008 5.40335 3.72542 4.07849 7.3164 6.73855 6.70932 4.10437 3.42732 6.38471 5.23031 3.32074 5.73133 4.71549 7.13693 4.18397 5.0276 3.16645 4.26939 4.15855 4.03148 3.13811 3.17676 3.12287 3.09813 3.08775 4.46162 8.3339 5.53094 5.0267 4.20877 3.97961 5.95214 5.9564 6.13217 3.86611 3.76098 4.31546 3.69123 3.51462 3.94313 3.65511 3.4987 3.32384 5.82927 3.25257 3.04879
threshold=2.5000000000000004 0 29.500000000000004 1 12.500000000000002 3.5000000000000004 8.5000000000000018 2 3 4.8500000000000005 3.5000000000000004 38.500000000000007 4 1.5000000000000002 5 22.500000000000004 34.500000000000007 4.2500000000000009 1.0000000180025095e-35 16.500000000000004 1.0000000180025095e-35 7.5000000000000009 6 33.500000000000007 32.500000000000007 7 36.500000000000007 8 4.0500000000000007 3.8500000000000001 4.3500000000000005 30.500000000000004 9 1.0000000180025095e-35 7.5000000000000009 4.1500000000000012 1.0000000180025095e-35 4.2500000000000009 38.500000000000007 1.0000000180025095e-35 31.500000000000004 32.500000000000007 2.5000000000000004 1.0000000180025095e-35 12.500000000000002 36.500000000000007 10 1.0000000180025095e-35 4.1500000000000012 19.500000000000004 4.7500000000000009 4.4500000000000011 1.0000000180025095e-35 21.500000000000004 7.5000000000000009 3.5000000000000004 12.500000000000002 21.500000000000004 11 34.500000000000007 4.8500000000000005 12
decision_type=2 9 10 1 10 2 2 1 9 10 2 8 1 2 9 2 10 10 10 2 2 10 9 10 8 9 10 9 10 8 10 10 1 2 8 10 2 8 10 2 10 10 2 8 8 10 1 2 10 2 10 10 2 2 10 2 8 2 9 10 8 1
left_child=1 -1 -2 4 8 6 -6 23 26 39 40 -9 17 14 -14 38 -16 -12 -19 -20 -21 -22 -23 24 25 -8 30 -28 29 -29 36 -32 -30 35 -35 -34 37 -4 -15 -7 -5 42 44 45 -42 57 51 48 -48 54 -49 -44 -53 -47 55 -50 -56 61 -59 -60 -55 -43
right_child=2 -3 3 10 5 9 7 11 -10 -11 12 -13 13 15 16 -17 -18 18 19 20 21 22 -24 -25 -26 -27 27 28 32 -31 31 -33 33 34 -36 -37 -38 -39 -40 -41 41 43 46 -45 -46 53 47 50 49 -51 -52 52 -54 60 56 -57 -58 58 59 -61 -62 -63
leaf_value=-0.030313201495416095 0.00034708551127333038 -0.010568764674954143 -0.010785080991735559 0.0047091124947580016 -0.02562273264270571 -0.013561621343746205 -0.026929513216205375 0.012842139625191774 0.020260917888713585 -0.034153699414246744 -0.0090696080959973262 0.034376345392617524 0.010555298437337886 0.026239143270353246 0.006104639519565999 -0.01934620917096784 -0.028347465421424588 -0.009370755230856934 0.023160098949403178 0.0092689436300456493 -0.035841864652012216 -0.023294756436226718 0.01508379485940247 -0.0097961959496692241 0.036312614465978769 0.025352496133369443 0.028167295396038766 0.005476496976470748 -0.0068913595330166678 -0.064477545083868743 0.0048897544480950737 -0.009744586936130532 0.045754715732470218 0.0066327503668500536 -0.02363477407940115 0.0081966008567218238 0.010561545767421741 0.014913168935561339 -0.00032138512823713135 0.012934800539181526 -0.022958207621347673 0.0017041027699609152 -0.010032284836156247 8.4925605874773967e-05 -0.0034143574307724583 -0.0021821259646528559 0.020067665317534074 0.026204054934019942 0.0024759461736043997 -0.051530989078615211 -0.01154790961598849 0.010263759401661464 0.042896084789009296 0.0056778529265201329 0.013307285007658515 -0.041526865537655042 -0.022925520310451811 0.0098781071703888598 -0.04497449629972014 0.002723673885968459 0.035592414696269573 0.01519290563534712
leaf_weight=10.72116943448782 3366.2133141309023 635.10088855773211 33.490331143140793 405.93248973786831 8.2476505190134031 18.260497719049454 8.2251846194267273 108.61948397755623 14.145211338996885 8.9907141476869565 40.120668262243271 14.229342713952063 104.73439852893353 49.528681337833405 15.147937238216402 6.1879314184188834 14.029702365398405 27.762322649359703 35.041905507445335 64.73175773024559 12.63630275428295 6.884152427315712 12.653532668948175 34.895372942090034 8.9834331572055799 4.8767909705638894 12.010034754872322 4.8683448582887623 43.561333388090134 4.4816114753484735 44.297250628471375 246.98770920932293 4.9130834937095633 15.697397142648699 13.51681065559387 66.010424226522446 40.837675496935844 9.9931405484676343 8.2645682692527753 11.51187300682068 47.219879418611526 51.041324943304062 7.8531941175460807 1022.0006394982338 38.002357393503189 124.63554844260216 8.0189122110605222 13.869097620248796 5.0873872488737097 7.0637597590684882 6.3171808272600165 19.428603559732437 9.7321413457393664 22.71586582064629 12.588188901543619 9.0630859136581403 6.8944767117500296 20.122349947690964 6.2587452977895763 11.882717952132223 7.8165190815925589 116.41110716760159
leaf_count=84 13340 4248 137 1587 35 75 35 415 53 39 163 51 403 182 59 26 60 113 130 250 55 29 48 142 32 18 44 19 177 21 173 1006 17 61 57 256 157 38 33 44 199 201 32 4051 152 497 30 51 20 32 26 75 34 89 48 40 29 78 28 47 28 440
internal_value=-8.85071e-05 -0.0108965 0.000981146 0.00165673 -0.000345646 0.00508479 0.00829043 0.00984581 -0.00257217 -0.0104688 0.00230675 0.014182 0.00589006 0.00951205 0.00597608 0.0183995 -0.0104612 0.0017401 0.00456456 0.0074966 0.00183255 -0.0131289 0.00156102 -0.00169439 0.0103394 -0.00746921 -0.00316954 0.00155936 -0.000528617 -0.0280538 -0.00524765 -0.00751906 0.00126234 0.00499836 -0.00737141 0.0107984 0.0025989 -0.00487925 0.0224409 -0.00331644 0.0015986 0.000796416 -0.00493181 0.00158815 -0.0142432 0.0058452 0.00256033 -0.00338287 -0.0114417 -0.0176503 0.0143898 0.0114455 0.0211545 0.000871415 -0.0105346 -0.0257069 0.000485311 0.00959683 -0.00131583 -0.013732 0.0133362 0.0120904
internal_weight=7171.37 645.822 6525.54 3159.33 781.651 226.84 188.077 179.83 554.81 38.7631 2377.68 122.849 397.724 197.893 133.912 63.9812 29.1776 199.831 159.71 131.948 96.9057 32.174 19.5377 56.9808 22.0854 13.102 540.665 165.059 153.049 9.34996 375.606 291.285 143.699 100.138 29.2142 70.9235 84.3211 43.4835 57.7932 29.7724 1979.96 1574.02 191.138 1382.88 85.2222 360.884 105.916 68.9021 48.7158 40.6969 20.1863 37.0139 29.1607 155.168 33.6331 14.1505 19.4827 205.716 38.2638 18.1415 30.5324 167.452
internal_count=30139 4332 25807 12467 3102 886 728 693 2216 158 9365 466 1551 763 522 241 119 788 625 512 382 132 77 227 85 53 2163 652 608 40 1511 1179 568 391 118 273 332 175 215 119 7814 6227 768 5459 351 1408 417 276 199 169 77 141 109 614 137 60 77 794 153 75 117 641
cat_boundaries=0 1 2 3 4 5 6 7 8 9 10 11 12 13
cat_threshold=2 1 24 1 38 1 8 4 2 20 34 4 36
is_linear=0
shrinkage=0.04


Tree=56
num_leaves=63
num_cat=10
split_feature=7 17 1 12 15 14 16 8 0 5 8 0 15 0 8 11 14 0 8 6 4 9 1 8 8 10 9 9 6 10 9 8 9 9 1 16 8 0 8 8 6 0 6 8 8 8 16 8 9 8 0 6 1 8 0 10 8 10 14 9 9 0
split_gain=48.0419 2.44968 1.70943 1.70927 4.78094 4.94955 4.83146 4.47881 4.4305 4.20061 5.9927 10.3049 5.25171 6.35645 3.91464 3.73231 3.70244 3.489 3.31464 4.18196 4.06916 4.01607 3.83 3.32383 3.1686 3.13076 4.32102 5.11059 3.07776 2.98505 3.33277 2.88441 3.6489 2.83463 2.82642 4.31036 6.55835 4.22844 3.64455 3.49505 3.03261 2.93376 4.52109 3.73652 13.6211 3.41142 2.81929 4.93564 4.68352 2.96521 2.77308 2.73541 2.69165 2.62516 2.61945 2.5909 2.5756 4.15672 3.02544 2.70729 5.33246 2.57293
threshold=2.5000000000000004 0 18.500000000000004 1 2 3 4 23.500000000000004 12.500000000000002 1.0000000180025095e-35 24.500000000000004 7.5000000000000009 5 12.500000000000002 30.500000000000004 1.0000000180025095e-35 6 7.5000000000000009 33.500000000000007 1.0000000180025095e-35 1.0000000180025095e-35 4.9500000000000011 8.5000000000000018 35.500000000000007 25.500000000000004 1.5000000000000002 4.9500000000000011 4.8500000000000005 3.5000000000000004 1.0000000180025095e-35 4.6500000000000012 25.500000000000004 4.6500000000000012 4.5500000000000007 8.5000000000000018 7 32.500000000000007 12.500000000000002 26.500000000000004 38.500000000000007 1.0000000180025095e-35 12.500000000000002 2.5000000000000004 35.500000000000007 34.500000000000007 32.500000000000007 8 28.500000000000004 4.5500000000000007 34.500000000000007 12.500000000000002 1.5000000000000002 16.500000000000004 31.500000000000004 7.5000000000000009 1.5000000000000002 35.500000000000007 1.0000000180025095e-35 9 4.6500000000000012 4.2500000000000009 7.5000000000000009
decision_type=2 9 2 1 1 9 9 10 8 2 10 10 1 10 8 10 9 8 8 2 2 10 2 10 10 2 10 10 2 2 8 10 8 8 2 9 8 8 10 8 2 8 2 10 8 8 9 8 8 10 10 2 2 10 10 2 10 2 9 8 8 10
left_child=1 2 -1 4 5 6 15 -7 -8 18 11 -11 13 14 -12 28 31 -9 19 20 -6 22 -21 51 -23 26 27 34 -3 33 -31 32 -5 -17 35 37 -37 -18 50 -39 -40 42 -42 44 45 -44 47 -33 -49 -50 -36 55 -25 -29 -35 -20 58 -58 59 60 -43 -54
right_child=-2 3 -4 16 9 7 8 17 -10 10 12 -13 -14 -15 -16 29 25 -19 23 21 -22 24 -24 52 -26 -27 -28 53 -30 30 -32 46 -34 54 38 36 -38 39 40 -41 41 56 43 -45 -46 -47 -48 48 49 -51 -52 -53 61 -55 -56 -57 57 -59 -60 -61 -62 -63
leaf_value=-0.0076791573805743288 0.00094276277217160724 0.0010908276845481609 -0.041492591445440458 0.0080068647484752755 -0.041681594974646761 -0.037888896659145306 0.051077623845763365 -0.028149443329144559 0.0061622266821078908 0.052413835492086114 -0.029967761444356388 -0.012955067776325005 -0.01625615770843274 0.055763460412979547 0.016994546921603081 -0.029028365374706506 0.034166199392199961 0.0060193853016736378 0.0063702148654728001 -0.031838320674941321 -0.0011151357523298928 -0.012100812919214828 -0.0061845314220686952 0.00016650901999339264 0.033955361110602017 -0.021023940504392987 0.0069975827216904162 -0.020266677912229684 -0.05029988473633696 0.052237406441940241 0.0049501183252283832 0.062026490201698752 -0.051125763561974305 -0.0081679515539119577 -0.015699020165717517 0.068134782457154291 -0.0091332870017854714 -0.03066859246313711 0.010174951286150223 0.013188605656567178 -0.038280074929344085 -0.049601099869951877 -0.0045571954166834907 -0.032662142854147772 0.074005815357356411 -0.041101604369483277 -0.022074215954512547 0.036590705389869721 -0.038007942121729851 0.01417995420649832 -0.036712906583799033 -0.043143854606438263 -0.038856697502010998 -0.045968272597102608 0.028502041344338612 -0.037906836537400651 0.040902641156422462 -0.010482429642633403 0.017735818469762753 -0.036484717698755567 0.012839842389454743 -0.010902940525026592
leaf_weight=3.6783465966582298 6524.6803405731916 3.9083786681294432 6.8414340615272522 3.428438916802409 11.483642548322679 7.3775679841637603 7.2829065173864338 6.371027626097205 6.7897578477859506 7.8123573213815671 4.6299482882022867 7.6240875124931335 27.605401024222374 4.2531979754567137 7.3458075150847444 4.4294179007411065 3.0024785846471813 19.164283111691475 4.4301245808601397 10.577235646545885 6.0357119143009177 3.7659691274166089 77.806171700358391 13.865193724632261 6.5418753325939178 79.695843599736691 18.049923166632652 18.081025481224064 3.5657322257757187 4.358654156327245 5.2656786218285569 3.1453676074743226 3.25470881909132 6.9974687397479993 34.581379979848862 3.40010438859463 3.6382640674710274 10.127892188727852 12.343199469149111 4.0779118984937677 12.420617356896399 3.0391883328557023 16.50843936949969 8.7066046893596631 3.2614164724946013 5.4318788871169081 3.5657167807221457 4.6924336478114119 3.9447827413678178 3.1194508522748947 14.162876576185225 15.14099260419607 8.9392075315117854 9.8074997216463071 5.6200604140758514 4.0454450026154518 4.9630582779645902 5.1144958660006523 5.1052321195602444 7.0439814180135718 7.8162309452891359 12.828876160085199
leaf_count=28 25807 27 56 22 84 52 39 43 40 46 31 48 186 24 45 30 19 120 29 74 39 24 517 91 39 554 112 123 27 25 32 18 24 46 237 19 25 72 79 30 91 24 112 65 19 40 25 31 28 20 100 117 67 70 32 30 30 36 32 50 48 89
internal_value=-8.44775e-05 -0.0105258 -0.0296694 -0.0102068 -0.00719319 0.00135442 0.00968395 -0.010437 0.0294069 -0.0100821 -0.00130506 0.020128 -0.0088528 0.00851206 -0.00116156 0.00155533 -0.0125965 -0.00250569 -0.0136217 -0.00969604 -0.0277058 -0.00649901 -0.00925463 -0.0213213 0.0171287 -0.0142709 -0.0117164 -0.0134699 -0.0234265 0.00855602 0.0263655 0.00172707 -0.0207909 -0.00149883 -0.0107893 0.00182265 0.0281935 -0.0089633 -0.0129658 -0.018079 -0.00827018 -0.0111372 -0.017634 -0.0100714 -0.0022668 -0.0136047 0.00987591 0.0175208 0.00561384 -0.0149626 -0.0218047 -0.0329586 -0.0136084 -0.0293051 0.00816548 -0.0147635 -0.00203887 0.014824 -0.00942593 -0.017173 -0.00464173 -0.0223823
internal_weight=7166.59 641.912 10.5198 631.393 315.862 81.1309 48.2181 32.9129 14.0727 234.731 59.2708 15.4364 43.8344 16.229 11.9758 34.1454 315.53 25.5353 175.46 116.211 17.5194 98.6913 88.3834 59.2498 10.3078 290.38 210.684 192.634 7.47411 26.6713 9.62433 25.1509 6.68315 17.0469 164.745 24.2467 7.03837 17.2083 140.499 14.2058 91.7543 79.4111 46.329 33.9083 25.2017 21.9403 18.4678 14.902 11.7567 7.06423 48.7443 23.6166 35.6333 27.8885 12.6175 8.47557 33.0822 10.0776 23.0046 17.8994 10.8554 21.7681
internal_count=30139 4332 84 4248 2093 513 298 215 79 1580 380 94 286 100 76 219 2155 163 1200 777 123 654 591 423 63 1987 1433 1321 54 165 57 168 46 108 1128 165 44 121 963 102 626 547 327 236 171 152 122 97 79 48 337 176 247 193 78 59 220 66 154 122 72 156
cat_boundaries=0 1 2 3 4 5 6 7 8 9 10
cat_threshold=2 89 2 4 1 4 2 1 1 4
is_linear=0
shrinkage=0.04


Tree=57
num_leaves=63
num_cat=9
split_feature=7 17 1 1 10 8 14 10 6 8 12 14 9 10 9 3 9 3 8 6 8 1 2 9 9 1 9 8 8 0 6 0 8 9 11 6 9 6 9 0 0 9 8 1 9 16 1 0 9 8 0 9 14 11 9 12 0 8 8 8 16 14
split_gain=44.6747 2.33161 1.65918 1.65 6.6253 7.71653 5.2285 4.99387 4.90281 9.95784 4.08635 6.31826 3.89643 4.03362 6.84202 5.49603 5.18989 3.46425 4.16606 3.10772 2.27851 5.81659 3.9016 3.08144 3.51283 4.33583 3.98914 5.62016 3.46184 2.87046 3.25555 2.83218 4.4755 4.33294 4.43506 3.38239 3.29611 2.50032 4.6926 2.22175 2.07018 2.04206 3.29327 4.48444 4.48877 3.72128 4.23364 6.71065 3.4469 3.46722 5.18902 2.83311 2.51655 2.11291 2.03046 2.02758 2.54395 2.06992 7.64668 1.98594 2.28614 4.16355
threshold=2.5000000000000004 0 18.500000000000004 20.500000000000004 1.0000000180025095e-35 35.500000000000007 1 1.0000000180025095e-35 5.5000000000000009 28.500000000000004 2 3 4.9500000000000011 1.5000000000000002 4.5500000000000007 1.0000000180025095e-35 4.7500000000000009 1.0000000180025095e-35 34.500000000000007 1.5000000000000002 29.500000000000004 8.5000000000000018 1.0000000180025095e-35 4.1500000000000012 4.6500000000000012 17.500000000000004 4.7500000000000009 33.500000000000007 31.500000000000004 7.5000000000000009 3.5000000000000004 7.5000000000000009 26.500000000000004 4.3500000000000005 1.0000000180025095e-35 1.5000000000000002 4.8500000000000005 2.5000000000000004 4.6500000000000012 7.5000000000000009 12.500000000000002 3.9500000000000006 33.500000000000007 12.500000000000002 4.3500000000000005 4 19.500000000000004 12.500000000000002 4.9500000000000011 35.500000000000007 7.5000000000000009 4.9500000000000011 5 1.0000000180025095e-35 4.7500000000000009 6 7.5000000000000009 28.500000000000004 30.500000000000004 21.500000000000004 7 8
decision_type=2 9 2 2 2 10 9 2 2 10 1 9 10 2 10 2 8 2 8 2 10 2 2 10 10 2 10 8 10 10 2 10 10 8 10 2 10 2 10 8 8 8 10 2 8 9 2 8 10 10 8 8 9 10 10 1 10 10 8 8 9 9
left_child=1 2 -1 7 55 8 -7 20 10 -10 11 -6 13 15 -15 -13 -16 -12 19 -19 22 -22 31 -23 28 26 -26 -28 -25 -30 -31 32 -3 -33 -35 -36 -34 -37 -39 -8 -27 -9 59 44 -44 46 48 -48 49 50 -45 53 -51 54 -46 -5 -57 -58 -59 60 -43 -62
right_child=-2 3 -4 4 5 6 39 41 9 -11 17 12 -14 14 16 -17 -18 18 -20 -21 21 23 -24 24 25 40 27 -29 29 30 -32 33 36 34 35 37 -38 38 -40 -41 -42 42 43 45 51 -47 47 -49 -50 52 -52 -53 -54 -55 -56 56 57 58 -60 -61 61 -63
leaf_value=-0.007408038580893144 0.00090512343017313624 0.0014469304083096915 -0.040928955963918372 -0.00055079528622170679 0.044862661856057924 0.024076352057355997 -0.050224840312457719 -0.034553866183159372 -0.0040275658071772134 0.075405169173324682 -0.028747228487972454 0.014043288672799871 0.038872367171791981 -0.029270208679669816 0.054059712188248614 -0.02866856579601965 0.0050906010693022108 0.011184658081803852 0.038753306197559019 -0.017644804665438597 -0.034850453184873634 -0.03240859733411601 -0.028849882269362661 -0.019844375915873399 -0.028363035810043208 -0.017269087956803424 0.051429592144397553 -0.0063795087915269715 0.039015369234290109 -0.019509345667795601 0.025149223227960208 0.027952866203382824 0.016512794055913538 -0.037345651067838478 -0.030365419751596991 0.037889814923490632 0.064481338802657731 -0.038657917087091549 0.017029951166281553 -0.021255946962764921 -0.051292854847332973 -0.014772969940697473 0.046625604997464362 0.039533912971294174 0.0080661576669579273 -0.035805969577893677 -0.011432917101870624 0.062446008676802639 0.021990636248713034 0.0064886441940690178 -0.023515389931160376 -0.035481448401824711 -0.03522117465998726 0.011730412448242649 -0.02948867982391801 -0.040421921376948333 -0.03387268528981522 0.036901660513010762 -0.029216170873334311 -0.017928419456386419 -0.024501033565955503 0.028403252824729577
leaf_weight=3.6608115211129189 6524.1778671890497 25.385693557560444 6.661867544054985 19.981871217489243 6.6901505813002586 3.318954810500145 6.1135418191552224 7.6441875398159018 6.0379650741815549 4.3403110504150391 11.450432829558848 7.6151509135961541 4.3923231959342948 4.6835281327366856 6.1635986417531941 13.133755750954151 7.9028666764497766 8.9054569453001076 3.4055242687463751 18.22783724963665 12.643078260123728 5.8641605675220481 6.9275279045104972 4.7864343449473408 4.4122538864612606 10.551712997257706 4.4550337940454456 6.7945950925350198 6.7310240566730526 4.6408439055085164 5.9735837280750275 5.0965346321463576 6.7532273456454259 7.9633805677294758 4.9548757746815708 3.4070712924003592 3.469466045498848 3.6135570555925351 7.3367480486631393 13.79247412085533 3.9258816763758668 19.460794769227505 3.5878113359212866 3.3833463788032576 4.3387873470783287 10.405399627983568 5.2376361116766903 3.1504299119114885 3.4768034592270842 2.6792128309607506 5.4574451968073854 3.3331758901476851 17.000227011740211 17.648310706019402 4.9104222655296326 14.601337157189844 8.8030236586928385 4.049263030290601 9.0619979649782181 177.42558541148901 3.8007214218378067 6.3679917752742785
leaf_count=28 25807 173 56 130 36 20 47 67 35 22 81 46 24 34 33 89 48 57 21 125 90 45 49 32 30 72 26 45 41 30 37 31 43 59 35 20 19 24 44 97 28 132 20 21 29 76 37 19 22 18 37 24 126 111 36 106 62 25 63 1234 26 39
internal_value=-8.27749e-05 -0.0101852 -0.0290412 -0.00987507 -0.00667412 -0.00157662 -0.0224033 -0.0111891 0.00312181 0.0291921 0.000199022 0.00722398 0.00313276 -0.000841525 0.0126051 -0.0129927 0.0265477 -0.00806349 -0.0029486 -0.00818265 -0.00511541 -0.0102616 -0.000252885 -0.00491416 -0.00182964 -0.0107155 0.00387115 0.0165138 0.0102712 0.0185815 0.00562359 0.00266128 0.0104459 -0.00590157 -0.0122274 -0.00186989 0.0327928 0.00796421 -0.00134682 -0.0301529 -0.0264953 -0.0141454 -0.0136105 -0.00696135 0.00432412 -0.0144757 -0.00897987 0.0163149 -0.0156109 -0.0201948 0.000613403 -0.000696262 -0.0295427 0.00361436 -0.0118718 -0.0180582 -0.0215783 -0.0188696 -0.00879643 -0.0163276 -0.00674138 0.00862942
internal_weight=7162.17 637.989 10.3227 627.666 182.671 126.174 23.225 444.995 102.949 10.3783 92.5706 50.5814 43.8912 39.4989 18.75 20.7489 14.0665 41.9893 30.5388 27.1333 145.687 70.7786 74.9081 58.1355 52.2714 30.1395 15.6619 11.2496 22.1319 17.3455 10.6144 67.9806 35.6084 32.3722 27.2756 19.3123 10.2227 14.3574 10.9503 19.906 14.4776 299.308 291.664 84.609 33.8185 50.7905 40.3851 8.38807 31.997 28.5202 8.84079 30.2307 19.6794 26.8975 9.24921 56.4975 36.5156 21.9143 13.1113 207.055 29.6295 10.1687
internal_count=30139 4332 84 4248 1201 815 164 3047 651 57 594 310 274 250 115 135 81 284 203 182 973 476 497 386 341 201 101 71 140 108 67 448 235 213 182 123 62 88 68 144 100 2074 2007 576 220 356 280 56 224 202 58 200 144 176 65 386 256 150 88 1431 197 65
cat_boundaries=0 1 2 3 4 5 6 7 8 9
cat_threshold=2 2 41 2 1 2 3 1 4
is_linear=0
shrinkage=0.04


Tree=58
num_leaves=63
num_cat=5
split_feature=7 17 15 10 9 12 8 3 9 8 0 8 1 0 6 6 6 0 7 1 8 9 7 8 9 1 0 1 0 1 0 16 9 1 7 0 8 0 5 8 8 13 6 8 6 0 8 8 0 9 1 0 9 1 0 6 6 8 8 9 2 0
split_gain=41.4744 2.22044 1.63738 5.61307 4.92165 4.49125 5.0982 4.03753 8.19434 8.14757 9.46098 7.0124 5.55248 5.65667 4.65735 4.56851 3.81551 4.58413 4.38471 6.38624 3.81529 3.8011 3.71052 4.86222 3.56973 4.12733 4.09104 4.17327 3.55666 3.53385 3.58025 3.5093 3.41064 4.2687 4.06233 5.60552 4.67088 4.65884 3.91148 8.47733 4.58426 6.03123 5.70703 4.46717 4.07768 3.83315 6.58324 3.53826 4.9185 5.65489 3.42188 6.19961 4.31232 5.50778 3.86135 3.86053 3.51983 5.07179 3.36278 3.32231 4.45028 3.34871
threshold=2.5000000000000004 0 1 1.5000000000000002 4.5500000000000007 2 20.500000000000004 1.0000000180025095e-35 4.9500000000000011 26.500000000000004 1.0000000180025095e-35 23.500000000000004 21.500000000000004 7.5000000000000009 5.5000000000000009 2.5000000000000004 1.5000000000000002 12.500000000000002 3.5000000000000004 15.500000000000002 38.500000000000007 4.7500000000000009 3.5000000000000004 28.500000000000004 4.3500000000000005 21.500000000000004 12.500000000000002 20.500000000000004 7.5000000000000009 22.500000000000004 7.5000000000000009 3 4.6500000000000012 1.0000000180025095e-35 3.5000000000000004 7.5000000000000009 27.500000000000004 12.500000000000002 1.0000000180025095e-35 35.500000000000007 33.500000000000007 4 2.5000000000000004 35.500000000000007 5.5000000000000009 7.5000000000000009 26.500000000000004 22.500000000000004 7.5000000000000009 4.8500000000000005 19.500000000000004 1.0000000180025095e-35 4.8500000000000005 11.500000000000002 7.5000000000000009 1.0000000180025095e-35 2.5000000000000004 29.500000000000004 31.500000000000004 4.8500000000000005 1.0000000180025095e-35 7.5000000000000009
decision_type=2 9 1 2 10 1 10 2 10 10 10 8 2 10 2 2 2 10 2 2 10 10 2 10 10 2 8 2 10 2 8 9 10 2 2 10 10 10 2 10 10 9 2 10 2 8 10 10 8 10 2 10 10 2 8 2 2 8 10 8 2 10
left_child=1 -1 3 4 29 6 -6 59 9 10 -9 12 13 -12 20 -15 -8 22 19 -19 24 -21 -18 -24 26 -26 27 -11 -13 -2 -31 -4 -7 -34 38 -36 -37 -38 40 45 47 -42 43 -43 -41 46 -40 48 49 -35 51 -49 55 -54 -52 -53 -57 -58 -32 -5 61 -61
right_child=2 -3 31 7 5 32 16 8 -10 14 11 28 -14 15 -16 -17 17 18 -20 21 -22 -23 23 -25 25 -27 -28 -29 -30 30 58 -33 33 34 35 36 37 -39 39 44 41 42 -44 -45 -46 -47 -48 50 -50 -51 54 52 53 -55 -56 56 57 -59 -60 60 -62 -63
leaf_value=-0.028423930541409438 0.0055368844889295381 -0.0095453600518459261 0.018014324839430204 0.010444010830584686 0.01870983909969241 -0.0055075342784727688 -0.016740555842952188 -0.065828118647312334 0.02580521288183163 -0.038467984331154385 0.04695430536250287 -0.044756270296287072 -0.02443891947799556 -0.020140509295481168 -0.01457247852076838 0.024817031242371761 -0.0054459544510086933 0.03213097747652692 0.0373939421856464 -0.026622125965032856 -0.022899725843824714 0.0054295250912893998 -0.049790292451832023 -0.0079503593961653667 0.020063945842245783 -0.000802257786394146 0.019471663900277967 0.0057575158983175839 -0.0138324680328218 -0.037943571509976175 0.014045662333955196 0.00043429557626984973 -0.010444078912465311 0.010646902323100877 0.028055886347572671 0.020133038717157086 -0.03263663359454573 0.0071781945084962821 -0.026709111829498835 -0.036748043909332784 0.015667334023628004 0.033539651737344356 -0.03235881679304925 -0.009509279502107398 0.0028851451899020615 0.020851193957320515 0.019400830328134479 0.020829155515693309 0.014540556222224188 -0.044080777809107435 0.020415025115157522 0.0016329724152663095 -0.036331913374899528 0.0043365928531006633 -0.0060442681889939466 -0.045377889940992226 -0.037675125816138695 0.011951246874963666 -0.023249496620582243 -0.00036574841363164922 -0.020613683881786398 0.014252594094264544
leaf_weight=10.130123056471348 301.0444324016571 623.91493333131075 18.235749289393425 241.17978855967522 12.22015869617462 115.73377698659897 56.609377458691597 5.1231124103069297 18.716311305761337 7.2987327575683612 6.3866267204284712 8.5374907702207583 7.5478877872228614 7.42340949177742 17.944418340921402 7.052156999707222 96.082078903913498 8.0378316491842288 6.4727929681539527 10.820931911468508 6.1664904654026023 13.071431294083593 7.5183685570955303 10.867706120014189 50.542987123131752 21.669848248362541 7.1891681253910056 6.4139650762081146 19.640986293554306 5.8383868187665966 9.3784655034542066 4871.9177485704422 38.381507605314255 6.2425360828638059 24.085736691951752 14.163661167025564 8.3341606259346008 10.790397971868515 8.4466153681278247 8.2354142516851425 39.445958912372589 5.8519476503133836 10.420856803655623 11.31237545609474 8.3798669576644897 50.825093656778336 11.981811001896856 7.5092902630567542 28.913767829537392 5.8534064441919327 11.482600226998327 6.342527523636817 7.1155932098627117 21.211359262466431 38.125292271375656 16.160884201526645 8.2418700009584391 5.4897444993257531 6.5838058590888968 69.772373706102371 12.173318922519682 39.136408746242523
leaf_count=84 1176 4248 69 929 46 466 235 24 69 32 22 38 32 31 74 26 387 29 23 46 26 51 34 44 189 86 27 25 81 26 36 19294 157 24 88 53 36 42 36 36 148 21 45 46 33 190 45 28 110 26 43 25 31 83 154 72 36 21 28 277 51 149
internal_value=-8.02548e-05 -0.00984698 0.000868984 0.001962 0.000280727 -0.00149522 -0.00612789 0.00522085 0.000622357 -0.0020117 -0.0137756 -0.00906314 0.0049602 0.0155967 0.00418123 0.00176175 -0.00786934 -0.00458426 0.00737448 0.00128903 0.00757084 -0.00908678 -0.0085963 -0.0250594 0.00958874 0.0138024 -0.00496865 -0.017782 -0.0232017 0.00441071 -0.0111406 0.000498833 0.000551415 0.00226122 0.00356175 0.0133573 0.00272211 -0.0101724 0.00179214 0.00896975 -0.00095333 0.00784978 -0.00661183 0.00516768 -0.0167592 0.0149694 0.000335586 -0.00458039 0.00558071 -0.0158366 -0.008005 -0.0135702 -0.0175712 -0.00587914 8.01905e-05 -0.0267116 -0.0327256 -0.0178351 -0.00133712 0.00772983 0.00232354 0.00488736
internal_weight=7157.74 634.045 6523.69 1633.54 1073.62 750.779 221.701 559.915 197.654 178.937 61.7117 56.5886 28.4101 20.8622 117.226 14.4756 209.481 152.871 38.403 31.9302 99.2812 23.8924 114.468 18.3861 93.1147 72.2128 20.9019 13.7127 28.1785 322.845 21.8007 4890.15 529.078 413.344 374.963 57.374 33.2882 19.1246 317.589 87.8688 229.72 67.0311 27.5852 17.1643 16.6153 71.2535 20.4284 162.689 41.0097 12.0959 121.679 72.0713 64.562 28.327 49.6079 36.235 29.8925 13.7316 15.9623 362.262 121.082 108.909
internal_count=30139 4332 25807 6444 4256 2990 895 2188 782 713 254 230 111 79 459 57 849 614 149 126 385 97 465 78 359 275 84 57 119 1266 90 19363 2095 1629 1472 219 131 78 1253 340 913 260 112 67 69 271 81 653 160 50 493 296 268 114 197 154 129 57 64 1406 477 426
cat_boundaries=0 1 2 3 4 5
cat_threshold=2 8 36 2 12
is_linear=0
shrinkage=0.04


Tree=59
num_leaves=63
num_cat=9
split_feature=7 17 1 1 10 6 11 10 14 9 1 16 6 0 1 1 0 1 6 1 11 9 15 1 9 10 6 11 9 9 14 6 14 14 6 0 1 16 11 10 1 6 5 1 0 10 16 11 9 1 9 6 9 9 1 6 0 11 5 9 11 9
split_gain=38.4383 2.11476 1.64268 1.55014 6.23124 6.75005 9.06928 4.70661 3.11814 3.17393 2.6559 2.10021 3.79274 3.85371 3.55697 5.60985 2.3068 2.05644 3.11454 2.83925 3.53046 1.9829 2.31509 7.85805 7.10703 2.71938 4.39622 4.14351 3.82526 2.50708 4.17025 2.62378 3.62706 2.37775 3.37067 3.25119 2.84051 2.22566 2.7196 3.4049 2.43205 4.8992 2.6182 2.20398 3.87798 2.75058 2.23678 2.06042 2.70671 1.93473 3.02826 4.07818 1.90459 1.83202 1.82968 1.76089 1.75731 1.74477 3.33695 2.21998 1.71987 1.98961
threshold=2.5000000000000004 0 18.500000000000004 20.500000000000004 1.0000000180025095e-35 5.5000000000000009 1.0000000180025095e-35 1.0000000180025095e-35 1 4.8500000000000005 21.500000000000004 2 5.5000000000000009 7.5000000000000009 16.500000000000004 8.5000000000000018 12.500000000000002 18.500000000000004 1.0000000180025095e-35 19.500000000000004 1.0000000180025095e-35 3.9500000000000006 3 12.500000000000002 4.3500000000000005 1.5000000000000002 3.5000000000000004 1.0000000180025095e-35 4.8500000000000005 4.7500000000000009 4 5.5000000000000009 5 6 1.5000000000000002 7.5000000000000009 13.500000000000002 7 1.0000000180025095e-35 1.5000000000000002 19.500000000000004 2.5000000000000004 1.0000000180025095e-35 9.5000000000000018 1.0000000180025095e-35 1.5000000000000002 8 1.0000000180025095e-35 4.5500000000000007 18.500000000000004 4.7500000000000009 2.5000000000000004 4.6500000000000012 4.6500000000000012 10.500000000000002 3.5000000000000004 12.500000000000002 1.0000000180025095e-35 1.0000000180025095e-35 4.7500000000000009 1.5000000000000002 4.9500000000000011
decision_type=2 9 2 2 2 2 8 2 9 10 2 9 2 8 2 2 10 2 2 2 10 8 1 2 8 2 2 8 8 10 9 2 9 9 2 10 2 9 8 2 2 2 2 2 10 2 9 8 10 2 10 2 8 8 2 2 8 8 2 8 10 8
left_child=1 2 -1 7 57 8 -7 11 9 10 -6 17 13 -13 15 52 -16 18 -3 20 -19 -9 23 24 -23 26 27 -26 -29 31 -31 32 -27 34 -24 47 -37 40 39 -39 -25 -42 -43 46 45 -45 -35 -36 -49 -46 -51 -52 -15 -38 -50 -48 -22 58 -5 -59 61 -20
right_child=-2 3 -4 4 5 6 -8 21 -10 -11 -12 12 -14 14 16 -17 -18 19 60 -21 56 22 33 37 25 29 -28 28 -30 30 -32 -33 -34 43 35 36 53 38 -40 -41 41 42 -44 44 49 -47 55 48 54 50 51 -53 -54 -55 -56 -57 -58 59 -60 -61 -62 -63
leaf_value=-0.0061272475005267482 0.00083543297407207289 -0.040294068503485346 -0.039998034369603704 -0.040621575699299306 0.028633402733849071 -0.01904219342702412 0.051865626646491532 -0.033808108137098031 -0.0067409581828423619 0.039309032528664932 -0.017005294650908571 0.037861819675888322 -0.036356349432570274 0.026975323159990232 0.040961881718218782 -0.051737700658644005 -0.0036279159206960565 -0.021166456414679412 -0.012247645717648916 -0.010909131481175359 0.010383963089382456 0.062470615560056349 -0.042321451115674799 -0.016600704685552449 -0.01045790543366233 0.02039001660115209 -0.007034617475589461 0.019226756560341986 0.069990758275586998 0.017502259828303238 -0.038222876840036106 0.030421499018629176 -0.022196583362237673 -0.033282779697296962 -0.049598208933531888 -0.031971269339556893 -0.015396346041910463 -0.036782912650930984 -0.041515583260131425 0.017454371413355416 -0.026599020724597605 0.035803681524024439 -0.0077237379375587603 -0.008326495794626583 -0.0083393067650975993 0.040358585047542687 0.016820774907735023 -0.049233609867570201 0.004938923152999126 -0.037143893582650564 0.022734375978240667 -0.030584370730294221 -0.01575135617806599 0.013503435395297326 -0.026759132872194884 -0.023814798573930582 0.04107127742542728 -0.0058469843922566798 0.0038040524593289881 -0.024949855217076149 0.01575294511162573 0.0055760299359220444
leaf_weight=3.5792531073093414 6522.7095216214657 5.1165173649787894 6.3651900216937065 10.623516894876955 3.1717766225337964 4.4809640496969196 8.1084872335195541 7.4198298305273047 98.898074924945831 4.9241646081209192 5.7183620184659958 6.202088035643107 3.0988655537366858 3.8491566628217715 4.4260738343000403 3.9000006690621376 3.1973630264401436 3.5460294187068948 65.752915769815445 13.967180177569389 6.613944344222543 3.0747295171022406 12.89312459528446 50.580291382968426 3.8782690167427072 4.9347694963216782 13.873990148305891 6.3739154040813437 3.785615675151349 2.9183273166418076 8.1479114741086942 3.7545581683516493 9.1015051975846344 15.32281082123518 5.9786664545536068 5.4361547306180027 5.8643283098936054 3.7204286903142956 10.373839922249315 3.6875148117542267 6.0460534170269957 5.9091637358069402 3.5329790711402893 3.5687743052840224 38.67625579982996 3.8704508692026138 3.0537418425083169 4.2983440905809429 5.411880746483801 11.53655742108822 4.1955137774348241 5.0675019100308418 2.9475002661347389 8.7406605705618858 6.3115789145231247 3.8667237162590027 5.4427718147635469 25.703544773161411 3.6294301673769942 15.666070595383642 4.5572879612445822 11.822302266955374
leaf_count=28 25807 38 56 80 20 29 41 67 661 27 37 36 21 23 27 28 21 26 451 95 43 16 97 353 28 32 95 38 22 18 59 24 67 116 47 39 42 27 74 23 42 38 24 24 269 23 21 35 35 85 28 36 21 58 44 28 31 173 23 110 30 82
internal_value=-7.62105e-05 -0.0095072 -0.0278071 -0.00921395 -0.00609755 -0.00115164 0.0266274 -0.0104964 -0.00425443 0.0135469 -0.000722562 -0.00457969 0.00533968 0.0106088 0.00138256 -0.0134969 0.0222604 -0.00692505 -0.0100147 0.00219121 0.0139183 -0.0133914 -0.012865 -0.00732285 0.00323993 3.18617e-05 0.00893354 0.0247154 0.0381423 -0.00857822 -0.0235274 0.000720427 -0.0072243 -0.016723 -0.0244296 -0.0189426 -0.00728806 -0.0157348 -0.0282964 -0.00978476 -0.0123539 0.00151489 0.019517 -0.0138502 -0.0102243 0.0170032 -0.0247583 -0.0295593 -0.0220816 -0.0136299 -0.0234676 -0.00643462 0.00844608 0.00189933 -0.0121264 -0.00588384 0.0242372 -0.0172393 -0.0293088 -0.013081 -0.0081284 -0.00953135
internal_weight=7153.23 630.516 9.94444 620.571 180.924 125.302 12.5895 439.647 112.712 13.8143 8.89014 144.44 27.621 24.5222 18.3201 10.6967 7.62344 116.819 87.249 29.5699 15.6027 295.207 287.787 143.694 59.8436 56.7689 27.9118 14.0378 10.1595 28.8571 11.0662 17.7908 14.0363 144.093 54.9347 42.0416 20.0411 83.8503 17.7818 7.40794 66.0685 15.4882 9.44214 89.1583 66.9151 7.43923 22.2433 22.0005 16.0218 59.4758 20.7996 9.26302 6.79666 14.605 11.7235 6.92047 12.0567 55.6226 14.2529 41.3696 82.1325 77.5752
internal_count=30139 4332 84 4248 1201 815 70 3047 745 84 57 973 177 156 120 72 48 796 601 195 100 2074 2007 980 399 383 183 88 60 200 77 123 99 1027 397 300 139 581 124 50 457 104 62 630 465 47 165 161 114 418 149 64 44 100 79 49 74 386 103 283 563 533
cat_boundaries=0 1 2 3 4 5 6 7 8 9
cat_threshold=2 2 1 6 4 2 4 1 1
is_linear=0
shrinkage=0.04


Tree=60
num_leaves=63
num_cat=6
split_feature=7 8 2 17 1 15 8 1 1 2 10 8 9 9 1 9 10 6 8 10 9 11 9 9 1 6 14 9 16 8 9 6 9 8 8 8 8 9 10 8 6 10 1 1 6 8 9 1 6 1 6 1 8 10 8 8 8 14 16 10 9 9
split_gain=38.5723 3.23787 5.86314 2.78778 2.40062 5.32254 8.21824 5.16048 6.16822 8.88714 6.16005 5.70071 3.93822 4.33575 5.10777 3.46027 2.97971 4.27529 2.8391 4.07428 3.52036 2.5474 2.3925 2.67925 2.38402 2.8652 2.31891 5.46479 7.07372 4.26125 3.02334 2.67442 4.96447 4.18702 4.17594 5.4784 6.1821 3.09107 2.91852 2.66839 9.33846 4.56606 4.8165 2.85688 9.52444 2.61046 2.58278 5.77813 2.4492 2.21914 2.15637 2.11906 4.73112 3.41617 2.58677 3.42179 2.12545 2.18651 2.09365 2.08841 2.3591 2.05678
threshold=2.5000000000000004 37.500000000000007 1.0000000180025095e-35 0 17.500000000000004 1 25.500000000000004 16.500000000000004 8.5000000000000018 1.0000000180025095e-35 1.0000000180025095e-35 29.500000000000004 4.4500000000000011 4.6500000000000012 -1.0000000180025095e-35 3.1500000000000008 1.5000000000000002 2.5000000000000004 31.500000000000004 1.0000000180025095e-35 4.6500000000000012 1.0000000180025095e-35 4.8500000000000005 4.6500000000000012 19.500000000000004 3.5000000000000004 2 4.8500000000000005 3 30.500000000000004 3.6500000000000008 4.5000000000000009 4.2500000000000009 33.500000000000007 36.500000000000007 35.500000000000007 34.500000000000007 4.7500000000000009 1.5000000000000002 26.500000000000004 5.5000000000000009 1.5000000000000002 21.500000000000004 20.500000000000004 5.5000000000000009 31.500000000000004 4.7500000000000009 20.500000000000004 5.5000000000000009 8.5000000000000018 1.5000000000000002 13.500000000000002 23.500000000000004 1.0000000180025095e-35 34.500000000000007 30.500000000000004 26.500000000000004 4 5 1.5000000000000002 4.7500000000000009 4.6500000000000012
decision_type=2 10 2 9 2 1 8 2 2 2 2 8 8 8 2 10 2 2 10 2 8 10 8 10 2 2 9 8 9 10 10 2 10 10 8 8 8 10 2 10 2 2 2 2 2 10 10 2 2 2 2 2 8 2 10 10 8 9 9 2 10 8
left_child=1 3 49 4 5 6 -1 8 12 18 -11 -12 -8 -14 16 -6 17 -15 19 -10 -20 -9 23 -7 25 -5 27 28 46 -29 -28 33 -33 -32 35 36 39 38 50 40 41 42 61 48 45 -45 47 -17 -41 -3 -35 54 -53 -54 55 56 59 -58 -18 60 -25 -34
right_child=-2 2 -4 24 15 22 7 21 9 10 11 -13 13 14 -16 26 58 -19 20 -21 -22 -23 -24 51 -26 -27 30 29 -30 -31 31 32 34 37 -36 -37 -38 -39 -40 43 -42 -43 -44 44 -46 -47 -48 -49 -50 -51 -52 52 53 -55 -56 -57 57 -59 -60 -61 -62 -63
leaf_value=-0.020265137272149292 0.00066534562795396164 -0.0054659723198558106 0.020001928473811874 -0.035691608026698747 -0.048036036197243573 -0.021740428040374366 -0.050025761981721248 0.005869289280599637 0.047045136313248963 -0.051060249471835031 0.051084115486446757 -0.011106426214766605 0.037820388510039417 0.050420548245267184 -0.050217041386545452 -0.012799827118324374 -0.031396615274917689 -0.0027755113574888103 0.075379230458463259 -0.0027854132577525342 0.030734360665135387 -0.030264300707250249 -0.027201705100918853 -0.034179777948328466 -0.048618446957145824 0.016068831115120547 0.027924478988300635 0.0072465668952300579 -0.051104532560834859 0.067469755100497131 -0.0065971943034487147 -0.033591217781890025 0.04361864785840204 0.0097903111693065526 0.040023709615887741 -0.051756596486229843 0.04746310430163532 -0.034451594995210742 -0.035249050887511645 -0.0083715388844341244 -0.025081942974097653 0.056071888408268739 -0.026094585047708143 -0.0066959007960307139 0.042691011400993427 -0.051719998865759668 -0.022509730631884824 0.044985917495434347 -0.042078173430084471 -0.026196621824155036 -0.016133683676909559 0.048843100608751348 0.022042243730448115 -0.022984739378095927 0.015469781375183525 -0.05004203384310852 -0.017121273288132396 0.030181994999471291 0.0084153004208016562 -0.049948394994558387 0.014454559509087533 0.0064895610493892206
leaf_weight=36.367324598133564 6521.442294716835 10.094070993363855 5.7478233352303496 3.8292858451604825 3.1144645810127249 42.480778306722641 2.9562647640705135 4.5231850221753112 4.5574051290750521 3.7016232237219802 3.4590495303273174 7.4109021127223977 3.8701503947377232 3.533432438969621 3.8204767182469324 5.3940163701772672 5.76268322765827 7.6524173617362976 4.3580230772495243 6.1925085783004761 8.0384665951132774 10.075352586805819 35.660568282008171 3.2127715274691617 5.0925441309809685 3.0933911129832268 3.975778989493846 4.1836343035101882 4.2774901390075728 3.4138596132397652 162.3610298037529 6.714855045080184 5.2972259521484384 8.962562978267675 4.4262382164597502 3.1303005144000045 4.5299126952886573 16.124810755252838 6.7788106873631468 8.2753831520676631 9.2720819562673586 5.1525388956069937 3.8382002040743819 5.5784350633621198 5.7825583219528189 3.2670508176088333 3.5106437131762513 5.688347801566124 5.9141716808080664 45.517351925373077 12.017527297139166 3.0768830031156513 4.1968977004289627 7.538426049053669 3.8765564411878577 4.7195440605282775 3.0799911767244339 3.1753281950950631 3.3375371024012566 3.1210775524377823 3.1707384660840034 4.3453470468521127
leaf_count=253 25813 69 37 31 28 304 23 31 25 27 20 48 21 22 29 38 46 57 23 40 49 73 267 24 45 22 30 25 31 19 1100 55 30 56 26 22 24 119 51 55 61 28 25 35 31 23 24 32 43 346 88 19 27 55 26 36 22 21 21 24 22 27
internal_value=-0.000244819 -0.00973223 -0.0184586 -0.00878331 -0.0083686 -0.0114111 -0.0040624 0.00252774 0.0071202 0.0179783 -0.00649291 0.00868393 -0.00611956 -0.00148004 -0.00778947 -0.00608259 0.000200919 0.0140283 0.0333839 0.0183402 0.0464294 -0.0190687 -0.0171003 -0.0147828 -0.0278445 -0.0125625 -0.00566408 0.00566267 -0.00586999 0.0343073 -0.00671326 -0.007202 -0.000762144 -0.0095602 0.00244152 -0.000142191 0.00249554 -0.0205227 -0.0124316 -0.00109558 0.00772079 0.0240437 0.0118021 -0.00963288 0.0027713 -0.0233254 0.00738912 0.0168604 -0.0224204 -0.0224338 -0.00505912 -0.00723673 0.00469375 -0.00688176 -0.0144923 -0.0201638 -0.0112164 0.00689083 -0.0167955 -0.0231334 -0.0100227 0.0268867
internal_weight=7147.07 625.628 61.3592 564.269 552.254 236.926 119.617 83.2495 68.6509 37.718 14.5716 10.87 30.933 27.9767 24.1065 315.327 20.2861 11.1858 23.1464 10.7499 12.3965 14.5985 117.31 81.649 12.0152 6.92268 312.213 26.468 18.8705 7.59749 285.745 281.769 75.5243 206.245 68.8094 64.3832 61.2529 43.8837 27.7589 56.723 27.9054 18.6333 13.4808 28.8176 14.628 8.84549 14.593 11.0824 14.1896 55.6114 20.9801 39.1682 14.8122 11.7353 24.356 20.4795 15.7599 6.25532 9.10022 9.50459 6.38351 9.64257
internal_count=30144 4331 452 3879 3781 1655 808 555 451 232 95 68 219 196 175 2126 146 79 137 65 72 104 847 580 98 53 2098 169 125 44 1929 1899 485 1414 430 404 382 314 195 358 171 110 82 187 89 58 94 70 98 415 144 276 101 82 175 149 113 43 67 70 46 57
cat_boundaries=0 1 2 3 4 5 6
cat_threshold=1 6 2 1 4 1
is_linear=0
shrinkage=0.04


Tree=61
num_leaves=63
num_cat=13
split_feature=7 8 2 17 5 6 0 9 8 8 16 10 14 0 15 14 0 11 9 6 9 0 14 8 10 14 9 11 16 9 6 8 0 8 9 6 6 9 8 8 8 9 0 16 8 8 14 8 9 8 8 14 8 14 0 4 10 11 11 10 6 14
split_gain=35.8164 3.05026 5.47434 2.64906 1.87489 3.62705 3.28689 1.85757 1.91358 1.72976 1.70153 1.62792 2.55725 1.64475 1.57147 3.18942 4.17874 3.10727 3.03633 7.26686 3.42543 3.02023 3.41132 3.72014 3.05922 2.76061 2.74783 3.06205 3.07701 2.73117 2.9345 2.63716 3.77087 3.987 4.35186 2.5141 2.40011 5.25437 5.79178 5.21838 4.3376 4.04868 5.30981 2.26986 4.04938 3.61913 3.10686 2.26426 2.20852 2.15746 1.86157 5.96036 2.34 4.33093 3.53163 2.21192 5.13946 2.92207 3.87995 2.97827 2.70887 3.65268
threshold=2.5000000000000004 37.500000000000007 1.0000000180025095e-35 0 1.0000000180025095e-35 3.5000000000000004 12.500000000000002 4.6500000000000012 29.500000000000004 44.500000000000007 1 1.5000000000000002 2 12.500000000000002 3 4 7.5000000000000009 2.5000000000000004 4.8500000000000005 1.0000000180025095e-35 4.7500000000000009 7.5000000000000009 5 33.500000000000007 1.5000000000000002 6 4.8500000000000005 1.0000000180025095e-35 7 4.9500000000000011 2.5000000000000004 33.500000000000007 12.500000000000002 26.500000000000004 4.9500000000000011 1.0000000180025095e-35 1.0000000180025095e-35 4.5500000000000007 23.500000000000004 25.500000000000004 34.500000000000007 4.6500000000000012 12.500000000000002 8 26.500000000000004 28.500000000000004 9 23.500000000000004 4.6500000000000012 36.500000000000007 21.500000000000004 10 35.500000000000007 11 12.500000000000002 1.0000000180025095e-35 1.0000000180025095e-35 1.5000000000000002 1.0000000180025095e-35 1.5000000000000002 3.5000000000000004 12
decision_type=2 10 2 9 2 2 8 10 10 10 9 2 9 10 1 9 10 8 8 2 10 10 9 10 2 9 8 8 9 8 2 10 10 10 10 2 2 10 10 10 10 10 10 9 8 8 9 10 8 8 10 9 10 9 10 2 2 10 10 2 2 9
left_child=1 3 4 14 5 6 10 -5 -9 -2 -3 12 13 -8 17 16 29 18 20 -20 21 22 23 -1 -24 -26 36 28 -28 30 -16 32 33 34 -29 -22 39 49 -39 -17 43 42 -41 44 -40 -46 -47 -37 -19 -38 51 -23 53 -52 -54 57 -57 58 59 -55 -60 -62
right_child=9 2 -4 7 -6 -7 11 8 -10 -11 -12 -13 -14 -15 15 26 -18 48 19 -21 35 50 24 -25 25 -27 27 31 -30 -31 -32 -33 -34 -35 -36 47 37 38 40 41 -42 -43 -44 -45 45 46 -48 -49 -50 -51 52 -53 54 55 -56 56 -58 -59 60 -61 61 -63
leaf_value=-0.001409219241784903 0.00061691507585886769 -0.0090719338851010974 0.018983331190900971 -0.047950622796958726 -0.036316254936244519 -0.0010205122340581994 0.00052792499118607011 -0.036196740960672429 0.0044262225335754699 0.020060007691513001 -0.045044312220326115 -0.03564765208962991 0.024409221806133613 -0.036355825342728874 0.0015059649661282395 -0.050532677843591223 0.020809612876928965 0.039072003559253908 -0.036374947744100543 0.0049256175636736149 0.0099176863634473332 -0.022859670403616056 0.0021598582178254861 0.05377852037899955 -0.0050552540251845189 -0.040927343842269912 -0.042193734104747728 -0.025330132677612728 -0.0079081476399176509 0.017438028026546905 -0.051133819414322733 -0.033370799445332826 -0.031099282850898059 0.014150414141564843 0.017940659931274926 -0.042902912447132992 -0.016166178043001564 0.013331343439051666 -0.025612131993153323 -0.016706533298726293 0.0084779592331063486 -0.039027400693115298 0.044294770277348273 -0.017231931499876625 0.047777452714342417 0.023352952300768032 -0.032976650752777531 -0.017640426802319722 -0.0026600258999734251 -0.049422098380573411 -0.051052478891511321 0.039279491907870043 -0.023342784799182448 -0.049881580643883136 0.027536646642537157 -0.029844623129139637 0.022972184107529312 -0.051194540706428614 -0.02099939153287397 -0.0032265587519681518 -0.021074332241702801 0.015701735408984747
leaf_weight=4.0697446689009666 6513.75133292377 2.5274301245808601 5.8126216679811469 4.3655656799674016 11.352516412734984 13.692525282502173 3.968433678150177 3.5687169134616852 3.8644077852368355 7.3293091952800742 12.554298713803293 3.6430095359683028 3.343303017318247 3.774084746837616 2.9665320217609414 6.9267682582139996 11.290890023112295 4.2109796106815311 7.5916587784886351 66.748319491744041 4.2707310467958441 5.5002697259187698 44.792632363736629 3.7597756832838058 8.8227197751402855 5.6183360293507549 13.985199250280857 14.578733287751676 5.9786108136177072 2.9441639110445985 3.9514381140470505 8.8238094821572286 9.811369836330412 13.206303901970385 4.9922726973891249 7.0365179479122153 47.966433972120285 26.834348388016224 6.0720502361655226 6.0143655538558942 19.649239912629128 4.6271674558520308 3.6800333485007286 49.072922080755234 3.6140615716576567 3.4242726266384125 2.8878606036305436 29.373784378170967 3.9157645255327234 3.338459536433219 5.2000666633248329 4.4826648384332639 3.8103139176964742 7.0775105878710729 5.1102501302957535 4.8754218965768796 7.4554787054657936 3.6762263998389235 13.304921194911001 3.1696349009871483 6.7184757590293884 12.110136076807978
leaf_count=27 25784 19 37 40 87 102 27 27 31 29 102 28 21 29 21 52 72 21 58 439 30 39 299 20 60 43 110 112 42 20 29 64 67 85 29 53 351 174 43 43 129 35 21 348 22 22 21 207 23 27 38 27 28 55 31 35 46 27 91 21 47 77
internal_value=-0.000235877 -0.00940856 -0.0179289 -0.00848738 -0.0218402 -0.0180625 -0.0258902 -0.0272405 -0.0150773 0.000638768 -0.039016 -0.0124499 -0.00482666 -0.017451 -0.0080846 -0.0103581 0.00419396 -0.00520754 -0.00614683 0.00070797 -0.00882553 -0.00602611 0.000278261 0.0250922 -0.00300165 -0.0190114 -0.0119683 -0.0186307 -0.0319261 -0.0148289 -0.0285611 -0.0134681 -0.00934447 -0.00283251 -0.0142924 -0.019117 -0.00938539 -0.00773573 -0.00286326 -0.0220294 -0.00799274 -0.00824346 0.00644981 -0.0129663 0.000117976 0.0158576 -0.00241837 -0.0225226 0.018964 -0.0183302 -0.0111514 0.00504285 -0.013381 -0.0160724 0.0058041 -0.0129571 0.00208934 -0.0169855 -0.0140181 -0.0354503 -0.00718354 0.0025792
internal_weight=7142.89 621.807 60.6682 561.138 54.8556 43.5031 29.8106 11.7987 7.43312 6521.08 15.0817 14.7288 11.0858 7.74252 549.34 276.637 21.153 272.702 264.576 74.34 190.236 149.555 67.0632 7.82952 59.2337 14.4411 255.484 71.3763 19.9638 9.86213 6.91797 51.4125 42.5887 32.7773 19.571 40.681 184.108 162.86 111.555 21.2483 84.7204 14.3216 9.6944 65.0712 15.9982 9.92619 6.31213 36.4103 8.12674 51.3049 82.4914 9.98293 72.5084 63.5879 8.92056 58.3878 12.3309 46.0569 42.3807 10.2471 32.1335 18.8286
internal_count=30144 4331 452 3879 415 328 226 98 58 25813 121 105 77 56 3781 1939 142 1842 1798 497 1301 1011 449 47 402 103 1797 509 152 70 50 357 293 226 141 290 1288 1137 759 151 585 99 64 456 108 65 43 260 44 378 562 66 496 437 59 399 81 318 291 76 215 124
cat_boundaries=0 1 2 3 4 5 6 7 8 9 10 11 12 13
cat_threshold=1 4 4 6 2 2 8 1 4 4 4 2 8
is_linear=0
shrinkage=0.04


Tree=62
num_leaves=63
num_cat=12
split_feature=7 8 2 17 1 1 15 8 1 1 2 10 8 0 0 8 12 11 3 5 10 14 5 0 0 1 1 8 0 15 11 0 8 1 1 14 0 0 8 1 4 0 14 14 11 0 11 11 8 4 10 8 14 1 0 1 14 8 5 16 14 10
split_gain=33.2439 2.8783 5.114 2.51371 2.36279 2.27533 4.86326 7.53644 4.7393 5.77429 8.04834 5.86655 5.15739 3.52014 3.26279 5.50445 3.04704 3.53689 5.31764 4.42641 3.16015 3.93288 5.07687 3.23279 2.73607 3.39628 2.70344 4.41377 3.21329 3.00141 6.78185 3.61863 6.81786 3.9502 2.97943 6.93772 4.9765 3.63577 2.81231 3.38032 6.72915 2.59313 4.0158 2.78074 2.43765 2.45096 2.41845 2.39088 2.37936 2.11443 4.02826 2.10635 3.34407 2.07568 1.99555 1.86403 5.45384 2.49346 2.9293 1.84249 2.43774 2.83155
threshold=2.5000000000000004 37.500000000000007 1.0000000180025095e-35 0 19.500000000000004 17.500000000000004 1 25.500000000000004 16.500000000000004 8.5000000000000018 1.0000000180025095e-35 1.0000000180025095e-35 29.500000000000004 1.0000000180025095e-35 7.5000000000000009 31.500000000000004 2 1.0000000180025095e-35 1.0000000180025095e-35 1.0000000180025095e-35 1.0000000180025095e-35 3 1.0000000180025095e-35 12.500000000000002 1.0000000180025095e-35 9.5000000000000018 18.500000000000004 25.500000000000004 12.500000000000002 4 1.0000000180025095e-35 7.5000000000000009 34.500000000000007 19.500000000000004 19.500000000000004 5 7.5000000000000009 7.5000000000000009 22.500000000000004 20.500000000000004 1.0000000180025095e-35 7.5000000000000009 6 7 1.0000000180025095e-35 12.500000000000002 1.5000000000000002 1.0000000180025095e-35 29.500000000000004 1.0000000180025095e-35 1.0000000180025095e-35 21.500000000000004 8 8.5000000000000018 7.5000000000000009 22.500000000000004 9 34.500000000000007 1.0000000180025095e-35 10 11 1.0000000180025095e-35
decision_type=2 10 2 9 2 2 1 8 2 2 2 2 8 10 10 10 1 10 2 2 2 9 2 8 10 2 2 10 8 1 8 8 8 2 2 9 10 10 10 2 2 10 9 9 10 8 10 10 10 2 2 8 9 2 10 2 9 10 2 9 9 2
left_child=1 3 53 5 54 6 7 24 9 13 14 -12 -13 -9 -11 -16 17 20 19 -19 -7 -22 23 -23 25 -1 27 28 -18 30 -28 32 33 -31 35 37 49 -32 -38 -40 -41 42 -29 -43 -10 -46 51 -45 -35 -36 -51 52 -8 -3 -5 57 -57 -33 -59 60 61 -20
right_child=-2 2 -4 4 -6 16 46 8 44 10 11 12 -14 -15 15 -17 26 18 59 -21 21 22 -24 -25 -26 -27 29 41 -30 31 34 55 -34 48 36 -37 38 -39 39 40 -42 43 -44 47 45 -47 -48 -49 -50 50 -52 -53 -54 -55 -56 56 -58 58 -60 -61 -62 -63
leaf_value=-0.016194923316419575 0.00061325695415237382 -0.004792948293920709 0.018029435913063351 -0.033632743166269297 -0.047979432831465489 -0.023140432966215287 -0.018639205030324187 -0.00043952540033034788 0.0059816062030540098 0.047623775890174164 -0.050496699565603265 0.048148194062387913 -0.010620119349764812 -0.038935671523449858 -0.013004093490237281 0.040789155158164253 0.041159864331539578 -0.046287448624811108 -0.0034664946813668467 -0.0038385654341702149 -0.011657040128490009 0.057867403890649635 -0.02057469252350435 0.010590052988938762 -0.027245282788773202 0.033056050943086564 -0.017317173933113106 -0.0068742408105439273 0.00038105726344102124 -0.018601919526272263 0.078069887489720532 -0.022483359947154318 -0.039866988267180069 0.011279326974786149 -0.027581943636323533 -0.01512084825686355 -0.021117589553711125 0.024194213245769602 -0.0083006723774901106 0.052664307411037913 0.0064835269311176204 -0.039165470809914678 0.046711771963065633 -0.032894102230367199 -0.049502310228871735 -0.0096418327274022438 -0.049655788665911686 0.0088562998496377211 0.044188813354652058 -0.028391355880474894 0.023060773309870008 -0.018470327645601321 0.025924396243751244 -0.024992335411400717 0.0098478385163186088 -0.027517977422237442 0.023790906550007488 -0.017416326868302794 0.033582918159057486 -0.027048092194179141 0.0048850131127643713 -0.0307913492293907
leaf_weight=8.8625755161046964 6520.6969791948795 9.9804310724139196 5.8740539774298659 3.2965062186121923 4.8347702622413635 7.5512832179665592 6.4764401391148567 26.366228416562084 4.5135697498917571 11.03508421033621 3.5871968418359748 3.5399265438318226 7.3503409177064905 4.4406302347779265 5.3255588486790639 7.1027040779590607 8.2444962561130488 14.28058046847582 14.814591348171236 5.4229735434055319 10.334745928645134 5.1711276248097393 3.3653822317719468 4.1885967031121263 23.902913488447666 2.9980794042348853 22.655602440237999 5.7541801407933235 4.9468018412590036 4.9202347546815934 3.524483397603035 43.08075112849474 4.8943039104342452 10.32065177708864 8.3127439245581627 4.3453103303909275 3.2886720821261433 4.6460873782634735 6.0255529507994678 8.6555102318525314 12.114254176616669 4.4958882331848145 3.6614835634827632 2.9673399403691265 4.9192857891321156 4.9534371495246896 3.6674344614148131 8.4273283258080482 5.3306677341461173 4.4395682364702225 5.3909921050071716 100.43770139664412 4.6134430766105634 44.131117440760136 3.4630206748843193 6.6421109884977341 6.6165349110960943 4.6410455703735343 2.9457802549004555 8.5647532939910871 17.220826774835587 10.27701549977064
leaf_count=62 25813 69 37 27 45 56 47 186 31 60 27 20 48 33 36 41 50 111 98 37 72 32 24 29 173 18 159 40 33 37 19 305 38 64 57 31 22 28 42 48 76 33 23 22 39 34 29 54 33 31 33 742 29 346 26 48 39 34 17 61 114 76
internal_value=-0.000227175 -0.00909262 -0.0174187 -0.00819783 -0.0266283 -0.00780687 -0.0107887 -0.00377976 0.00250757 0.00687648 0.0173225 -0.00613105 0.00848276 -0.00598852 0.0317939 0.0177385 -0.00557309 -0.0109542 -0.0169616 -0.0346043 -0.000681354 0.0066732 0.0215602 0.0367102 -0.0194518 -0.0037455 -0.00236552 0.00710824 0.0258676 -0.00461315 0.00121454 -0.00916117 0.00256496 0.0126602 0.00832633 0.0257161 0.00381336 0.0474342 0.0137919 0.0180764 0.0257287 -0.0026704 0.0139638 -0.0125267 -0.0183701 -0.0295031 -0.0162813 -0.00201612 0.0224879 -0.0127323 -0.000175465 -0.0166437 -0.000100539 -0.0212667 -0.0113569 -0.0152655 -0.00191302 -0.0187596 0.00238544 -0.010129 -0.00670427 -0.0146582
internal_weight=7138.85 618.153 59.9856 558.167 11.5943 546.573 234.093 118.898 83.134 68.7477 37.9408 14.4775 10.8903 30.8069 23.4633 12.4283 312.48 101.192 70.5807 19.7036 30.6111 23.0599 12.7251 9.35972 35.7636 11.8607 211.288 38.4975 13.1913 172.791 83.3988 89.3921 25.4659 20.5716 60.7432 12.5159 48.2273 8.17057 30.084 26.7953 20.7698 25.3062 9.41566 15.8906 14.3863 9.87272 115.195 11.3947 15.6513 18.1433 9.83056 111.528 11.0899 54.1115 6.75953 63.9262 13.2586 50.6676 7.58683 50.8772 42.3124 25.0916
internal_count=30144 4331 452 3879 98 3781 1655 808 555 451 232 95 68 219 137 77 2126 710 497 148 213 157 85 61 253 80 1416 255 83 1161 546 615 172 134 387 78 309 47 188 166 124 172 63 109 104 73 847 76 97 121 64 818 76 415 53 443 87 356 51 349 288 174
cat_boundaries=0 1 2 3 4 5 6 7 8 9 10 11 12
cat_threshold=1 6 6 8 3 4 4 8 4 4 1 4
is_linear=0
shrinkage=0.04


Tree=63
num_leaves=63
num_cat=7
split_feature=7 8 2 17 1 6 1 15 8 1 1 2 10 8 9 9 1 0 8 9 12 11 3 5 10 14 5 8 9 15 14 1 0 6 10 6 6 1 9 10 8 9 0 1 5 8 14 0 1 8 1 6 9 9 11 11 0 9 8 0 8 9
split_gain=30.8616 2.70951 4.77561 2.3858 2.31185 2.70246 2.12796 4.56116 7.03009 4.39487 5.27159 7.26225 5.5682 4.78626 3.76363 3.91633 4.71373 2.87188 4.95341 4.60376 2.83827 3.31703 5.09601 4.3024 2.94187 3.58702 4.57757 2.97292 2.81401 6.88337 6.99318 4.51706 5.9871 5.52031 2.78281 3.83687 2.7605 6.0563 6.12129 4.29033 5.06001 2.62025 2.59669 3.10858 2.5905 6.59661 4.92869 4.24875 5.34966 3.5544 2.68091 2.52911 2.39339 2.39071 2.35171 2.30694 2.3915 2.30433 4.4804 3.7989 2.60191 2.29555
threshold=2.5000000000000004 37.500000000000007 1.0000000180025095e-35 0 19.500000000000004 3.5000000000000004 17.500000000000004 1 25.500000000000004 16.500000000000004 8.5000000000000018 1.0000000180025095e-35 1.0000000180025095e-35 32.500000000000007 4.4500000000000011 4.6500000000000012 -1.0000000180025095e-35 7.5000000000000009 31.500000000000004 4.6500000000000012 2 1.0000000180025095e-35 1.0000000180025095e-35 1.0000000180025095e-35 1.0000000180025095e-35 3 1.0000000180025095e-35 29.500000000000004 4.5500000000000007 4 5 19.500000000000004 7.5000000000000009 2.5000000000000004 1.5000000000000002 2.5000000000000004 1.0000000180025095e-35 21.500000000000004 4.6500000000000012 1.5000000000000002 23.500000000000004 4.7500000000000009 1.0000000180025095e-35 9.5000000000000018 1.0000000180025095e-35 33.500000000000007 6 7.5000000000000009 20.500000000000004 33.500000000000007 20.500000000000004 2.5000000000000004 4.8500000000000005 4.3500000000000005 1.5000000000000002 1.0000000180025095e-35 12.500000000000002 4.7500000000000009 34.500000000000007 7.5000000000000009 31.500000000000004 4.8500000000000005
decision_type=2 10 2 9 2 2 2 1 8 2 2 2 2 10 8 8 2 10 10 8 1 10 2 2 2 9 2 10 10 1 9 2 10 2 2 2 2 2 10 2 10 10 10 2 2 8 9 8 2 10 2 2 10 10 10 10 8 10 10 10 10 8
left_child=1 3 -3 6 5 -5 7 8 42 10 14 17 -13 -14 -10 -16 34 19 -19 -12 21 24 23 -23 -8 41 27 -27 29 31 -31 -22 -33 -34 35 -17 37 38 -30 44 -41 -26 43 -1 49 46 -46 -48 -49 -38 -51 52 -42 -35 61 -11 -57 60 59 -59 -53 -9
right_child=-2 2 -4 4 -6 -7 20 54 9 55 11 12 13 -15 15 16 -18 18 -20 -21 28 22 -24 -25 25 26 -28 -29 36 30 -32 32 33 53 -36 -37 39 -39 -40 40 51 -43 -44 -45 45 -47 47 48 -50 50 -52 57 -54 -55 -56 56 -58 58 -60 -61 -62 -63
leaf_value=-0.015696451852139245 0.00058875759927577871 -0.020695446654120663 0.017134723153932715 -0.034316353449720005 -0.047616332984786826 0.016630830389413979 -0.022531460640551476 -0.012360690785648887 -0.049482916167096741 0.0057220409867286973 0.080973434365052624 -0.049984401402582757 0.028369839714108402 -0.026448341756959592 0.035717590714856751 0.047268056126863363 -0.049369125304737749 -0.012577143330934806 0.038333722519108653 0.026697556393028711 0.033169924108809389 -0.045741953370559744 -0.0097850364442131927 -0.0036932817395893816 0.0045268003196598768 0.012418140608315795 -0.019992390455346228 0.057039691139183522 0.014531767911180419 0.026935979012478486 -0.036274725196182633 -0.034045734550651213 0.044187946177664507 -0.034233145212211248 -0.016424580187449463 -0.0026872850835173178 -0.0032223171848731308 0.015900585270267727 -0.044409734502040908 0.0372709116154048 0.0039367447895214507 -0.037123066243534592 -0.02658332629805113 0.0311729066250571 -0.040907005749192704 0.040977195833762747 0.031523891909412717 -0.040329363639316877 0.014408818365857359 -0.0079159270503762844 -0.049896249017422324 0.029472542857050671 0.042436633159992326 0.014840914339293297 -0.049191983680806239 -0.049045269230254575 -0.0093085239193765063 0.001531344979651978 0.03183652396823497 -0.043664515567887641 -0.0096904661316367241 -0.024936726979529391
leaf_weight=8.7799675688147527 6520.3611722737551 53.397749863564968 5.9323179498314849 3.6382488980889303 4.6799008324742317 3.0728244185447693 7.4472981095314053 77.193003110587597 2.8582477793097523 4.5292558670043919 3.7395383417606363 3.4811478257179251 6.8923090696334821 4.0434357151389122 3.9305630177259472 3.6277007237076848 3.6266171336173967 5.2868885174393636 7.2521698847413063 7.5463223233819017 7.8795442506670978 13.880943089723589 50.578529849648476 5.411092482507228 6.3732951879501343 4.8290688097476941 3.3256838917732248 4.7279620096087456 3.8748112395405796 3.1874614357948303 23.058359026908878 6.4468471780419376 5.2911267727613431 3.3672301843762398 9.0131511688232404 7.6423608660697937 50.785067737102509 7.5883912891149512 10.347886458039282 10.109577305614946 5.5109453275799734 3.8930039629340172 23.525928147137165 3.0509033501148215 4.5134062841534615 6.9766539931297293 6.566812179982672 4.9390677735209447 6.7756922394037247 4.71330428868532 5.0329527407884598 6.2588445097208041 4.8635840266942978 3.0065411403775215 3.5561807528138152 4.769548460841178 4.9261375442147264 5.5733726993203145 3.032803736627101 6.3841500952839851 4.7928745523095131 33.215913489460945
leaf_count=62 25813 415 37 31 45 22 56 560 23 31 18 27 40 28 21 22 29 36 41 42 51 111 349 37 43 32 24 29 25 20 183 50 32 27 67 57 338 49 82 57 36 29 173 18 31 38 37 36 40 32 39 38 29 18 29 39 34 34 18 45 31 258
internal_value=-0.000218884 -0.0087879 -0.0169129 -0.00791968 -0.0260371 -0.010989 -0.0075402 -0.0104357 -0.00364752 0.00239666 0.00657352 0.0164838 -0.00592441 0.0081011 -0.00577182 -0.0012842 -0.00736697 0.0300433 0.016868 0.0446817 -0.00537804 -0.0105927 -0.0164567 -0.033948 -0.000663705 0.0063714 0.0204275 0.0344929 -0.00228305 -0.0104437 -0.020708 0.00569663 -0.0031104 0.0139867 0.000142972 0.0133928 0.000260176 -0.0129558 -0.0283518 0.00236685 0.0122346 -0.0112669 -0.0188961 -0.00360995 -0.00271725 0.00694304 -0.00347349 0.0057682 -0.00866938 -0.00746855 -0.0295945 0.0052843 0.0219855 -0.0110847 -0.0157899 -0.0178463 -0.028856 -0.00136907 -0.0115856 -0.0225988 0.0124885 -0.0161441
internal_weight=7134.91 614.553 59.3301 555.222 11.391 6.71107 543.831 232.487 118.522 83.1654 68.9405 38.2418 14.4169 10.9357 30.6986 27.8404 23.9098 23.8249 12.5391 11.2859 311.344 100.467 69.8706 19.292 30.5963 23.149 12.8827 9.55703 210.877 52.2371 26.2458 25.9913 18.1117 11.6649 20.2832 11.2701 158.64 21.8111 14.2227 136.829 46.5262 10.2663 35.3568 11.8309 90.303 29.7716 22.795 18.2816 11.7148 60.5313 9.74626 36.4166 10.3745 6.37377 113.965 14.2249 9.69569 26.042 14.9903 11.9575 11.0517 110.409
internal_count=30144 4331 452 3879 98 53 3781 1655 808 555 451 232 95 68 219 196 175 137 77 60 2126 710 497 148 213 157 85 61 1416 381 203 178 127 77 146 79 1035 156 107 879 288 72 253 80 591 182 144 113 76 409 71 231 65 45 847 104 73 166 97 79 69 818
cat_boundaries=0 1 2 3 4 5 6 7
cat_threshold=1 6 6 8 3 2 8
is_linear=0
shrinkage=0.04


Tree=64
num_leaves=63
num_cat=8
split_feature=7 8 5 1 16 1 14 0 17 1 1 15 8 1 1 1 0 0 9 14 0 5 0 1 0 11 9 10 11 8 14 8 8 1 9 1 11 0 8 10 0 5 0 1 8 8 8 0 0 1 14 9 16 8 9 1 5 9 8 8 9 1
split_gain=28.6575 2.54637 2.8275 3.25594 3.85474 4.2232 3.76901 3.79921 2.26474 2.26093 1.99028 4.26916 6.55416 4.07556 4.82162 3.4523 7.36992 6.04901 3.61107 3.23466 3.19073 2.66163 2.4633 2.8479 2.44982 2.28799 2.18997 2.64864 4.26942 4.58462 2.34485 3.14181 3.26179 3.90424 3.08407 2.71982 2.18312 2.33458 2.1635 2.55357 4.51563 4.00453 3.32714 2.64858 2.27945 2.04638 2.01585 1.88372 1.85455 3.27269 1.84816 5.01014 6.42254 3.56466 2.38547 4.98549 2.12116 4.34997 3.66566 3.26313 3.53804 2.06173
threshold=2.5000000000000004 37.500000000000007 1.0000000180025095e-35 13.500000000000002 0 10.500000000000002 1 1.0000000180025095e-35 2 19.500000000000004 17.500000000000004 3 25.500000000000004 16.500000000000004 8.5000000000000018 10.500000000000002 7.5000000000000009 7.5000000000000009 4.8500000000000005 4 1.0000000180025095e-35 1.0000000180025095e-35 1.0000000180025095e-35 9.5000000000000018 12.500000000000002 1.5000000000000002 4.8500000000000005 1.0000000180025095e-35 1.0000000180025095e-35 30.500000000000004 5 21.500000000000004 34.500000000000007 13.500000000000002 4.6500000000000012 10.500000000000002 1.0000000180025095e-35 12.500000000000002 33.500000000000007 1.0000000180025095e-35 7.5000000000000009 1.0000000180025095e-35 12.500000000000002 15.500000000000002 29.500000000000004 27.500000000000004 23.500000000000004 7.5000000000000009 7.5000000000000009 19.500000000000004 6 4.8500000000000005 7 30.500000000000004 4.7500000000000009 20.500000000000004 1.0000000180025095e-35 4.2500000000000009 36.500000000000007 33.500000000000007 4.7500000000000009 22.500000000000004
decision_type=2 10 2 2 9 2 9 10 9 2 2 1 8 2 2 2 8 8 10 9 10 2 10 2 8 10 8 2 10 8 9 10 10 2 10 2 10 8 10 2 10 2 10 2 10 10 10 10 10 2 9 10 9 10 8 2 2 10 8 10 8 2
left_child=1 8 3 4 -3 6 7 -6 10 47 11 12 22 14 20 17 -17 -16 21 -19 -14 -18 23 -1 -21 26 30 28 -28 -30 38 -32 34 -34 -33 45 -15 -38 39 41 -41 43 -42 44 46 -36 -13 -10 -4 -50 51 52 54 -53 55 -12 59 -58 -59 -52 61 -61
right_child=-2 2 48 -5 5 -7 -8 -9 9 -11 50 25 13 36 15 16 18 19 -20 24 -22 -23 -24 -25 -26 -27 27 -29 29 -31 31 32 33 -35 35 -37 37 -39 -40 40 42 -43 -44 -45 -46 -47 -48 -49 49 -51 56 53 -54 -55 -56 -57 57 58 -60 60 -62 -63
leaf_value=-0.015210120009874794 0.00056523595102010097 -0.035662236504254548 -0.049267997511744807 -0.019655880220827399 0.048596595693495025 0.050070173708764383 -0.03538558993602383 -0.014993792083266325 -0.032783232085728559 -0.04727209667282143 -0.01274884127725855 -0.020644099390254186 -0.00038489395051487533 0.0054746413663206298 0.054802224049401896 -0.033865195223946161 -0.0060410690336425241 0.038832135612766869 0.049919405928532605 0.015575050554805169 -0.037747037029283372 0.036574778498929782 -0.025933268221627705 0.029437621800744267 -0.035128609303641416 -0.048754379173158988 -0.04910606734297996 -0.031542036806374921 -0.021178087374382343 0.044989967182245003 0.027435216229749582 -0.036533275538675483 0.041422867234173141 -0.018119737815987139 -0.049654207209054127 0.016705017981889711 -0.048614074221867191 -0.0089852521686251807 -0.034289075083551793 -0.049292209107842828 0.023578005358770131 -0.038670654006201802 -0.033223552362246528 0.027432505329719727 -0.03448608236712894 -0.0016745501763924221 0.017779778344734102 0.0097956034830469739 0.0072043746604141092 -0.049435839367055472 -0.0056280388738768053 0.0069497336204448548 -0.050432791472678547 0.061383064882551047 -0.022491157072023503 0.040535647268092875 -0.028552895201507084 0.00035506121278687216 0.037678301864820116 -0.005214120161098186 -0.03317070200687576 -0.036630866383413396
leaf_weight=8.6999243348836881 6520.0376585423946 3.3431351482868195 6.0139182358980161 29.889532327651978 3.0747117102146149 3.4955614060163489 3.3591798096895236 2.9412305504083633 3.1966150775551778 4.5284791588783264 5.3793460726737958 3.4336643368005806 26.311414375901226 4.5442627146840069 7.8853397816419628 5.7338254675269154 7.6435993239283544 3.3685725331306458 4.3927713036537162 3.0222754478454572 4.2475801333785048 3.3826380670070648 23.158550269901752 3.1004670709371558 3.0768894925713539 3.4467865973711005 2.6753019019961339 23.319533169269562 3.482688881456852 3.2286559492349625 4.5138526335358646 7.8636931702494683 3.883171170949935 3.2255774512887001 2.5480930805206281 5.3602391853928566 4.6223534122109404 4.8997812196612367 9.8446056544780713 6.9751446768641454 3.5032439231872559 4.4957961663603774 3.1188699677586555 5.2544942349195471 3.3780984655022612 3.2192135825753212 6.0055516809225082 3.4639217928051949 3.590855710208416 2.9923853352665901 163.23461794108152 4.1889699324965468 4.1140508279204413 3.5614485591650009 3.5582667812705049 5.8809170126914978 7.8885665088891974 63.76324512809515 4.5079665482044211 24.570151075720791 15.644946627318857 3.8683739677071562
leaf_count=62 25813 24 49 243 19 20 25 22 27 45 38 25 186 31 40 40 50 20 23 19 33 19 173 18 21 29 22 189 25 22 28 61 25 24 20 37 39 34 75 56 25 34 24 35 26 24 41 26 26 24 1130 25 31 19 25 32 69 404 26 175 122 30
internal_value=-0.000210959 -0.00849494 -0.0164156 -0.0118267 0.00260601 0.0125461 -0.00144491 0.0175069 -0.00765297 -0.0254656 -0.00728459 -0.0100966 -0.00352387 0.00228867 0.00628566 0.015701 0.00485283 0.0289245 0.0192508 0.00737178 -0.00557808 0.00703266 -0.0183539 -0.00347925 -0.0100038 -0.0153091 -0.015655 -0.0243201 -0.00637854 0.0106537 -0.0119563 -0.00337801 -0.00870699 0.0144056 -0.0173584 -0.00380779 -0.0173363 -0.0282224 -0.0176642 -0.0131386 -0.0268319 -0.00488826 -0.00317428 0.00351592 -0.00628875 -0.0228728 0.00380248 -0.0106394 -0.0332103 -0.0185412 -0.00519146 0.00487271 -0.00621713 0.0319628 0.00605842 0.0150801 -0.00613878 -0.000430004 0.00281952 -0.00823593 -0.0178926 -0.00948761
internal_weight=7130.95 610.917 58.7005 46.1034 16.2138 12.8707 9.37512 6.01594 552.216 11.189 541.027 230.867 118.09 83.1313 69.0649 38.5059 21.1528 17.3531 15.419 9.46774 30.559 11.0262 34.9589 11.8004 6.09916 112.776 109.329 32.7062 9.38665 6.71134 76.6233 30.6138 26.1 7.10875 18.9912 11.1275 14.0664 9.52213 46.0095 36.1649 13.5973 22.5676 6.62211 18.0718 12.8173 5.76731 9.43922 6.66054 12.5972 6.58324 310.161 26.683 18.9326 7.75042 14.8185 11.2603 283.478 76.1598 68.2712 207.318 44.0835 28.4385
internal_count=30144 4331 452 353 110 86 66 41 3879 98 3781 1655 808 555 451 232 132 100 92 60 219 69 253 80 40 847 818 258 69 47 560 219 191 49 142 81 104 73 341 266 105 161 49 127 92 44 66 53 99 50 2126 170 126 44 95 70 1956 499 430 1457 327 205
cat_boundaries=0 1 2 3 4 5 6 7 8
cat_threshold=4 4 1 6 8 4 2 1
is_linear=0
shrinkage=0.04


Tree=65
num_leaves=63
num_cat=12
split_feature=7 8 8 9 13 15 8 9 7 12 9 10 7 10 1 0 9 0 12 1 8 12 9 8 9 1 0 14 15 9 12 8 8 13 4 9 10 1 8 12 1 1 1 9 5 9 8 0 1 9 10 9 17 9 1 1 9 12 5 9 2 3
split_gain=32.6551 2.05589 2.62026 3.13821 2.82785 6.3079 4.74652 3.086 4.68646 3.01132 6.21036 4.77913 2.92218 6.54348 2.97251 5.21194 5.02207 2.91589 5.19478 3.32731 3.70921 2.78625 4.33775 2.943 5.33964 2.61396 2.5386 4.59371 2.33942 3.87272 3.96687 4.83528 4.68555 4.09399 2.94563 4.04164 10.6434 3.49483 2.82785 4.79691 4.36562 5.83954 5.19976 4.92273 3.96411 4.14143 4.81536 3.90572 6.08096 4.94608 3.28907 5.11516 3.09526 3.24674 5.9894 4.85133 3.38437 3.10053 6.54304 3.78975 5.64685 6.66033
threshold=2.5000000000000004 21.500000000000004 26.500000000000004 3.4500000000000006 0 1 24.500000000000004 4.1500000000000012 3.5000000000000004 2 4.7500000000000009 1.0000000180025095e-35 3.5000000000000004 1.5000000000000002 17.500000000000004 1.0000000180025095e-35 4.7500000000000009 12.500000000000002 3 15.500000000000002 23.500000000000004 4 4.6500000000000012 23.500000000000004 4.7500000000000009 17.500000000000004 12.500000000000002 5 6 3.9500000000000006 7 25.500000000000004 22.500000000000004 8 1.0000000180025095e-35 4.7500000000000009 1.0000000180025095e-35 11.500000000000002 24.500000000000004 9 19.500000000000004 22.500000000000004 11.500000000000002 4.3500000000000005 1.0000000180025095e-35 4.8500000000000005 25.500000000000004 12.500000000000002 21.500000000000004 4.5500000000000007 1.0000000180025095e-35 4.7500000000000009 10 4.3500000000000005 20.500000000000004 9.5000000000000018 3.9500000000000006 11 1.0000000180025095e-35 4.8500000000000005 1.0000000180025095e-35 1.0000000180025095e-35
decision_type=2 8 10 10 9 1 8 10 2 1 10 2 2 2 2 10 10 8 1 2 8 1 10 10 10 2 8 9 1 8 1 10 8 9 2 10 2 2 10 1 2 2 2 10 2 10 10 8 2 10 2 10 9 8 2 2 10 1 2 8 2 2
left_child=-1 -2 4 26 5 6 9 8 -7 -3 11 -11 17 14 15 -14 -16 19 -19 20 -9 23 -23 -21 25 -25 -4 -28 29 -6 31 -31 34 -34 35 36 -32 -37 52 -40 42 47 44 -44 -41 46 -46 -42 49 -49 -45 -52 -30 54 55 -54 -56 58 -55 60 61 -60
right_child=1 2 3 -5 28 7 -8 12 -10 10 -12 -13 13 -15 16 -17 -18 18 -20 21 -22 22 -24 24 -26 -27 27 -29 38 30 32 -33 33 -35 -36 37 -38 -39 39 40 41 -43 43 50 45 -47 -48 48 -50 -51 51 -53 53 57 56 -57 -58 -59 59 -61 -62 -63
leaf_value=-0.0088521085024832451 0.0030545289445687231 0.0083914474993542557 0.034231666583554081 0.0011137737485208117 -0.039632871283578223 0.020979416600221807 -0.015318297024699999 0.046803897256964842 -0.018733962954616549 -0.0028849037657250362 0.0093448790155590249 -0.048537083406569981 0.021634492739582414 0.03368797211695939 -0.0085730519180507864 -0.021605840515955838 0.042736345942979204 0.0074206568893797203 -0.0097648928911941088 0.0082618710662572797 0.0032229574860466472 0.023469387271383237 0.0022429101458715729 -0.056155133962116591 0.0025542331631457182 -0.015888682305603283 0.034951192718798818 -0.013461929511060396 -0.025438203163723593 -0.0070227994542883618 0.038774484593378421 -0.029893609864960622 -0.010125666273638083 0.0012565232509933533 -0.006433108774532628 0.052337366866296399 -0.031832929688327398 0.015417892025358242 -0.0043149992548255486 0.01177019518269997 0.022957532993676071 -0.0055450755434873879 -0.046710135123253567 0.0098169157795346389 -0.045955934285541969 0.020038328194907251 -0.0013144865393770425 -0.016278243812431856 -0.020515161269528567 0.025706905651043121 -0.032601114742723085 0.0049417996987943351 0.020727037868801718 0.0048131204688218309 -0.0010282954075310751 -0.011508659889891845 0.03451272592401429 -0.0048097059633477202 -0.051280705722415332 -0.0012817180298651568 0.019349588127479486 -0.0097122680766428601
leaf_weight=604.8368599191308 619.7476586997509 32.307508870959282 8.0536569356918353 4078.9352449774742 4.9133147597312918 34.995376065373421 49.859813213348389 6.3868551105260822 5.5018121749162665 6.7634764313697842 14.267956405878065 8.0190999805927259 6.698667764663699 15.882324188947676 5.9215304851531965 13.346040010452269 6.2988027930259705 38.598340809345245 60.437266498804092 13.95664422214031 6.1177346259355554 22.148468628525734 50.584010750055313 5.2427871674299258 12.467546701431273 5.0777526795864105 5.1900237500667572 7.9230693429708463 8.9043733328580856 91.184161573648453 6.5025082528591174 17.653843641281128 73.476768061518669 128.67191360890865 10.867377042770384 7.0796986520290401 7.1960535198450089 9.7549105882644636 110.75283615291119 59.698233440518379 53.6767438352108 25.552788913249969 5.3563697785139075 13.764122471213339 6.2778553217649504 6.1527393460273734 10.063510045409203 5.8015740811824825 10.035519734025 19.849561154842377 12.277816221117975 11.016925767064093 10.424547538161276 186.13843803107738 5.9948385506868389 26.353484302759171 15.046274483203886 369.05532386898994 11.011147633194927 37.588308736681938 4.8035211116075507 14.019170224666595
leaf_count=4314 2436 124 29 16119 22 131 206 22 23 27 55 36 25 57 24 56 22 149 247 54 24 82 199 24 49 21 20 33 38 369 23 76 301 509 44 24 31 37 445 229 199 104 24 53 28 23 40 24 42 73 53 43 39 728 24 108 54 1485 50 150 18 57
internal_value=3.99493e-05 0.000862607 0.000633059 0.00119349 -0.000631015 0.0022136 -0.00564397 0.00512399 0.0155841 0.00129759 -0.00705249 -0.0276498 0.00374058 0.0126702 0.00232425 -0.00715551 0.0178737 0.00179532 -0.00330367 0.00593513 0.0254824 0.00370243 0.00765439 -0.00487617 -0.0150624 -0.0363439 0.0165556 0.00569947 -0.00149323 -0.00424656 -0.00387368 -0.00982939 -0.000776699 -0.00331941 0.0114511 0.0178165 0.00168338 0.0309442 -0.000515509 0.00240613 0.00546585 0.0113173 0.000508114 -0.0108664 0.00637794 -0.00793285 -0.0184644 0.016139 0.00588318 0.016211 -0.00568571 -0.0148457 -0.00200757 -0.00170095 0.00736608 -0.00237161 0.0243867 -0.00254296 0.000910067 -0.00973046 -0.0203752 -0.0279987
internal_weight=7142.48 6537.65 5917.9 4100.1 1817.8 420.88 111.218 309.662 40.4972 61.358 29.0505 14.7826 269.165 48.1474 32.265 20.0447 12.2203 221.017 99.0356 121.982 12.5046 109.477 72.7325 36.7447 22.7881 10.3205 21.1668 13.1131 1396.92 357.301 352.387 108.838 243.549 202.149 41.4005 30.5332 13.6986 16.8346 1039.62 350.277 239.524 114.916 124.608 42.4152 82.1923 22.4941 16.3414 89.3634 35.6867 25.6511 37.0589 23.2947 689.339 680.435 57.8191 36.778 21.0411 622.616 253.561 67.4221 29.8338 25.0303
internal_count=30175 25861 23425 16201 7224 1657 448 1209 154 242 118 63 1055 184 127 81 46 871 396 475 46 429 281 148 94 45 82 53 5567 1436 1414 445 969 810 159 115 54 61 4131 1380 935 442 493 173 320 91 68 338 139 97 149 96 2751 2713 225 147 78 2488 1003 275 125 107
cat_boundaries=0 1 2 3 4 5 6 7 8 9 10 11 12
cat_threshold=8 2 35 40 3 2 8 34 2 20 2 70
is_linear=0
shrinkage=0.04


Tree=66
num_leaves=63
num_cat=13
split_feature=7 8 8 13 9 15 8 9 6 6 14 12 6 8 14 11 10 0 6 1 9 0 0 6 0 6 14 6 6 9 10 1 1 0 14 6 16 12 11 6 1 0 5 9 6 1 12 0 0 14 1 3 14 9 9 11 16 6 0 0 10 11
split_gain=30.238 1.89668 2.47757 4.81086 3.39366 3.05075 3.95519 5.42811 5.42725 4.52907 5.10481 5.04941 3.36889 3.98991 3.37931 3.17856 3.14521 5.6733 4.54403 4.4817 4.34139 3.38086 4.86867 3.13654 3.00006 6.43863 8.05146 4.84254 4.13411 4.13385 2.85178 3.80499 3.26519 2.82268 3.13392 3.15212 3.96017 2.7549 2.74786 2.7462 5.75533 2.78649 2.72232 2.71177 2.84268 5.59199 4.70533 7.73288 5.61071 5.27766 2.61467 2.59486 2.59343 6.44404 4.49809 6.32657 3.45178 4.47498 5.83373 3.56099 2.58781 2.92277
threshold=2.5000000000000004 21.500000000000004 24.500000000000004 0 3.0500000000000003 1 22.500000000000004 3.8500000000000001 3.5000000000000004 5.5000000000000009 2 3 2.5000000000000004 23.500000000000004 4 1.0000000180025095e-35 1.5000000000000002 12.500000000000002 2.5000000000000004 19.500000000000004 4.9500000000000011 12.500000000000002 7.5000000000000009 1.5000000000000002 12.500000000000002 1.0000000180025095e-35 5 1.5000000000000002 1.5000000000000002 4.8500000000000005 1.5000000000000002 10.500000000000002 20.500000000000004 1.0000000180025095e-35 6 5.5000000000000009 7 8 1.0000000180025095e-35 3.5000000000000004 11.500000000000002 12.500000000000002 1.0000000180025095e-35 4.9500000000000011 1.0000000180025095e-35 11.500000000000002 9 12.500000000000002 12.500000000000002 10 13.500000000000002 1.0000000180025095e-35 11 4.3500000000000005 4.6500000000000012 1.0000000180025095e-35 12 3.5000000000000004 7.5000000000000009 7.5000000000000009 1.0000000180025095e-35 1.0000000180025095e-35
decision_type=2 8 10 9 10 1 8 8 2 2 9 1 2 10 9 10 2 10 2 2 8 10 10 2 8 2 9 2 2 8 2 2 2 10 9 2 9 1 8 2 2 10 2 8 2 2 1 8 8 9 2 2 9 10 10 10 9 2 10 10 2 10
left_child=-1 -2 3 -3 -4 24 8 -8 43 11 -11 12 60 14 15 -14 17 -13 -18 23 21 22 50 -19 27 29 30 38 -28 -26 31 42 -33 -10 -35 36 -36 -12 -5 40 -15 51 -27 44 45 -7 48 -48 49 -46 -20 -41 54 -54 -29 -56 -55 59 -59 -58 61 -9
right_child=1 2 4 5 -6 6 7 9 33 10 37 16 13 39 -16 -17 18 19 20 -21 -22 -23 -24 -25 25 26 28 52 -30 -31 -32 32 -34 34 35 -37 -38 -39 -40 41 -42 -43 -44 -45 46 -47 47 -49 -50 -51 -52 -53 53 56 55 -57 57 58 -60 -61 -62 -63
leaf_value=-0.0085428003502891064 0.0029332713221149236 0.0035738553178075133 0.019010329221801535 -0.0084417964590919829 0.00095628995452566286 0.036373997975622699 -0.048644295583843873 0.0030418216390213928 -0.023580694684908088 -0.046373047240078173 -0.018277099052827376 -0.00075398859362317994 -0.03461491072085536 -0.021770138061748667 0.013140742474950586 0.0056462680630880733 -0.026766685377795332 -0.014830576633323328 0.025738314643103301 -0.005720766433198252 -0.02972257128017124 0.026342920134899948 -0.0377076542137025 -0.055624570929824903 0.0054309472570728016 0.011691821165233294 -0.0056795207589900388 -0.046739103297068568 0.025681679766808223 -0.034842891719169648 0.019166821177574914 -0.033057800484685068 -0.001978442892959995 -0.016465541095034321 0.0026839595069917889 0.017703282176213152 -0.03396445266766214 -0.00040215469846780443 0.018594038138727852 0.0089719486334574345 0.031789183061735518 -0.033153400161343549 -0.018284031320224606 0.026933262160845305 -0.0052511403037160806 -0.00056941421812420009 -0.031361825784608569 0.0064974949936453513 -0.0054657317748101741 0.0405836424427908 -0.011897462524998027 -0.019404184809359896 0.031796794625382714 0.0083721654470604746 -0.040614660283045556 0.013737704502876169 -0.015184392312715176 -0.031553699849297082 0.013740769539183371 -0.058132558541661251 -0.00082270999728126086 -0.020922150151874708
leaf_weight=601.73103822767735 619.55649781227112 273.56843949854374 16.717920109629631 8.6129863411188143 4698.8216075450182 12.056296437978746 4.6272560209035865 11.965030595660208 13.24802155792713 7.3262967616319656 24.426937520503998 98.442514210939407 4.8334577530622473 5.4796345680952054 72.113300517201424 8.9414986968040466 31.907532751560211 5.0841831713914889 6.2449394762516075 13.391320586204527 8.7929648011922819 7.0819668322801581 5.462165802717208 7.4119415879249573 7.175434201955798 21.90045586228371 7.9566884040832511 7.0954906642437008 43.459176510572433 9.4460386931896192 9.5997208356857282 10.636405557394029 11.004228591918944 19.747610226273537 22.349049434065819 14.843160048127173 5.9799254983663586 34.560427606105804 19.941134929656982 10.589422747492794 7.7506276220083237 7.6165849268436423 6.2254207134246817 10.085230141878126 5.703047052025795 14.368413805961607 16.002181932330132 18.742240399122238 15.143738880753515 13.616011559963228 5.6037180572748184 10.049385011196136 6.9115037471055976 12.078739389777184 5.6744020432233784 8.6495925486087799 6.5359177291393298 7.6318477243185052 11.265262320637703 5.8568167835474014 93.367610663175583 25.494407758116722
leaf_count=4314 2436 1073 65 35 18578 43 21 47 56 33 104 392 21 23 276 35 136 21 23 54 38 26 24 34 28 84 32 32 160 41 36 46 44 82 88 56 26 138 75 41 28 33 26 37 23 57 69 73 61 48 23 42 25 47 25 33 27 33 43 27 371 107
internal_value=3.77224e-05 0.000827587 0.000607114 -0.00101427 0.0010203 -0.00237954 -0.00368191 -0.0055146 0.00134079 -0.00512628 -0.0148821 -0.003681 0.000117701 0.00475281 0.00967302 -0.00848087 -0.00842064 -0.00513569 -0.0159886 -0.0217981 -0.00562564 0.00306068 -0.00646424 -0.0390271 0.00161388 0.00575805 0.00924115 -0.00349159 0.0208285 -0.0174568 -0.000794405 -0.00464483 -0.017254 -0.00679948 -0.00326612 0.0027715 -0.0050521 -0.0109709 0.010439 -0.00543355 0.00960629 -0.0124758 0.00505692 0.00720574 0.0051253 0.016286 0.000863901 -0.00849447 0.00989295 0.0270531 0.00793881 -0.00484487 -0.00903941 -0.00407411 -0.020695 -0.0077938 -0.00979073 -0.0168021 -0.004552 -0.0354817 -0.00438607 -0.0132677
internal_weight=7138.5 6536.77 5917.22 1201.68 4715.54 928.107 700.45 518.565 181.885 513.938 66.3137 447.624 258.201 127.374 85.8883 13.775 189.423 124.33 65.0933 25.8874 33.1858 24.3928 17.3108 12.4961 227.657 127.404 110.782 100.254 51.4159 16.6215 59.3662 49.7665 21.6406 76.1678 62.9197 43.1721 28.329 58.9874 28.5541 41.4857 13.2303 28.2554 28.1259 105.717 95.6319 26.4247 69.2072 34.7444 34.4628 19.3191 11.8487 20.6388 71.6996 50.2801 21.4195 14.324 43.3686 31.2898 18.8971 12.3927 130.827 37.4594
internal_count=30175 25861 23425 4782 18643 3709 2810 2091 719 2070 275 1795 1024 499 332 56 771 501 270 109 134 96 70 55 899 497 428 402 192 69 236 200 90 308 252 170 114 242 110 167 51 116 110 411 374 100 274 142 132 71 46 83 292 202 90 58 177 130 76 54 525 154
cat_boundaries=0 1 2 3 4 5 6 7 8 9 10 11 12 13
cat_threshold=8 2 2 102 2 4 8 1 52 26 8 8 4
is_linear=0
shrinkage=0.04


Tree=67
num_leaves=63
num_cat=10
split_feature=8 8 3 12 1 0 9 8 1 10 0 14 15 8 14 0 6 0 1 16 12 14 8 12 15 1 0 1 10 8 5 9 8 9 9 0 6 6 9 0 10 9 0 1 6 1 14 10 1 8 6 6 10 9 6 1 1 10 10 9 6 1
split_gain=1.63822 2.50787 4.38206 3.99997 6.17955 5.83671 5.35941 4.34946 4.28466 4.89967 4.16541 6.54372 4.35171 5.41006 3.86384 6.18427 4.0997 5.67916 4.28392 3.57125 5.71162 6.03405 4.55403 10.0912 7.00604 5.40218 4.07698 3.84198 3.4242 7.90062 4.68059 4.32314 4.07202 3.51196 8.82489 5.48319 3.30987 3.29966 3.00187 3.26837 4.10275 2.99123 2.98985 2.78423 4.35702 2.77803 2.74569 3.31237 2.72939 3.56228 2.70389 2.63103 4.3615 2.60634 3.51359 2.58022 4.50426 3.56893 3.5466 4.70807 3.36383 2.56506
threshold=21.500000000000004 24.500000000000004 1.0000000180025095e-35 0 11.500000000000002 1.0000000180025095e-35 4.9500000000000011 22.500000000000004 10.500000000000002 1.5000000000000002 7.5000000000000009 1 2 22.500000000000004 3 7.5000000000000009 1.5000000000000002 12.500000000000002 1.0000000180025095e-35 4 5 6 23.500000000000004 7 8 20.500000000000004 1.0000000180025095e-35 19.500000000000004 1.0000000180025095e-35 22.500000000000004 1.0000000180025095e-35 4.6500000000000012 22.500000000000004 4.7500000000000009 4.6500000000000012 12.500000000000002 2.5000000000000004 3.5000000000000004 4.7500000000000009 12.500000000000002 1.5000000000000002 4.4500000000000011 12.500000000000002 20.500000000000004 2.5000000000000004 22.500000000000004 9 1.0000000180025095e-35 9.5000000000000018 22.500000000000004 1.5000000000000002 3.5000000000000004 1.5000000000000002 4.8500000000000005 3.5000000000000004 21.500000000000004 19.500000000000004 1.0000000180025095e-35 1.0000000180025095e-35 4.7500000000000009 3.5000000000000004 8.5000000000000018
decision_type=8 8 2 1 2 10 10 10 2 2 8 9 1 10 9 8 2 8 2 9 1 9 10 1 1 2 10 2 2 10 2 10 10 10 10 10 2 2 8 8 2 10 10 2 2 2 9 2 2 10 2 2 2 8 2 2 2 2 2 10 2 2
left_child=-1 2 3 5 6 8 14 -8 -2 -10 12 42 13 37 15 -5 17 -16 -18 20 51 43 23 -21 25 -24 -26 -23 32 30 31 -30 -13 34 36 -36 -31 -6 -25 40 -40 -14 -12 -22 -45 -38 47 -43 49 -19 -9 -4 -53 -41 -55 56 57 -28 59 -58 -59 -7
right_child=1 -3 19 4 10 61 7 50 9 -11 11 28 41 -15 16 -17 18 48 -20 22 21 27 24 38 26 -27 55 -29 29 33 -32 -33 -34 -35 35 -37 45 -39 39 53 -42 46 -44 44 -46 -47 -48 -49 -50 -51 -52 52 -54 54 -56 -57 58 60 -60 -61 -62 -63
leaf_value=0.0019068886019922582 -0.00018519908214507691 0.00017934922984825946 -0.0034736386543781335 -0.052394920728721206 0.064984746563929635 0.024765853109178428 0.037167411779501391 -0.024387733944433717 -0.010292673903865382 -0.061216082362429605 -0.046436105703317521 0.0092647179693296517 0.028913893532326172 0.010412151103420227 -0.014286400860184146 -0.013620991182329423 -0.026096324355008478 0.031710454229872849 -0.0050607309630279242 0.0048283748560459926 0.010804155230505224 -0.034156549770142874 -0.014357339938294217 -0.0078489833275833826 -0.048929423439981551 0.023314722125356298 -0.0021698233862848621 0.0054443585665504366 -0.050472951556438383 -0.00018382191873359877 0.012182933588952208 -0.011275957012758098 -0.015014162658828909 0.020392517078503005 -0.0030902463318582215 -0.055459722977412057 0.039196255386339071 0.024391813461327669 -0.021060322896521239 -0.060395766173993289 0.021101012713062698 -0.0016175057051853912 -0.0064056422580517835 0.008110552287655004 0.052970388221236897 0.0040376048087886474 0.0057064077142813452 -0.037327286981715668 0.037160810138102011 -0.009215232750735906 0.013931583173967171 -0.052141678944471102 -0.0055648408426971566 -0.0045416808329930419 -0.050683917419269163 -0.033179439440002609 -0.00096333542805455833 -0.022856314187181436 0.003182108815173763 -0.056716161680082706 -0.063544536546196143 0.0066863573230469724
leaf_weight=677.31933141499758 39.388695284724236 5443.1473394334316 23.12471367418766 8.0655510351061803 6.1108449399471265 13.675797693431376 6.8906100839376476 5.2082131132483465 9.9616314545273763 4.3402509316802016 7.1576838865876198 15.712299965322016 4.4717503115534774 19.928505279123783 15.639917902648447 35.771060064435005 23.900949046015739 5.6659872904419926 44.017302103340626 102.0073741003871 13.925554327666759 5.3068211972713497 10.595882534980776 54.073602832853794 7.9101957231760016 14.323611490428446 5.2161501273512867 14.997538626193998 6.1758791208267239 11.498028412461283 8.9909157827496546 16.611612312495708 37.271265983581543 36.777301155030727 8.3886755630373937 5.1705760955810538 11.095216274261476 6.7354069873690605 19.493506215512756 4.9960853159427616 4.5559797286987296 9.4895372688770312 5.1212520822882652 5.6161245629191408 9.0404677316546422 5.319858491420745 16.445173971354961 7.3947259113192549 7.3523153439164153 8.5200493708252889 6.7839535623788834 5.7147514820098859 7.3590104058384895 5.8456029891967773 4.8156171441078186 14.921138644218443 5.5026629567146284 7.1780120283365232 23.012266404926777 4.3306971564888954 5.9423600435256958 153.31454106420279
leaf_count=2841 165 23035 95 38 21 52 25 23 45 21 34 64 17 80 67 156 106 21 191 422 56 25 47 235 38 57 23 60 29 48 38 70 163 145 36 24 42 27 89 25 19 40 22 24 34 22 69 36 28 37 27 29 32 25 23 69 23 34 95 22 29 640
internal_value=3.53894e-05 -0.000160915 -0.00198715 4.73402e-05 -0.00226174 0.00428422 -0.00823391 0.0118415 -0.00699415 -0.0257466 0.00172257 -0.00158104 0.00992779 0.0179755 -0.0107792 -0.0207551 -0.0066182 0.00405981 -0.0124633 -0.00538522 0.00183363 0.00976913 -0.00746928 -0.00393476 -0.0144641 0.0052069 -0.0191969 -0.00490588 0.000540078 0.00456307 -0.0122565 -0.0218991 -0.00781425 0.0113937 0.00341372 -0.0230604 0.016274 0.0437015 -0.0126343 -0.0223329 -0.0130732 -0.00142749 -0.0297404 0.023612 0.035781 0.0278019 -0.00592664 -0.0172572 0.0173818 0.00713073 -0.00271054 -0.00907509 -0.0259243 -0.0365558 -0.0253839 -0.018543 -0.0142761 -0.0301576 -0.00540997 -0.0255174 -0.0412845 0.00816699
internal_weight=7134.64 6457.32 1014.17 634.363 413.682 220.681 167.816 18.8828 53.6906 14.3019 245.867 175.291 70.5759 32.7748 148.933 43.8366 105.097 37.1783 67.9183 379.806 85.085 48.8865 294.721 195.788 98.933 24.9195 74.0135 20.3044 163.012 110.028 31.7784 22.7875 52.9836 78.2497 41.4724 13.5593 27.9131 12.8463 93.7804 39.7068 24.0495 37.8012 12.2789 28.5821 14.6566 16.4151 33.3294 16.8843 21.5384 14.186 11.9922 36.1985 13.0738 15.6573 10.6612 66.1033 51.1821 18.3365 32.8456 9.83336 13.1204 166.99
internal_count=30175 27334 4299 2669 1746 923 719 75 231 66 1027 737 290 128 644 194 450 153 297 1630 355 199 1275 838 437 104 333 85 681 454 137 99 227 317 172 60 112 48 416 181 108 162 56 114 58 64 145 76 86 58 50 156 61 73 48 295 226 86 140 45 63 692
cat_boundaries=0 1 2 3 4 5 6 7 8 9 10
cat_threshold=33 2 5 8 4 19 4 26 2 4
is_linear=0
shrinkage=0.04


Tree=68
num_leaves=63
num_cat=9
split_feature=7 8 8 1 11 8 16 6 6 0 12 1 6 0 8 8 11 8 8 8 0 6 7 1 10 16 10 0 16 11 8 8 16 8 10 15 6 8 1 6 6 1 5 16 11 0 10 0 8 16 8 8 0 1 1 8 13 0 10 7 1 8
split_gain=27.991 1.62319 2.20019 2.27908 6.39977 8.46853 5.71777 3.84394 3.23675 4.04026 3.07331 4.70681 2.99814 6.5698 4.60453 4.00277 3.89663 5.32365 12.5651 4.70675 3.80383 3.72669 3.33062 2.9655 5.57979 5.79191 4.01567 4.04746 5.43691 4.44108 5.11864 3.53647 5.19638 2.88969 2.85256 2.82182 5.62649 6.85253 5.3636 3.5031 3.9774 3.64052 5.29915 3.68025 3.82387 3.62108 3.59873 9.10237 5.42272 3.56877 4.95189 5.83808 3.42655 5.58497 3.40122 3.20963 2.77873 4.92301 4.20577 6.87517 5.36101 2.6454
threshold=2.5000000000000004 21.500000000000004 29.500000000000004 17.500000000000004 1.5000000000000002 33.500000000000007 0 2.5000000000000004 5.5000000000000009 12.500000000000002 1 15.500000000000002 1.5000000000000002 7.5000000000000009 37.500000000000007 38.500000000000007 1.0000000180025095e-35 31.500000000000004 32.500000000000007 33.500000000000007 7.5000000000000009 1.0000000180025095e-35 3.5000000000000004 13.500000000000002 1.5000000000000002 2 1.0000000180025095e-35 7.5000000000000009 3 1.0000000180025095e-35 31.500000000000004 34.500000000000007 4 35.500000000000007 1.5000000000000002 5 5.5000000000000009 34.500000000000007 15.500000000000002 3.5000000000000004 2.5000000000000004 16.500000000000004 1.0000000180025095e-35 6 1.0000000180025095e-35 12.500000000000002 1.5000000000000002 12.500000000000002 32.500000000000007 7 34.500000000000007 31.500000000000004 12.500000000000002 9.5000000000000018 11.500000000000002 34.500000000000007 8 12.500000000000002 1.0000000180025095e-35 3.5000000000000004 11.500000000000002 33.500000000000007
decision_type=2 8 10 2 10 10 9 2 2 10 1 2 2 8 10 10 8 10 10 10 10 2 2 2 2 9 2 8 9 10 10 10 9 8 2 1 2 10 2 2 2 2 2 9 10 8 2 8 10 9 10 10 8 2 2 10 9 10 2 2 2 10
left_child=-1 -2 -3 4 10 7 8 -6 9 -7 11 23 20 14 -14 16 19 -18 -19 -15 21 -13 61 26 25 -25 27 28 -4 30 -29 32 -31 -26 -17 36 37 38 -12 40 -37 43 -43 44 45 -41 47 48 -42 50 51 -44 54 -54 -48 -46 57 -45 59 60 -58 -22
right_child=1 2 3 -5 5 6 -8 -9 -10 -11 35 12 13 15 -16 34 17 18 -20 -21 22 -23 -24 24 33 -27 -28 29 -30 31 -32 -33 -34 -35 -36 39 -38 -39 -40 41 46 42 49 56 55 -47 52 -49 -50 -51 -52 -53 53 -55 -56 -57 58 -59 -60 -61 -62 -63
leaf_value=-0.0082437934169176628 0.0027410783575879754 -0.00023563072573243974 -0.012138493102674624 0.0022541798835874231 -0.01616983802334496 -0.0087288131152305787 -0.038802149915561204 -0.049222422408962824 0.031938183453860416 0.026874730914881545 -0.0014270543479436755 0.0093790741930525248 0.013966208512165046 0.01927113328575673 -0.02054594147029749 -0.0086787579605500029 -0.046440207187014845 0.036520522907037868 -0.023850552024312213 -0.017355405071575004 -0.0097348077641677671 -0.030539022375005938 0.040888437211790703 -0.026518209662218781 0.047020303638910688 0.013105380234777593 0.00091383430269535097 -0.006817296919656911 0.025400125884312088 -0.016971499317397942 0.033877174397289093 -0.0010349437359573191 0.021951524442667694 0.013305128027712235 0.030558150623383473 5.5812297125833364e-05 -0.027478400921034787 -0.012864650835917304 0.023272508674774248 -0.055570787540809005 0.0062444064119104728 0.034300805572241709 0.0088861200903142638 0.018316132517047171 -0.016210881131695418 -0.0088261533134719392 -0.028680464628932766 0.011215540655736156 -0.039965070156308173 0.031442370970668355 0.016259218992954631 -0.047049851735591917 -0.016231034175796154 -0.076939172552645693 0.013319154773245809 0.012696298140490126 -0.056261337117318892 -0.011072924874357985 0.0058102100786620696 0.01873695247595698 -0.0069879157749924078 0.019705370028067215
leaf_weight=598.70881753414869 619.24790611863136 2762.1992900520563 25.657487273216248 1781.72503913939 11.75943559408188 23.018792763352398 5.6601573824882498 10.800178468227385 5.7584312260150901 6.5510104745626441 55.052928447723389 7.7681674808263761 32.328056484460831 9.8745993971824664 7.6487333774566642 6.4144692420959455 10.750984176993368 6.4552238136529914 37.914230838418007 13.009732156991957 8.3617751896381431 7.219866082072258 6.2515837252140036 7.5345575958490372 9.5659428089857119 27.248879835009575 307.19533428549767 6.198285028338435 8.1291880458593351 6.5112922936677933 24.46650929749012 38.237028881907463 34.917239502072334 7.076262265443801 5.5121785849332809 217.23936216533184 17.583495646715164 65.751627698540688 18.894794791936874 4.8097335696220371 5.9167081117630032 14.506182804703711 5.705441281199457 43.899558871984482 11.8177807033062 5.9091089963912973 7.0164242833852786 25.275584861636162 12.971038937568663 6.3605418652296093 11.640965253114699 6.2622112333774567 5.7911221385002118 4.1709370464086533 5.5060022324323654 12.8040514588356 7.1930563002824801 11.510950565338133 38.215223863720894 6.1039072424173346 6.9432692527770996 11.739935308694838
leaf_count=4314 2436 10967 105 7019 49 94 25 49 21 24 219 30 123 37 32 26 48 23 160 54 34 31 22 32 33 104 1216 25 30 27 88 152 130 27 20 860 75 270 70 22 23 52 22 165 49 24 30 97 57 23 44 28 24 20 21 49 33 47 149 23 28 44
internal_value=3.426e-05 0.000792595 0.000588651 0.00131051 8.53806e-05 -0.012311 -0.00147804 -0.0319934 0.00450189 -0.000841064 0.000687263 0.0025465 -0.00314307 -0.00612877 0.00736302 -0.0121262 -0.015426 -0.0211864 -0.0150673 -0.00155104 0.00623898 -0.00984982 0.0153892 0.00453521 0.0136362 0.00452238 0.00349818 0.00900689 -0.00310657 0.0127164 0.0256516 0.00773743 0.015834 0.0326846 0.00945549 -0.00130612 -0.00578584 -0.00346964 0.00488407 0.000257642 -0.00256666 0.00441063 0.0144552 0.00141656 -0.00985969 -0.0298013 -0.0111146 -0.00448252 -0.0254897 0.00484921 -0.00231542 -0.020383 -0.0241412 -0.0416485 -0.0102136 -0.00117833 0.00491637 0.0103441 -0.00170626 -0.016741 -0.03206 0.00745904
internal_weight=7134.27 6535.56 5916.31 3154.11 1372.39 63.548 40.9884 22.5596 35.3282 29.5698 1308.84 673.988 171.25 129.908 39.9768 89.9314 78.0048 55.1204 44.3695 22.8843 41.3413 14.988 26.3533 502.738 51.4256 34.7834 451.312 144.117 33.7867 110.33 30.6648 79.6656 41.4285 16.6422 11.9266 634.852 157.283 139.699 73.9477 477.569 283.887 193.682 44.4753 149.207 35.3407 10.7188 66.6478 44.1633 18.8877 29.9692 23.6086 11.9677 22.4845 9.96206 12.5224 24.6218 113.866 55.4105 58.4555 20.2402 14.1363 20.1017
internal_count=30175 25861 23425 12458 5439 262 164 98 139 118 5177 2653 684 523 155 368 322 231 183 91 161 61 100 1969 196 136 1773 557 135 422 113 309 157 60 46 2524 634 559 289 1890 1132 758 169 589 144 46 272 177 80 117 94 50 95 44 51 98 445 212 233 84 61 78
cat_boundaries=0 1 2 3 4 5 6 7 8 9
cat_threshold=1 105 4 1 4 1 4 1 4
is_linear=0
shrinkage=0.04


Tree=69
num_leaves=63
num_cat=16
split_feature=7 8 8 13 15 8 6 12 17 6 0 6 14 6 6 8 6 1 8 1 8 12 12 3 0 10 1 11 4 14 11 6 10 1 1 11 11 10 0 14 6 16 5 7 11 12 6 1 14 14 8 6 16 0 3 11 12 8 8 1 17 0
split_gain=25.916 1.49637 2.04559 4.27347 2.71021 3.48615 4.94041 4.48307 4.02578 3.8717 2.79822 5.97424 7.46099 4.49956 3.91488 3.39683 2.71562 3.63826 3.99769 3.60763 2.88422 3.31986 3.31846 8.82571 5.3999 3.24629 3.37751 3.92687 2.67011 2.65452 2.60568 2.55914 2.54448 3.4747 2.90334 2.54207 2.53845 2.53013 2.52651 2.78953 2.8809 3.70353 2.51713 2.4974 3.79231 2.47194 2.84509 3.03253 3.25123 2.46665 5.33784 3.39235 2.36607 2.33193 2.2856 2.60033 5.62588 7.27881 7.17291 6.48866 3.96233 11.6444
threshold=2.5000000000000004 21.500000000000004 24.500000000000004 0 1 22.500000000000004 3.5000000000000004 2 3 5.5000000000000009 12.500000000000002 1.0000000180025095e-35 4 1.5000000000000002 2.5000000000000004 24.500000000000004 2.5000000000000004 22.500000000000004 23.500000000000004 1.0000000180025095e-35 23.500000000000004 5 6 1.0000000180025095e-35 7.5000000000000009 1.0000000180025095e-35 20.500000000000004 1.0000000180025095e-35 1.0000000180025095e-35 7 1.0000000180025095e-35 1.5000000000000002 1.5000000000000002 10.500000000000002 20.500000000000004 1.0000000180025095e-35 2.5000000000000004 1.5000000000000002 1.0000000180025095e-35 8 5.5000000000000009 9 1.0000000180025095e-35 3.5000000000000004 1.0000000180025095e-35 10 2.5000000000000004 21.500000000000004 11 12 25.500000000000004 1.5000000000000002 13 12.500000000000002 1.0000000180025095e-35 2.5000000000000004 14 37.500000000000007 35.500000000000007 19.500000000000004 15 7.5000000000000009
decision_type=2 8 10 9 1 8 2 1 9 2 8 2 9 2 2 8 2 2 8 2 10 1 1 2 8 2 2 8 2 9 8 2 2 2 2 8 8 2 10 9 2 9 2 2 8 1 2 2 9 9 10 2 9 8 2 8 1 10 10 2 9 8
left_child=-1 -2 3 36 10 6 28 -7 -9 16 13 15 32 35 37 -12 17 19 -19 -10 22 -22 23 43 -24 -26 27 -27 -6 30 -30 -32 33 42 -35 -5 -3 -14 -8 -40 41 -41 -13 44 -18 -15 -47 48 -48 50 51 -4 -23 -11 -51 60 57 59 -58 -57 61 -56
right_child=1 2 49 4 5 7 38 8 9 53 11 12 14 45 -16 -17 20 18 -20 -21 21 52 24 -25 25 26 -28 -29 29 -31 31 -33 -34 34 -36 -37 -38 -39 39 40 -42 -43 -44 -45 -46 46 47 -49 -50 54 -52 -53 -54 -55 55 56 58 -59 -60 -61 -62 -63
leaf_value=-0.0079532277765819084 0.0026322067857243985 0.002912806758145738 0.046943847341129809 -0.0080811740451280575 0.011495024449015939 -0.010943072700038843 -0.02233245246575867 -0.034033080887507658 0.0010487435028231885 -0.0022527597859430663 -0.0025367606978265794 0.01130565431589178 -0.015680516293779766 0.0024144450696596304 0.029239274630960713 -0.039711887460801377 -0.016469130945570273 -0.011802971769533026 0.028391790157541844 -0.011643325753392964 0.0056149821972665591 -0.025272069154719481 0.02478527745912748 0.046901190706734291 0.0089045943392296323 0.014801755667368872 -0.049759560690511351 -0.025160945238839872 0.023453558631153962 -0.015602502264571503 0.014799073155693928 -0.020325146040065314 0.018158832796079865 -0.031273513784399895 -0.0019816406303652134 0.017925882508166117 0.027185784022242209 0.015405171637869426 -0.015565556140316796 0.0025910757247917648 0.016875601188882011 -0.032836705763066486 -0.017514116778426739 0.029028039044597706 0.010310531153946808 -0.036331547233720542 -0.025654422367931667 -0.02976870634195071 0.0050908072875316505 -5.4586013112976886e-05 0.0028537718580379438 0.012806396142366267 -0.00038375476849291778 -0.019644377716118704 0.033764364442614082 -0.034479100791644728 -0.010674560262363669 0.040939200150135358 -0.058364100663060803 0.0096597699209847801 0.0017293238199948815 -0.0013336453049922375
leaf_weight=595.81885449588299 619.07005906105042 266.3358211517334 6.6712404787540462 8.6150714308023471 69.349614024162292 143.14018070697784 13.265070393681524 6.4238416701555252 63.502659648656845 21.221910402178764 10.270430386066439 21.882699161767963 5.8077489137649563 26.419779986143112 30.473235264420509 6.3729735761880866 11.329704478383062 6.2982957214117077 10.659479588270186 82.234939485788345 26.745354786515236 16.940949037671089 8.667356461286543 10.719687312841414 9.2958230376243609 6.0447403341531816 4.6027305424213401 11.267837330698965 8.8854708969593066 13.930352717638014 6.0469970107078534 7.3568251878023148 9.5747166275978071 10.660664543509485 11.000973284244536 19.913322731852531 7.0767159163951865 15.03325007855892 19.769555613398552 22.343262195587158 14.809789955615996 5.9860084354877499 6.2292307019233695 7.1243481487035742 33.41342431306839 8.6755740046501142 7.757282555103302 9.8944709599018079 18.938510686159137 2671.5832495242357 357.09189550578594 15.430273979902266 9.560748904943468 29.458694994449615 24.222615316510201 7.5932748317718533 18.379347190260891 7.6733326911926261 6.9561343044042578 17.869040191173553 1540.6085007041693 40.264493599534035
leaf_count=4314 2436 1047 23 35 266 588 56 28 251 85 41 84 24 104 111 28 47 26 39 337 104 72 32 37 36 23 21 48 33 58 23 31 36 46 44 75 26 57 82 88 56 26 26 26 129 38 33 43 74 10600 1408 59 38 124 87 33 75 27 32 69 6070 160
internal_value=3.29482e-05 0.000761105 0.000565295 -0.000908196 -0.00219552 -0.00342277 0.00129565 -0.00514216 -0.00257104 -0.00209312 0.00156748 0.00557215 0.00893261 -0.00336342 0.0201023 -0.0167716 -0.000458659 -0.00407256 0.013463 -0.00611297 0.0033173 -0.00423455 0.00724168 0.011951 -0.00251548 -0.0109029 -0.0193046 -0.0112078 0.00689769 -0.0019048 0.00665599 -0.00447921 -0.000725075 -0.00435769 -0.0163975 0.0100722 0.00341612 0.00674254 -0.00646823 -0.00312307 0.00257902 -0.00489486 0.00491958 0.00703188 0.00352948 -0.00871033 -0.0128893 -0.0108538 -0.00384316 0.000940776 0.00403445 0.0231106 -0.0118296 -0.0123618 0.000670174 0.00183409 -0.0064517 0.00521475 -0.0170418 -0.00350316 0.00213593 0.0118499
internal_weight=7130.56 6534.74 5915.67 1201.33 927.916 700.396 181.743 518.653 375.513 369.089 227.52 127.306 110.663 100.214 51.3142 16.6434 318.408 162.695 16.9578 145.738 155.713 53.2471 102.466 62.5872 39.8785 31.2111 21.9153 17.3126 105.569 36.2196 22.2893 13.4038 59.3483 49.7736 21.6616 28.5284 273.413 20.841 76.1737 62.9086 43.1391 28.3293 28.1119 51.8675 44.7431 71.6856 45.2658 36.5903 26.6958 4714.34 379.193 22.1015 26.5017 50.6806 4335.15 1663.57 58.4711 33.1356 25.3355 25.4623 1605.1 64.4871
internal_count=30175 25861 23425 4782 3709 2810 719 2091 1503 1475 899 497 428 402 192 69 1266 653 65 588 613 214 399 239 160 128 92 71 411 145 87 54 236 200 90 110 1073 81 308 252 170 114 110 202 176 292 188 150 107 18643 1490 82 110 209 17153 6553 236 129 107 102 6317 247
cat_boundaries=0 1 2 3 4 5 6 7 8 9 10 11 12 13 14 15 16
cat_threshold=8 2 24 2 4 33 70 4 8 1 40 8 2 1 7 2
is_linear=0
shrinkage=0.04


Tree=70
num_leaves=63
num_cat=9
split_feature=7 9 12 15 9 16 16 1 9 6 9 8 4 8 0 8 0 8 0 1 16 10 1 9 8 7 9 9 6 6 6 8 0 8 6 10 10 1 6 6 8 6 12 8 8 12 7 8 17 9 9 8 0 9 8 12 9 8 9 8 1 0
split_gain=18.1015 2.81003 2.56989 4.21022 6.93532 4.14005 3.53702 4.7089 4.3919 3.26417 3.17083 3.08398 4.79172 3.94169 2.99335 2.94281 2.904 2.62191 2.82748 2.31577 4.18754 3.69412 3.65784 9.65533 6.68019 6.10833 3.56839 4.08061 4.01215 3.52124 4.12122 4.36903 5.32212 8.10051 3.48482 3.35936 3.32198 4.29628 7.61596 7.8598 4.90681 4.14547 4.88799 5.407 6.59587 3.98044 3.83894 3.82345 3.66396 3.60805 6.47212 7.63912 5.85528 5.84366 3.35529 5.6452 6.59289 4.71157 4.57571 4.2917 3.79716 3.58145
threshold=2.5000000000000004 2.5500000000000003 0 1 3.9500000000000006 2 3 12.500000000000002 4.8500000000000005 1.5000000000000002 4.7500000000000009 23.500000000000004 1.0000000180025095e-35 22.500000000000004 7.5000000000000009 21.500000000000004 12.500000000000002 32.500000000000007 7.5000000000000009 12.500000000000002 4 1.0000000180025095e-35 13.500000000000002 4.7500000000000009 35.500000000000007 3.5000000000000004 4.4500000000000011 4.2500000000000009 2.5000000000000004 3.5000000000000004 2.5000000000000004 28.500000000000004 7.5000000000000009 31.500000000000004 1.5000000000000002 1.0000000180025095e-35 1.5000000000000002 10.500000000000002 1.0000000180025095e-35 3.5000000000000004 24.500000000000004 1.5000000000000002 5 23.500000000000004 36.500000000000007 6 3.5000000000000004 20.500000000000004 7 4.7500000000000009 4.8500000000000005 32.500000000000007 1.0000000180025095e-35 4.5500000000000007 31.500000000000004 8 4.9500000000000011 26.500000000000004 4.3500000000000005 32.500000000000007 8.5000000000000018 7.5000000000000009
decision_type=2 8 1 1 10 9 9 2 10 2 10 10 2 10 8 10 8 8 10 2 9 2 2 10 10 2 8 10 2 2 2 8 10 10 2 2 2 2 2 2 10 2 1 8 10 1 2 8 9 8 8 10 10 10 8 1 10 10 10 10 2 8
left_child=2 -2 3 4 -1 9 10 -8 -9 16 -6 12 13 14 -7 -14 -5 -11 -19 20 29 -22 23 26 25 35 27 -21 -28 30 31 -3 -33 -34 -35 -25 37 41 -39 -40 -41 45 -43 -44 46 -23 49 -38 54 53 -51 52 -52 -45 57 56 59 -49 -59 -56 -57 -61
right_child=1 19 -4 5 6 11 7 8 -10 17 -12 -13 15 -15 -16 -17 -18 18 -20 22 21 36 -24 24 -26 -27 28 -29 -30 -31 -32 32 33 34 -36 -37 47 38 39 40 -42 42 43 44 -46 -47 -48 48 -50 50 51 -53 -54 -55 55 60 -58 58 -60 61 -62 -63
leaf_value=-0.047742974167737748 0.021441693245775658 -0.010798828339708149 -0.0086924195425978588 0.026931547466866174 0.014131480575028957 0.013709924625646892 0.060827189251100693 -0.016315320617754259 0.040836234421382941 -0.03703350863863334 -0.010375612451227541 -0.0061413042853015144 0.014111296017696014 0.02683534745382327 -0.033906607826225808 0.063019356195478216 -0.022464056445389517 -0.035959374487016166 0.010621322926757278 0.017794105620520213 0.0030763688680626629 -0.017570437285885827 0.00071085913735295463 0.031565958079137209 -0.038480720152840528 -0.033381029824956499 0.023789072755307072 0.053349053317548085 -0.0012689850620854618 -0.0083873737862449425 0.0066945918276973861 0.006636744461386338 0.014337858975557146 -0.016379312811850687 -0.051365714771202636 0.00050498363844740277 -0.017441331251712079 0.014153930958270458 -0.028486508371398427 0.030089237089806084 -0.0095269722064677265 -0.0043546723022389443 0.024705499688350733 0.0087455937431915997 0.023976415761371425 -0.0015571366429407757 0.018049141637008874 0.00028553563949831033 -0.028130278734131115 0.025596658147445224 -0.0076935472037795907 -0.044121838539548951 0.036430697566309241 -0.029881730866489663 -0.00043076654365328094 -0.002394678332649751 -0.034144112455678027 -0.021548229707253563 0.01389797478593386 -0.0060945513682371067 -0.01759039664892062 0.017181945938259099
leaf_weight=3.3983359038829795 10.161530092358587 90.558411151170731 395.06131670624018 3.9717617779970196 22.147288106381893 3.1482257395982716 4.7590027451515189 4.4599626809358579 4.1562542468309402 14.85132782161236 13.655396930873392 96.929577402770519 4.5980412438511848 4.5949773490428933 6.4196392372250566 3.4419487118721008 3.6583873629570007 3.6302753686904889 4.8982691168785095 13.777756556868555 500.80594421923161 33.949834734201431 4466.6998912990093 8.0257175415754336 8.4467183053493482 6.4729344695806494 20.278249382972717 8.2616468369960767 20.618857100605965 183.09497624635696 76.054871156811714 81.277519524097443 12.886375829577444 19.312822118401531 5.9611336588859549 18.216156765818596 17.322308465838432 15.510347977280615 40.970836207270622 6.0541882365941992 28.792309924960136 128.63709910213947 22.188725158572197 9.5634194314479846 19.734108671545982 77.352604657411575 13.537115097045897 121.97509689629078 6.5166805833578101 13.05031895637512 21.709006607532505 7.2024495899677268 6.1821495294570914 18.176163136959076 82.373405531048775 70.034976705908775 6.9121360033750525 6.1892588138580313 99.531767934560776 12.913149967789648 42.143537446856499 58.450270965695381
leaf_count=31 39 370 2931 27 140 21 22 32 20 109 94 700 31 30 49 17 27 28 32 52 1970 143 17677 29 37 28 75 28 82 745 296 317 49 80 27 72 72 59 175 22 117 517 82 37 73 308 51 483 28 48 88 32 22 78 327 280 30 26 379 52 175 222
internal_value=-0.000185833 0.000423355 -0.00684849 -0.00269336 0.00631999 -0.00604717 0.011341 0.028892 0.0112532 -0.0194689 0.0047843 -0.00306112 0.0103858 -0.00361498 -0.0182388 0.035049 0.0032481 -0.0268827 -0.0092063 0.000390636 -0.00076079 0.000278262 0.000883604 0.00829582 -0.00676774 0.00142031 0.0181476 0.0311222 0.0111557 -0.00405588 -0.00128339 -0.0041728 0.000851091 -0.0114717 -0.0246312 0.0100046 -0.00114154 -0.00361221 -0.0113845 -0.016609 -0.0026441 -0.00170039 0.00106513 0.00623044 0.00304567 -0.00816009 -0.00157351 0.00103816 0.00166949 -0.00507406 0.00154661 -0.00739692 0.00208671 -0.0165647 0.00205748 -0.000934421 0.003833 0.00564239 0.0118228 0.0057898 -0.0074402 0.0129701
internal_weight=7135.66 6537.88 597.78 202.719 52.5762 150.142 49.1779 13.3752 8.61622 31.01 35.8027 119.132 22.2028 14.1628 9.56786 8.03999 7.63015 23.3799 8.52854 6527.72 1956.93 1487.78 4570.8 104.098 41.1615 32.7148 62.9365 22.0394 40.8971 469.146 286.051 209.996 119.438 38.1603 25.274 26.2419 986.973 462.611 91.3277 75.8173 34.8465 371.283 259.981 131.343 109.155 111.302 89.4206 524.363 507.04 75.8835 48.1439 35.0936 27.8912 27.7396 500.524 272.827 160.649 227.696 105.721 153.737 112.179 71.3634
internal_count=30240 25899 4341 1410 339 1071 308 74 52 223 234 848 148 100 70 48 54 169 60 25860 7780 5896 18080 403 166 129 237 80 157 1884 1139 843 473 156 107 101 3926 1852 373 314 139 1479 1028 511 429 451 356 2074 2002 305 190 142 110 115 1974 1086 631 888 405 601 455 274
cat_boundaries=0 1 2 3 4 5 6 7 8 9
cat_threshold=9 2 4 1 4 7 48 1 114
is_linear=0
shrinkage=0.04


Tree=71
num_leaves=63
num_cat=11
split_feature=7 8 12 15 8 16 16 11 8 1 6 4 10 8 6 6 6 8 0 6 11 1 8 10 0 8 8 14 8 8 1 8 1 16 12 1 8 12 11 14 10 11 6 17 10 6 1 6 6 8 0 8 12 0 6 6 8 7 1 6 7 1
split_gain=16.7846 2.58915 2.39462 3.88665 6.59604 3.88444 3.8002 4.23572 4.60531 3.84198 3.08695 2.93552 4.80691 4.69659 3.92946 3.23073 3.00631 2.9176 2.81644 5.10008 3.52365 7.46223 2.73458 3.80793 2.66439 2.64882 2.58506 2.53234 2.52131 2.78122 2.09418 2.8669 2.09196 3.89697 3.449 5.68606 5.90249 4.78983 4.23802 3.96616 3.35214 3.30522 5.03755 4.03923 4.95955 4.11568 3.53788 3.24247 3.79853 4.02253 4.90375 7.4545 3.22111 4.06144 3.19789 3.15647 5.06513 5.07466 4.84022 6.48297 3.72858 5.38421
threshold=2.5000000000000004 17.500000000000004 0 1 36.500000000000007 2 3 1.0000000180025095e-35 28.500000000000004 12.500000000000002 1.5000000000000002 1.0000000180025095e-35 1.5000000000000002 23.500000000000004 5.5000000000000009 1.5000000000000002 5.5000000000000009 31.500000000000004 12.500000000000002 1.0000000180025095e-35 1.0000000180025095e-35 18.500000000000004 24.500000000000004 1.0000000180025095e-35 12.500000000000002 31.500000000000004 21.500000000000004 4 32.500000000000007 36.500000000000007 13.500000000000002 31.500000000000004 12.500000000000002 5 6 13.500000000000002 25.500000000000004 7 2.5000000000000004 8 1.0000000180025095e-35 1.5000000000000002 5.5000000000000009 9 1.0000000180025095e-35 1.5000000000000002 18.500000000000004 3.5000000000000004 2.5000000000000004 28.500000000000004 7.5000000000000009 31.500000000000004 10 12.500000000000002 1.5000000000000002 5.5000000000000009 23.500000000000004 3.5000000000000004 11.500000000000002 1.5000000000000002 3.5000000000000004 10.500000000000002
decision_type=2 8 1 1 8 9 9 10 10 2 2 2 2 10 2 2 2 10 10 2 8 2 10 2 8 10 10 9 8 10 2 10 2 9 1 2 8 1 10 9 2 8 2 9 2 2 2 2 2 8 10 10 1 10 2 2 10 2 2 2 2 2
left_child=2 -2 3 4 6 10 7 8 -1 -8 24 12 18 26 -15 -14 17 -17 19 -7 21 25 -20 -24 -5 -21 -13 -6 -12 -30 31 -22 33 47 38 36 -36 -38 39 41 55 -34 43 44 45 -43 -47 48 49 52 -51 -52 -3 -54 -53 58 -57 -58 60 -60 -35 -62
right_child=1 32 -4 5 27 11 9 -9 -10 -11 28 13 15 14 -16 16 -18 -19 22 20 30 -23 23 -25 -26 -27 -28 -29 29 -31 -32 -33 34 40 35 -37 37 -39 -40 -41 -42 42 -44 -45 -46 46 -48 -49 -50 50 51 54 53 -55 -56 56 57 -59 59 -61 61 -63
leaf_value=-0.04872190427790149 0.025664242712921097 0.0017772248373363509 -0.0083969954370687813 0.025440194085294125 -0.0046908485815359132 -0.048314695050545538 0.063570542138371128 0.013844417107233015 0.016998543678359339 0.016152718458643401 -0.03634538220281288 0.013443248586834558 -0.049586488192026525 -0.0061963844838653108 0.040638203976876508 -0.022846996452863744 -0.049425581076450772 0.010943191886996597 -0.013915938071307322 0.02025415952616836 -0.0027545355015530571 -0.032617519410169694 0.0010491296466617684 0.046566409003496005 -0.021861106793443778 0.071237579543235258 0.058858762393717637 -0.04866771637434783 0.010753853982933843 -0.035605830179968233 -0.001424170863803667 -0.049761553725041416 -0.0035179082113975342 0.006482053029565003 0.035500349114240312 0.0013529603801408962 0.015103938744116622 -0.0057324703090443178 0.018849632525305398 0.0014264037005758876 -0.0010638288751727129 0.030591773426791632 0.031068379876850547 -0.031430822729882138 -0.012359453048712908 -0.019646799095180661 0.012878510091912539 -0.008047690006034152 0.0064302251016732873 0.0063746850063192305 0.013784842141840068 -0.015702284888349315 -0.022881547760496113 0.0016439229961117048 -0.049178318790858891 -0.027387685400835186 -0.012019754753637113 0.016357721907577283 0.014730231057339772 -0.028917063325435723 -0.010349395514585835 0.024111622175625451
leaf_weight=4.0893470719456664 6.4864750653505316 31.187329292297363 392.99656569957733 4.0350703299045589 4.4782571420073509 4.1646473333239546 4.1670207977294904 25.141003683209419 2.9271398708224297 7.9497185945510864 14.533681832253935 4.6327458471059781 5.2874756082892445 26.545587807893757 3.2132423743605605 8.9619123339653068 3.2685560658574095 7.5185170397162429 4.2919229045510319 3.6487732827663404 4.2413620874285716 3.0508613288402557 5.9931560754775983 5.7738975808024406 3.6099139824509621 2.9476460218429565 3.535821832716465 3.9367717653512937 4.8844726383686048 3.5939356535673141 17.730681702494621 4.0659464299678802 774.71917454898357 368.99465417861938 14.537088289856909 2996.8059710413218 30.490040838718414 26.915925398468971 17.491445422172546 638.51591370999813 987.50054232776165 13.222645848989485 10.450741857290266 5.5717040449380866 19.249012917280197 7.6592835485935238 17.75357773900032 183.18830715119839 76.015276655554771 81.234919637441635 12.867601439356802 19.339145034551624 45.247059926390648 14.192124605178831 5.9768712967634192 13.506100699305533 22.172136276960373 18.491928845643997 8.4233746379613894 15.397557467222212 45.045018240809441 8.6465975046157819
leaf_count=35 25 123 2931 27 33 36 18 154 18 47 109 31 42 191 18 64 26 54 32 26 29 24 43 37 27 19 17 34 32 28 127 32 3103 1437 52 11836 114 109 66 2523 3928 48 38 24 79 32 68 745 296 317 49 80 191 56 27 58 91 70 32 66 184 32
internal_value=-0.000180392 0.000405115 -0.00661106 -0.00259658 0.00605028 -0.00583171 0.0133687 0.0061752 -0.0213046 0.03246 -0.0189168 -0.00294767 -0.00725038 0.00623525 -0.00113937 -0.0218167 -0.0143818 -0.00743161 -0.00072744 -0.00642665 -0.00153811 0.0191115 0.013415 0.0233837 0.00310481 0.0430364 0.0331017 -0.0252644 -0.0262327 -0.00889768 -0.00918897 -0.0257617 0.000380027 -0.000714256 0.000848385 0.00161448 0.0127325 0.00696687 -0.00072003 -0.000955046 0.000287945 -0.00274688 0.00533536 0.00109734 0.00422835 0.0124927 0.00307558 -0.00389264 -0.00123182 -0.00400471 0.000817491 -0.0110053 -0.0103589 -0.0145738 -0.0236057 0.00295409 -0.00616425 0.000884865 0.00406032 -0.0134828 0.00504899 -0.00479973
internal_weight=7132.51 6537.3 595.216 202.219 52.6893 149.53 44.2742 32.1575 7.01649 12.1167 30.6571 118.873 80.9454 37.9274 29.7588 25.0365 19.749 16.4804 55.9089 39.8499 35.6853 9.64728 16.059 11.7671 7.64498 6.59642 8.16857 8.41503 23.0121 8.47841 26.038 8.30731 6530.81 1957.43 4573.38 3068.75 71.9431 57.406 1504.63 1487.14 1488.18 848.626 73.907 63.4562 57.8845 38.6355 25.4129 469.249 286.06 210.045 119.419 38.1836 90.6265 59.4392 25.316 500.677 54.1702 40.6641 446.507 23.8209 422.686 53.6916
internal_count=30240 25899 4341 1410 339 1071 272 207 53 65 223 848 591 257 209 186 144 118 405 293 257 69 112 80 54 45 48 67 169 60 188 61 25874 7782 18092 12111 275 223 5981 5915 5898 3392 289 251 227 148 100 1884 1139 843 473 156 370 247 107 1970 219 161 1751 98 1653 216
cat_boundaries=0 1 2 3 4 5 6 7 8 9 10 11
cat_threshold=9 2 4 1 4 4 5 24 4 1 36
is_linear=0
shrinkage=0.04


Tree=72
num_leaves=63
num_cat=11
split_feature=7 9 12 15 9 16 8 0 16 11 8 1 9 6 8 8 0 0 0 8 0 9 9 1 1 8 9 1 13 8 12 8 11 0 0 11 14 8 6 1 12 1 8 9 11 14 9 9 9 12 6 0 15 6 9 0 6 9 1 8 1 1
split_gain=15.5797 2.45429 2.22488 3.59106 6.35206 3.64029 3.12268 3.91022 2.93081 4.49679 4.39714 3.40987 4.89454 2.91873 2.74915 2.47764 3.90813 3.51334 2.44654 2.4243 2.65643 2.27034 2.64713 2.16152 2.20188 1.99377 1.99146 1.98203 3.57486 5.03695 5.39492 9.6433 4.39287 4.3357 3.70546 5.81836 3.44184 4.11357 3.66891 3.60731 3.18349 5.30024 5.45419 5.91508 3.91691 3.65454 4.50901 5.07508 3.15298 3.60754 3.33092 3.30097 6.91468 5.00144 7.2817 4.12197 10.1233 5.43347 4.41359 5.77757 4.23464 4.10777
threshold=2.5000000000000004 2.5500000000000003 0 1 3.9500000000000006 2 36.500000000000007 12.500000000000002 3 1.0000000180025095e-35 28.500000000000004 12.500000000000002 4.8500000000000005 1.5000000000000002 23.500000000000004 22.500000000000004 7.5000000000000009 7.5000000000000009 12.500000000000002 32.500000000000007 7.5000000000000009 4.1500000000000012 4.3500000000000005 17.500000000000004 19.500000000000004 34.500000000000007 4.4500000000000011 12.500000000000002 4 35.500000000000007 5 23.500000000000004 2.5000000000000004 7.5000000000000009 12.500000000000002 1.0000000180025095e-35 6 22.500000000000004 2.5000000000000004 10.500000000000002 7 13.500000000000002 25.500000000000004 4.7500000000000009 2.5000000000000004 8 3.6500000000000008 3.7500000000000004 4.6500000000000012 9 5.5000000000000009 12.500000000000002 10 2.5000000000000004 4.7500000000000009 7.5000000000000009 1.0000000180025095e-35 4.7500000000000009 18.500000000000004 24.500000000000004 22.500000000000004 22.500000000000004
decision_type=2 8 1 1 10 9 10 8 9 10 8 2 10 2 10 8 10 10 8 8 10 10 10 2 2 10 10 2 9 8 1 10 8 8 10 10 9 8 2 2 1 2 8 10 10 9 8 10 10 1 2 10 1 2 10 8 2 10 2 10 2 2
left_child=2 -2 3 4 -1 13 8 -8 9 10 -6 -10 -13 18 15 16 -7 -17 -5 -15 -21 -16 25 -11 -25 -23 -24 28 29 30 31 33 34 -3 -31 -36 37 39 -38 -35 44 42 -42 -44 45 46 -29 -48 -43 50 51 55 61 -54 -55 56 -50 58 -57 -60 -59 -53
right_child=1 27 -4 5 6 14 7 -9 11 23 -12 12 -14 19 21 17 -18 -19 -20 20 -22 22 26 24 -26 -27 -28 40 -30 32 -32 -33 -34 36 35 -37 38 -39 -40 -41 41 48 43 -45 -46 -47 47 -49 49 -51 -52 52 53 54 -56 57 -58 60 59 -61 -62 -63
leaf_value=-0.047270183809815992 0.020141422306162955 0.013060215120392323 -0.0081103896456353151 0.024058216370334087 -0.048312767418258469 0.023516717754720858 -0.048985519486847096 0.015212515941957803 0.059680421461396738 0.0018447254351699948 0.016173207413660073 -0.014333194499792628 0.048279888091082607 -0.03567088530880809 -0.025271999202710831 0.0038090776338356044 -0.019214195554313755 0.055975173477509563 -0.021269858079138792 -0.035076303809473526 0.010444849865120384 -0.00012740291151231507 -0.035164918483442394 0.045252414596453204 0.012940794295745009 0.037481292496341759 -0.0048115030632116477 0.030948316381870813 0.00050796549592906147 -0.0053653395849811982 -0.0052100945729953363 0.0077946755887474684 -0.041075641197166189 0.015438769324470128 -0.058787687524187851 -0.011271674962863014 -0.051276741150331213 -0.034869046879421176 -0.014924336837193533 -0.018367157960069592 0.034238634743211316 -0.00019995178816939414 0.016854467145255562 -0.0095822713399988883 0.018151083319332014 0.0013695224188197156 -0.03929611189061382 -0.0026247727092448465 -0.030660763043393508 0.0034311098457524142 0.0079759717558752011 0.016391026939588046 0.0013122657753178962 -0.066795563818274423 -0.010521399363491302 0.019153740114976801 0.0060306002044934453 -0.017912439827103267 -0.041738682495336937 0.0034581917697677125 0.0095222567678969368 -0.017215968355219515
leaf_weight=3.2513270229101172 10.050000250339506 9.6922096014022809 391.00360494852066 4.0949172750115421 3.9615997597575214 6.0866663753986376 2.9926089942455283 3.0807510241866112 4.2591115385293952 10.26288039237261 2.9529124274849892 4.2085610479116422 3.8023188561201096 14.222501635551454 8.6939634904265386 4.642287001013754 7.8299591541290283 3.7217618823051453 3.5628185123205185 3.5263795182108861 4.9029164686799049 5.0918349847197515 3.6259655505418769 5.6655406132340422 8.3442270904779416 4.0487211719155312 74.841280318796635 6.3482861071825019 1305.6907448172569 156.39161720871925 227.11874561011791 183.06409667432308 6.4805028587579718 12.113214254379278 5.4295956343412426 17.137725949287415 7.5114955753088024 6.6175287812948218 10.870934292674063 8.6615095138549787 14.471213683485983 1282.4701068252325 35.458653569221497 21.907931327819824 17.439101099967957 638.43605978786945 6.0821398645639411 836.34491373598576 13.950638473033903 1305.9916285425425 57.841498047113419 56.065015509724617 30.383817464113235 4.9063953161239651 14.707111671566961 15.742440640926359 87.449331447482109 83.65855684876442 6.0937557667493847 17.581869453191757 10.087386578321455 6.4931974261999121
leaf_count=31 39 37 2931 27 35 39 25 21 18 64 18 30 17 109 75 33 55 21 27 28 32 36 29 31 49 27 533 23 5172 631 915 711 29 46 25 70 34 29 45 36 52 5088 134 89 66 2523 27 3342 60 5127 224 212 120 23 60 59 341 348 27 69 39 27
internal_value=-0.000173363 0.00038968 -0.00638326 -0.00250819 0.00579267 -0.00563019 0.0104454 -0.0164207 0.0142 0.0076844 -0.0207734 0.0307611 0.0153858 -0.0183796 -0.00284626 0.00981573 -0.000525124 0.0270215 0.00296899 -0.0255967 -0.00859884 -0.00577577 -0.00384102 0.0157911 0.0260076 0.016531 -0.00621413 0.000359266 -0.000705984 -0.00310061 -0.000928018 0.00323211 -0.00872333 -0.0112436 -0.00755178 -0.0227038 -0.0163896 -0.00740432 -0.0297788 0.00134422 0.000815393 0.00155211 0.0122941 0.00675845 -0.000691156 -0.000916748 -0.00263645 -0.00288953 0.0012995 0.00242343 -0.000889074 -0.00239189 0.00323914 -0.00737688 -0.0245986 -0.00509395 0.000982591 -0.00972103 0.00273942 -0.00817482 -0.0149604 0.0111245
internal_weight=7129.42 6536.74 592.677 201.674 52.7818 148.892 49.5305 6.07336 43.4572 31.1872 6.91451 12.27 8.01088 30.3095 118.582 22.2807 13.9166 8.36405 7.65774 22.6518 8.4293 96.3018 87.6078 24.2726 14.0098 9.14056 78.4672 6526.69 1956.78 651.089 465.65 238.531 185.439 55.4669 178.959 22.5673 45.7747 27.3923 18.3824 20.7747 4569.91 3065.26 71.8378 57.3666 1504.65 1487.21 848.775 842.427 2993.42 1710.95 404.961 347.12 112.556 49.9973 19.6135 234.564 101.4 133.164 39.4181 23.6756 93.7459 62.5582
internal_count=30240 25899 4341 1410 339 1071 308 46 262 197 53 65 47 223 848 148 94 54 54 169 60 700 625 144 80 63 562 25860 7780 2608 1853 938 755 227 726 95 190 111 79 82 18080 12099 275 223 5981 5915 3392 3369 11824 6736 1609 1385 442 203 83 943 401 542 155 96 387 239
cat_boundaries=0 1 2 3 4 5 6 7 8 9 10 11
cat_threshold=9 2 4 1 3 7 4 5 4 32 9
is_linear=0
shrinkage=0.04


Tree=73
num_leaves=63
num_cat=11
split_feature=7 9 12 15 8 9 16 16 11 8 1 9 6 4 14 8 8 9 6 9 0 9 8 8 9 0 14 1 9 0 1 0 1 8 1 8 8 8 1 16 15 11 1 0 8 12 7 0 8 0 6 1 8 0 6 1 13 8 15 0 8 6
split_gain=14.4534 2.27597 2.06836 3.31377 5.67054 3.46486 3.41456 3.11479 3.62413 4.20103 3.03227 4.4329 2.75907 2.70423 4.22056 3.96577 3.81721 2.99645 2.57299 3.8038 3.34943 3.09695 2.33058 2.61255 2.32027 2.24814 2.06794 2.0234 3.10679 5.06816 4.07846 3.7533 4.01037 4.14091 2.65287 2.5445 2.16226 1.90835 2.02652 3.66728 3.18644 4.67483 4.85084 3.90479 3.49698 3.06473 5.63141 3.81345 3.62574 4.5424 4.5147 3.40498 3.14228 3.85458 3.07934 3.4219 3.0213 5.02909 4.27376 4.47761 7.33639 8.25249
threshold=2.5000000000000004 2.5500000000000003 0 1 36.500000000000007 4.6500000000000012 2 3 1.0000000180025095e-35 28.500000000000004 12.500000000000002 4.8500000000000005 1.5000000000000002 1.0000000180025095e-35 4 38.500000000000007 31.500000000000004 4.0500000000000007 1.0000000180025095e-35 4.3500000000000005 12.500000000000002 4.5500000000000007 32.500000000000007 36.500000000000007 4.4500000000000011 12.500000000000002 5 9.5000000000000018 4.8500000000000005 7.5000000000000009 18.500000000000004 7.5000000000000009 17.500000000000004 32.500000000000007 16.500000000000004 24.500000000000004 30.500000000000004 44.500000000000007 12.500000000000002 6 7 1.0000000180025095e-35 8.5000000000000018 1.0000000180025095e-35 36.500000000000007 8 3.5000000000000004 12.500000000000002 24.500000000000004 7.5000000000000009 5.5000000000000009 9.5000000000000018 34.500000000000007 1.0000000180025095e-35 3.5000000000000004 8.5000000000000018 9 35.500000000000007 10 1.0000000180025095e-35 26.500000000000004 4.5000000000000009
decision_type=2 8 1 1 8 8 9 9 10 10 2 10 2 2 9 8 8 10 2 10 10 10 8 10 8 8 9 2 10 8 2 8 2 8 2 8 10 10 2 9 1 10 2 10 8 1 2 10 10 8 2 2 10 10 2 2 9 10 1 10 8 2
left_child=2 -2 3 4 7 -6 12 8 9 -1 -9 -12 25 17 15 24 -16 -8 20 -20 -19 -21 -14 -24 -15 -5 -23 -28 31 -30 36 35 34 -34 -33 -29 -31 38 39 40 45 -42 -43 -44 -45 48 47 54 50 -50 51 -3 53 -48 55 -47 58 -58 -41 60 61 -60
right_child=1 37 -4 6 5 -7 13 10 -10 -11 11 -13 22 14 16 -17 -18 18 19 21 -22 26 23 -25 -26 -27 27 28 29 30 -32 32 33 -35 -36 -37 -38 -39 -40 56 41 42 43 44 -46 46 52 -49 49 -51 -52 -53 -54 -55 -56 -57 57 -59 59 -61 -62 -63
leaf_value=-0.04792586499774764 0.019449678840427614 0.012605153805933434 -0.0078324083602144441 0.022774441765587346 0.0038032336033732208 -0.048502330120702049 -0.046567089173819673 0.056196340924244963 0.012587088287220188 0.015396121619080385 -0.013877199007917762 0.045570616808081825 -0.035008877917047702 -0.048568871103037356 0.033869307872133006 0.034433136800392283 -0.0029631416328576811 -0.047985933753427225 0.019677152762998418 -0.03344423031870259 0.0083083921543684758 -0.029022420541176697 0.010561413448692507 -0.034739627537305133 -0.0082573920166216248 -0.020690091652278225 -0.023387055620409831 0.057299725927021261 -0.050097767339931806 -0.0027743749810329376 -0.034042237623576194 0.00061420147881287724 -0.035640552518859767 0.021731213742468617 0.047581867938109534 0.015144178364329979 0.043296896696216156 0.02127127262871371 0.00078324554914176116 -0.0032953826692937115 -0.014510712314681774 -0.0097176812480738728 -0.027476357388736806 0.0037184351896359354 0.029461035891595072 0.0014657802074447509 -0.023146368811909887 0.0067876610754522152 0.018273969981637894 -0.0065295172049354587 0.044278609387955747 -0.019975846152236923 0.041590307983016848 0.021407318618564455 -0.024676185429393475 -0.01907510278212771 -0.00015470671286869033 -0.0091025817818717464 0.0044500644665673309 0.0011589351476420031 0.013393150711147179 -0.032708087320047624
leaf_weight=3.8363682031631461 9.9923285245895368 36.082862675189972 389.08028817176819 4.1515183672308948 3.7983032241463635 4.3435098454356202 2.9350105747580519 4.3404958099126807 25.468754284083843 2.9773622453212738 4.1736975610256177 3.8658833652734756 13.917995870113375 2.7619573920965204 11.501634813845159 3.0670333281159392 7.3975638821721068 4.735151343047618 10.103208526968954 6.2746845185756674 2.6305066719651222 4.7236899957060814 4.8896913453936559 3.4912328720092773 13.21705911308527 3.5170881971716881 5.8493637889623633 3.2418984100222596 4.2716086804866764 3.2333733886480331 3.314873956143856 4.9968766942620295 7.0455522760748837 2.8179691731929788 3.1290523707866669 7.809917353093625 3.286757692694664 6.9650870263576499 4569.330775976181 180.44521397352219 89.496618285775185 75.774257108569145 5.3878087848424903 49.949971973896027 10.160714596509932 29.373002782464027 4.9666315466165569 19.270313501358032 14.862032786011694 57.593592509627342 6.3003711253404608 5.9832543134689322 5.130039542913436 8.2974641323089582 24.925604790449142 23.245482474565506 604.0909808576107 120.5576695650816 43.444768384099007 379.89437225461006 142.35003967583179 12.262205958366392
leaf_count=35 39 138 2931 27 29 38 30 18 154 18 30 17 109 24 64 23 52 42 68 49 19 35 32 28 94 27 45 18 33 23 26 35 53 19 20 54 22 28 18080 722 370 310 23 196 37 116 21 75 56 233 22 25 18 31 106 97 2399 491 170 1500 543 53
internal_value=-0.000167199 0.000374116 -0.00616199 -0.00242059 0.00554902 -0.0241008 -0.00542933 0.0121965 0.00565496 -0.0202564 0.0292544 0.0147087 -0.0178565 -0.00274126 0.00606022 -0.00722859 0.0194523 -0.00689519 -0.00539208 -0.003029 -0.0278815 -0.0068527 -0.0249741 -0.00830959 -0.0152252 0.0028401 -0.00374677 -0.00131001 0.00168287 -0.0137175 0.00208338 0.00916353 -0.00210758 -0.0192497 0.0187 0.0275099 0.0204499 0.000344909 0.000322552 -0.000757054 -0.00384908 -0.00705225 -0.00282649 0.00514582 0.00806979 -0.000401519 -0.00486067 -0.00913732 0.00389698 -0.00144185 0.0127006 0.00797101 0.0150062 0.00472456 -0.0130948 -0.00760865 0.000216186 -0.00162097 0.00196703 0.00363814 0.0085772 -0.00372918
internal_weight=7126.33 6536.13 590.197 201.117 52.8044 8.14181 148.312 44.6626 32.2825 6.81373 12.3801 8.03958 29.9675 118.345 37.9452 19.046 18.8992 80.3995 77.4645 70.0988 7.36566 59.9956 22.2989 8.38092 15.979 7.66861 53.7209 48.9972 43.1479 14.1066 9.83501 29.0413 17.9895 9.86352 8.12593 11.0518 6.52013 6526.14 6519.18 1949.85 466.8 230.769 141.273 65.4985 60.1107 236.031 115.209 96.8144 120.822 72.4556 48.3665 42.0661 18.3941 13.2641 77.5441 52.6185 1483.05 724.649 758.397 577.951 198.057 55.707
internal_count=30240 25899 4341 1410 339 67 1071 272 207 53 65 47 223 848 257 141 116 591 561 500 61 432 169 60 118 54 383 348 303 104 71 199 127 72 55 72 45 25860 25832 7752 1874 936 566 256 233 938 464 394 474 289 185 163 70 52 319 213 5878 2890 2988 2266 766 223
cat_boundaries=0 1 2 3 4 5 6 7 8 9 10 11
cat_threshold=9 2 4 1 4 2 4 10 101 4 1
is_linear=0
shrinkage=0.04


Tree=74
num_leaves=63
num_cat=9
split_feature=7 9 9 6 10 12 16 11 6 0 16 4 1 6 6 1 10 10 0 9 1 0 9 1 0 6 6 1 9 0 1 9 9 14 6 12 6 1 13 10 9 1 5 11 9 9 0 9 5 1 9 9 2 9 14 9 6 9 12 6 0 16
split_gain=13.4135 2.14142 2.0378 3.19728 3.55702 2.36899 1.79037 4.11507 3.22339 2.72131 2.58259 8.5462 2.25113 2.14609 2.11094 3.07441 4.9563 4.81481 5.13336 3.90588 3.53394 2.94834 2.27443 2.22292 1.94341 4.68155 2.84299 3.28304 2.79311 2.66291 2.15173 1.9318 3.77461 1.92248 1.9124 1.71155 3.95832 2.88235 5.29324 5.71437 7.44712 4.89829 4.57957 4.59065 4.38603 4.0575 5.37541 3.83646 3.74067 7.20897 7.1671 5.31056 3.40457 3.21435 3.02983 6.20805 3.02483 2.91611 3.32818 3.07192 3.0421 3.96278
threshold=2.5000000000000004 1.7500000000000002 3.9500000000000006 1.5000000000000002 1.5000000000000002 0 1 1.0000000180025095e-35 1.5000000000000002 7.5000000000000009 2 1.0000000180025095e-35 9.5000000000000018 1.5000000000000002 1.5000000000000002 21.500000000000004 1.5000000000000002 1.5000000000000002 12.500000000000002 4.5500000000000007 18.500000000000004 12.500000000000002 4.7500000000000009 9.5000000000000018 7.5000000000000009 3.5000000000000004 2.5000000000000004 19.500000000000004 4.8500000000000005 12.500000000000002 16.500000000000004 4.5500000000000007 4.8500000000000005 3 3.5000000000000004 4 1.0000000180025095e-35 12.500000000000002 5 1.5000000000000002 4.7500000000000009 13.500000000000002 1.0000000180025095e-35 1.5000000000000002 4.6500000000000012 4.2500000000000009 7.5000000000000009 4.8500000000000005 1.0000000180025095e-35 11.500000000000002 4.6500000000000012 4.4500000000000011 1.0000000180025095e-35 4.9500000000000011 6 4.9500000000000011 1.0000000180025095e-35 4.6500000000000012 7 5.5000000000000009 12.500000000000002 8
decision_type=2 8 10 2 2 1 9 8 2 10 9 2 2 2 2 2 2 2 8 10 2 8 10 2 10 2 2 2 8 10 2 10 10 9 2 1 2 2 9 2 10 2 2 8 8 8 8 10 2 2 10 8 2 10 9 8 2 10 1 2 10 9
left_child=2 -2 3 4 -1 6 7 8 -4 12 14 -12 -9 -11 31 16 24 21 -19 20 -18 22 -17 -21 25 -16 -26 28 29 -28 -31 -8 -33 -10 -15 36 -3 38 39 40 48 44 43 53 -39 46 -40 -44 49 51 -51 -37 -49 -42 55 -41 -56 -43 59 60 -59 -62
right_child=1 35 5 -5 -6 -7 10 9 33 13 11 -13 -14 34 15 17 19 18 -20 23 -22 -23 -24 -25 26 -27 27 -29 -30 30 -32 32 -34 -35 -36 37 -38 41 45 54 42 57 47 -45 -46 -47 -48 52 -50 50 -52 -53 -54 -55 56 -57 -58 58 -60 -61 61 -63
leaf_value=0.026228902244430433 0.023575644478114582 0.0036798976261456506 0.043461712153230712 -0.022182956028768849 -0.023174793278928012 -0.0071951471592936293 -0.025734125798289622 -0.0095572942418865967 0.012805886971617867 0.020817998002301427 -0.021917760235694229 0.065027503175361517 -0.044909087523077408 -0.03802310743190631 -0.026801427130692147 -0.0032190950270081908 0.040375280944480077 0.011472234276433369 0.071468394461535981 -0.049256522628730454 -0.018719090771943826 -0.023451265330196432 0.036982163063093119 -0.017425491394284953 0.041925468639577759 0.0078715070441787976 -0.014979661666774726 -0.017921138070596164 0.040983385916483622 -0.0033851117054294715 0.039481201856063262 0.0066262910328973657 -0.025634794928358646 -0.020739159754002326 -0.0018350406759523206 0.0085232895878383143 -0.0012849560586196598 0.02323338382370722 -0.011377416735509512 0.020137663509584926 0.0033409348874381974 -0.00022456809617515058 0.035617204656133265 -0.038343873322596735 0.0032385892193697754 0.00019382673629509485 0.015537047483273305 0.025937094089544459 -0.022069087247527413 -0.048937401904198742 0.0080504936174671336 -0.010783896451765061 -0.0084871399688024509 -0.016613754605838787 -0.01724888921769081 -0.022759835628778369 0.0015766128055896616 -0.0049202660302615818 0.0032651352891433574 0.0076339251856754331 -0.0010553213984276196 0.016708978186617384
leaf_weight=5.3815786093473417 6.3504073321819297 298.57657557725906 3.2166791334748259 26.838941484689713 4.1145818009972572 359.55644243955612 8.5726388618350011 4.5374741554260272 6.1845295950770378 3.5135049223899832 3.4418896436691275 3.8124093115329742 7.8994322940707207 3.7638964131474477 8.7650209590792674 5.2474981024861318 3.2612908706069019 5.3204967156052581 3.9951950386166581 4.5576395243406322 3.2156238034367561 5.2901263236999521 3.9441550821065903 15.275166496634482 4.4047062471509006 21.547576114535332 5.6053508967161232 6.2818916738033286 5.0278416797518721 3.2546582818031311 4.4153654277324677 17.815583117306236 8.6057611703872663 4.898779943585394 6.1611653491854668 31.441670000553131 1842.1116965562105 30.681211560964584 14.924282968044279 29.079627007246017 52.701675683259964 1285.3800743967295 9.2111720293760317 5.8825504034757605 41.02351239323616 821.69028815627098 58.07262347638607 7.3255042731761941 49.120188891887665 12.63837940990925 4.9000007063150397 82.876792922616005 12.340497061610222 17.108812540769577 16.129335194826126 6.6280184239149085 89.061368569731712 234.60746452212334 1305.4735012203455 57.779846966266632 86.289829015731812 26.190275937318802
leaf_count=39 25 1172 20 258 36 2680 67 30 40 22 25 20 60 28 67 37 19 30 19 37 25 37 23 109 28 147 39 46 33 23 26 126 68 35 42 122 7336 114 61 109 207 5100 33 26 161 3258 221 27 208 57 19 339 50 71 67 28 352 943 5127 224 343 99
internal_value=-0.000161493 0.000359022 -0.00594971 -0.015125 0.00482282 -0.00534508 -0.00142796 -0.00901035 0.00821009 -0.0185272 0.000486517 0.0237753 -0.0320114 -0.00604803 -0.000683424 0.00205171 -0.00148347 0.0147696 0.0372026 -0.0159328 0.0110364 0.000339118 0.0140313 -0.0247404 0.00492705 -0.00215432 0.0123315 0.00702944 0.0155928 0.0059765 0.0212915 -0.00923487 -0.00388155 -0.00202089 -0.0155587 0.000336441 -0.000589719 0.00078776 -0.000772462 -0.00438146 -0.00773677 0.00146231 0.000761349 -0.00440897 0.011794 0.000985692 0.0100344 0.0143138 -0.0126471 -0.00913711 -0.0330157 -0.00547373 0.00433575 -0.00154946 0.00210751 0.0121751 -0.00130998 0.00121502 0.00229691 -0.000883884 -0.00232731 0.00308098
internal_weight=7123.32 6535.6 587.725 36.3351 9.49616 551.39 191.833 40.1755 14.3 25.8755 151.658 7.2543 12.4369 13.4386 144.404 109.41 85.6121 23.7975 9.31569 26.3097 6.47691 14.4818 9.19165 19.8328 59.3024 30.3126 28.9898 24.5851 18.3032 13.2754 7.67002 34.994 26.4213 11.0833 9.92506 6529.25 2140.69 4388.56 1321.13 426.446 285.547 3067.43 104.57 75.693 71.7047 894.687 72.9969 28.8772 180.977 131.857 17.5384 114.318 19.666 69.8105 140.898 35.7076 105.191 2995.72 1710.34 404.867 347.088 112.48
internal_count=30240 25899 4341 333 75 4008 1328 277 95 182 1051 45 90 92 1006 745 599 146 49 190 44 97 60 146 409 214 195 167 121 88 49 261 194 75 70 25874 8508 17366 5255 1715 1159 12111 414 304 275 3540 282 110 745 537 76 461 77 278 556 137 419 11836 6736 1609 1385 442
cat_boundaries=0 1 2 3 4 5 6 7 8 9
cat_threshold=9 4 1 4 5 3 4 32 1
is_linear=0
shrinkage=0.04


Tree=75
num_leaves=63
num_cat=4
split_feature=7 6 15 11 9 11 8 0 1 8 8 1 12 8 8 1 10 1 8 8 0 1 9 9 1 9 9 0 8 9 8 11 8 0 11 14 8 8 1 0 9 6 1 11 8 10 8 8 8 8 6 9 1 1 5 1 14 10 4 8 8 5
split_gain=17.663 2.02123 4.2891 4.95965 4.71681 4.51978 4.25965 3.89865 4.49632 5.66752 4.38647 3.23825 3.06923 9.30782 8.02018 7.40793 5.16939 3.65847 3.59528 2.9964 2.97387 10.0664 2.88167 2.72646 2.65947 3.64554 2.57473 5.02935 4.79153 4.57093 3.76729 6.67177 4.27758 3.87696 3.00771 3.62121 4.02624 3.78906 4.37106 3.06315 4.7942 3.05604 2.77637 2.81215 2.55816 2.53008 4.882 4.06694 5.70616 3.45535 2.96664 2.489 2.72435 2.37815 2.28172 2.237 2.21191 2.73997 2.35445 2.83348 3.54347 2.73943
threshold=2.5000000000000004 2.5000000000000004 0 1.0000000180025095e-35 4.6500000000000012 1.0000000180025095e-35 36.500000000000007 12.500000000000002 17.500000000000004 29.500000000000004 32.500000000000007 22.500000000000004 1 28.500000000000004 25.500000000000004 21.500000000000004 1.0000000180025095e-35 9.5000000000000018 26.500000000000004 29.500000000000004 1.0000000180025095e-35 10.500000000000002 4.7500000000000009 4.9500000000000011 18.500000000000004 4.8500000000000005 4.6500000000000012 7.5000000000000009 23.500000000000004 4.8500000000000005 33.500000000000007 1.0000000180025095e-35 31.500000000000004 12.500000000000002 2.5000000000000004 2 21.500000000000004 29.500000000000004 10.500000000000002 12.500000000000002 4.4500000000000011 1.0000000180025095e-35 20.500000000000004 1.0000000180025095e-35 23.500000000000004 1.0000000180025095e-35 37.500000000000007 31.500000000000004 26.500000000000004 26.500000000000004 3.5000000000000004 4.7500000000000009 19.500000000000004 16.500000000000004 1.0000000180025095e-35 17.500000000000004 3 1.5000000000000002 1.0000000180025095e-35 26.500000000000004 21.500000000000004 1.0000000180025095e-35
decision_type=2 2 1 10 10 8 10 10 2 10 10 2 1 10 10 2 2 2 10 10 10 2 8 8 2 10 8 8 8 8 10 8 10 10 8 9 10 10 2 8 8 2 2 10 8 2 8 8 10 10 2 8 2 2 2 2 9 2 2 10 10 2
left_child=1 26 3 6 -4 11 19 45 10 -10 -9 56 13 15 16 17 -14 -7 -16 -3 21 -20 -21 53 25 -19 27 -1 29 42 31 32 33 -30 35 37 -37 38 -29 -39 -41 -40 43 -28 -43 47 49 48 -5 -47 -51 52 -32 -22 -52 -45 -6 58 59 60 -58 -61
right_child=-2 2 4 7 5 12 -8 8 9 -11 -12 -13 14 -15 18 -17 -18 24 20 22 23 -23 -24 -25 -26 -27 28 34 30 -31 51 -33 -34 -35 -36 36 -38 39 41 40 -42 44 -44 55 -46 46 -48 -49 -50 50 54 -53 -54 -55 -56 -57 57 -59 -60 61 -62 -63
leaf_value=-0.021237687167663936 0.00060529072230391468 0.010711485183016897 -0.013509139976198663 -0.038889462937710388 0.0087408107396131501 0.073110442073206008 -0.031041823154395277 0.00467013759760216 0.024464310861650684 -0.038261969838489999 0.06527997923072057 0.01689738143258673 0.0047428817344279655 -0.0058887697387666957 0.040327569039692882 -0.013907738143079806 -0.046220544033934143 0.036820071527268121 -0.022845438826296017 0.053089927400481129 0.015228244235514143 0.075960940886971418 0.0082410583322619774 -0.036984240282348362 0.048900008666853748 -0.019182040678732411 -0.032697516726522775 -0.035343790906611446 0.016381390904292244 -0.048781083316185497 0.017281478277811662 -0.012739084369038499 0.05637567268271311 -0.032758987889706145 0.038692946003770524 0.054202772625973214 0.0043427241343368976 -0.048424054153466213 -0.018802286423186071 -0.034106065523481409 0.017592839415982379 0.054552416372662699 -0.039324736305352576 -0.013828540850888865 0.010759115177648675 0.0072592857473196982 0.034235205159435754 -0.042919202828821307 0.022533746155671035 0.011319355800551014 -0.049264302490381329 -0.028790899167448591 -0.031717945003834236 -0.010031421118864015 -0.01342310928084894 0.033410071143888394 0.010302871745219329 -0.035921586979320325 -0.033588847168174771 0.014577604175612527 -0.048302509459668047 -0.020890819099155654
leaf_weight=21.863333784043789 6542.7867387384176 18.444998823106296 120.82726993411779 4.2991645038127917 5.0666971802711487 4.0901877358555856 2.8389612585306159 3.7424138784408596 4.7661412507295591 4.4626313671469688 3.9029913023114204 5.2711547613143912 4.5903517231345168 29.577666446566582 3.8684514090418807 5.3032985776662818 10.398024275898932 4.6282611936330778 3.4780027568340293 6.6987669914960835 9.3103928416967445 3.138496920466423 3.4846613332629213 3.8606385588645926 6.585798554122448 3.1092564016580582 3.2384881153702754 3.5212476029992095 13.181527264416223 10.834031850099562 4.6046281158924129 44.179398454725742 3.3562311232089987 3.1906137242913237 3.2098613977432242 2.8779136389493969 26.017636552453041 5.3070724979043034 3.1513824537396422 6.6470106989145252 5.0506171658635148 3.373787418007848 4.8195095583796492 2.8354033902287483 5.8085690885782251 11.284232228994375 4.8786538466811171 7.8529244512319556 5.536018468439579 3.2814499214291564 5.8496609181165677 20.758445762097836 2.9972995519638062 16.589571058750153 5.527319997549057 3.6930878087878227 2.5590863823890748 11.418267682194708 6.7702886909246436 10.484396442770956 4.6504694446921349 5.2182642295956603
leaf_count=176 25911 133 940 32 34 24 23 27 32 35 22 35 31 208 24 35 77 29 25 39 64 17 25 29 39 21 27 27 98 91 34 338 22 26 17 17 186 46 23 53 31 21 38 21 40 76 36 63 36 22 48 175 25 123 41 26 19 93 57 80 40 40
internal_value=1.12146e-05 -0.00666547 -0.00493099 0.00239716 -0.00728454 -0.00303832 0.0156925 -0.00363489 0.012926 -0.00586738 0.0356116 -0.0128046 0.00159056 0.00764552 -0.00477202 0.0277481 -0.0306124 0.0397454 0.00366582 0.0203269 -0.000232898 0.0240228 0.0377431 -0.00562552 0.0302176 0.0143161 -0.00986822 -0.00464309 -0.0137232 -0.0290999 -0.00948683 -0.00410255 0.015238 0.00680488 0.000941652 -0.00102055 0.00930864 -0.0101036 0.00396316 -0.0232194 -0.0117843 0.0151852 -0.0144819 -0.00222317 0.0268497 -0.00939567 -0.00247531 -0.0214543 -0.00431563 -0.00937891 -0.0221872 -0.0216199 -0.00203809 -0.0009512 -0.0318514 0.0128938 -0.0161958 -0.0192699 -0.0128643 -0.0067405 -0.0275001 0.00279084
internal_weight=7124.95 582.162 377.645 96.851 280.794 159.967 31.4674 65.3836 16.8742 9.22877 7.64541 51.4386 108.528 53.2945 55.2339 23.7168 14.9884 18.4135 40.2456 28.6284 36.3771 6.6165 10.1834 29.7606 14.3233 7.73752 204.517 86.8284 117.689 25.4205 92.2681 63.9078 19.7284 16.3721 64.9651 61.7552 28.8956 32.8597 15.855 17.0047 11.6976 12.3337 14.5865 9.76698 9.18236 48.5094 30.8213 17.6881 9.83518 25.9427 14.6584 28.3604 7.60193 25.9 11.377 6.52849 46.1675 41.1008 29.6825 22.9122 7.20956 15.7027
internal_count=30243 4332 2774 690 2084 1144 220 470 116 67 49 398 746 356 390 148 108 113 282 197 258 42 64 216 89 50 1558 637 921 203 718 484 146 124 461 444 203 241 111 130 84 84 112 74 61 354 223 131 68 187 111 234 59 187 89 47 363 329 236 179 59 120
cat_boundaries=0 1 2 3 4
cat_threshold=4 49 4 2
is_linear=0
shrinkage=0.04


Tree=76
num_leaves=63
num_cat=7
split_feature=7 6 15 11 9 11 8 0 1 8 8 1 6 9 0 2 6 14 8 8 8 15 2 6 4 1 6 8 14 3 9 0 8 9 8 11 8 0 15 8 9 0 14 6 11 8 1 11 0 10 8 8 8 8 6 9 1 14 5 5 5 11
split_gain=16.3854 1.89012 3.97224 4.53888 4.40241 4.20353 3.92056 3.59433 4.04982 5.29139 3.82394 3.00971 2.75113 2.89292 2.47412 3.42771 3.86016 2.77336 2.96126 3.96979 3.87436 3.19375 4.53378 4.2358 3.00132 6.06322 5.4954 2.48 5.46643 7.54684 2.41407 4.70604 4.5722 4.47754 3.55536 6.15174 3.76006 3.59808 2.84277 5.41575 4.11919 5.07184 6.08068 3.74683 3.49148 2.75805 2.64887 2.63052 2.40957 2.38239 4.4373 3.91498 5.32695 3.23615 2.80963 2.37429 2.53935 2.29457 4.45814 2.25218 2.23697 2.19015
threshold=2.5000000000000004 2.5000000000000004 0 1.0000000180025095e-35 4.6500000000000012 1.0000000180025095e-35 36.500000000000007 12.500000000000002 17.500000000000004 29.500000000000004 32.500000000000007 22.500000000000004 3.5000000000000004 4.7500000000000009 12.500000000000002 1.0000000180025095e-35 3.5000000000000004 1 35.500000000000007 34.500000000000007 36.500000000000007 2 1.0000000180025095e-35 5.5000000000000009 1.0000000180025095e-35 16.500000000000004 5.5000000000000009 24.500000000000004 3 1.0000000180025095e-35 4.6500000000000012 7.5000000000000009 23.500000000000004 4.8500000000000005 33.500000000000007 1.0000000180025095e-35 31.500000000000004 12.500000000000002 4 23.500000000000004 4.0500000000000007 12.500000000000002 5 1.0000000180025095e-35 1.0000000180025095e-35 34.500000000000007 20.500000000000004 1.0000000180025095e-35 7.5000000000000009 1.0000000180025095e-35 37.500000000000007 31.500000000000004 26.500000000000004 26.500000000000004 3.5000000000000004 4.7500000000000009 19.500000000000004 6 1.0000000180025095e-35 1.0000000180025095e-35 1.0000000180025095e-35 1.5000000000000002
decision_type=2 2 1 10 10 8 10 10 2 10 10 2 2 8 10 2 2 9 10 8 8 1 2 2 2 2 2 10 9 2 8 8 8 8 10 8 10 10 1 10 10 10 9 2 10 10 2 10 8 2 8 8 10 10 2 8 2 9 2 2 2 8
left_child=1 30 3 6 -4 11 12 49 10 -10 -9 -6 -3 -14 17 16 -16 -7 19 21 -20 22 24 -23 25 -19 48 -18 -29 -30 31 -1 33 46 35 36 37 -34 40 -40 -33 42 -42 -43 -41 -44 47 -32 -27 51 53 52 -5 -51 -55 56 -36 58 -22 -26 -56 -46
right_child=-2 2 4 7 5 14 -8 8 9 -11 -12 -13 13 -15 15 -17 27 18 20 -21 57 23 -24 -25 59 26 -28 28 29 -31 32 38 34 -35 55 -37 -38 -39 39 44 41 43 45 -45 61 -47 -48 -49 -50 50 -52 -53 -54 54 60 -57 -58 -59 -60 -61 -62 -63
leaf_value=-0.020668448579752696 0.00058111051577771841 0.042363858614050946 -0.013078772169113708 -0.038213576494137244 -0.015720821014513661 -0.020291273673869657 -0.030408080643554665 0.0044704889497603779 0.023149041397376165 -0.037628346847445204 0.060561808031496245 0.016063380778530673 0.024513785278395761 -0.00470886232911 -0.049892725837630644 0.030290327466982951 -0.031138752944011246 0.057006603568805866 -0.049710862147451698 0.046065467754580133 0.016831720403363313 3.7986586311137219e-05 -0.024782135778893211 -0.050034448587761238 -0.0099768678033856032 0.046547200329770222 -0.034295716521786063 -0.037532867369213137 -0.01942532624674612 0.048268971635920921 -0.032083320961203747 0.045193045926696158 0.015565128067564804 -0.048366350672008257 0.016409813279923233 -0.012327477934961237 0.052331116517957396 -0.032134242245927855 0.023593661321526613 -0.041678757096653855 -0.03225546753396593 0.05567921034615296 -0.0034180828136426322 0.0064498566000307954 -0.014078952256360005 0.04623365008517958 -0.038693433036395636 0.012271653790976561 0.011635587052330235 0.0069402707147627196 0.032169366009064559 -0.042350040507227689 0.021356749443475497 0.010795395505335544 -0.048823712585014833 -0.028176751924867738 -0.031094166511764214 0.029976549952949464 -0.048931232025958726 0.025774991038539904 -0.012991312021471616 0.020566653133321525
leaf_weight=21.572835527360439 6542.4402725994587 6.4332180619239869 119.83163767307997 4.2021707594394702 45.691038839519024 6.4014094024896622 2.7833403050899497 3.7529453039169338 4.8340285420417768 4.3583881705999374 4.0359072238206863 5.3219673410058013 13.410226196050646 9.0971816554665548 4.0235526040196481 3.1392228826880446 5.0379739850759533 7.8188862502574947 3.0474044084548924 4.7083689719438544 3.8519849926233292 14.071961477398874 4.0356389433145514 3.3457636013627043 7.4483721703290922 5.1927596777677545 3.0450057685375205 4.1509442552924156 4.9475774168968183 5.6373782008886337 3.1698660627007502 4.7600724101066616 13.315068714320665 10.496670909225939 4.6542064398527172 43.835449390113354 3.4685817286372176 3.1239006966352454 6.8291863203048697 6.5562808290123966 8.5752369239926338 4.2094193026423454 4.2887434214353553 5.998781181871891 17.124467477202419 3.0722902566194534 4.704555131494998 6.5804254040122032 8.0929276198148727 11.329849675297742 4.982071876525878 7.6443571969866744 5.6059937700629234 3.3026435375213614 5.6699819490313512 20.370404541492462 2.9363754615187645 3.1623282507061958 2.8843704834580421 4.5361114218831062 5.4834976568818092 3.5194236487150183
leaf_count=176 25911 39 940 32 363 45 23 27 32 35 22 35 89 69 32 20 36 44 24 29 28 98 30 26 52 31 22 32 36 36 27 32 98 91 34 338 22 26 45 53 66 23 30 38 130 19 38 47 53 76 36 63 36 22 48 175 25 21 24 27 41 25
internal_value=1.00924e-05 -0.00643645 -0.00475804 0.00228941 -0.00703287 -0.00293394 0.014935 -0.00351219 0.0123138 -0.00566726 0.033535 -0.0124049 0.0192958 0.0127024 0.00151571 -0.00899625 -0.0141787 0.00498393 0.00713429 0.0107518 -0.0102729 0.00786453 0.0123534 -0.00608617 0.0199197 0.0280407 0.0141723 -0.00691169 0.00137116 0.0166276 -0.00954564 -0.00448225 -0.0133004 -0.028482 -0.00916973 -0.00395336 0.014486 0.00650081 0.000895254 -0.00637856 0.00828701 0.00473729 -0.00936319 0.0267499 -0.0162488 0.0173052 -0.0140425 -0.00214836 0.0252809 -0.00908543 -0.00238922 -0.0208906 -0.00416532 -0.00906624 -0.0216112 -0.0210615 -0.00196684 0.00186847 -0.0113266 0.00355516 -0.0312071 -0.00817248
internal_weight=7121.95 579.513 376.35 96.9258 279.425 159.593 31.724 65.2018 16.9813 9.19242 7.78885 51.013 28.9406 22.5074 108.58 26.9366 23.7974 81.6433 75.2419 62.2958 12.9461 57.5874 40.1697 17.4177 36.1341 24.1496 16.3307 19.7739 14.7359 10.585 203.162 86.5067 116.656 24.9515 91.704 63.743 19.9076 16.439 64.9339 34.0294 30.9045 26.1445 15.9363 10.2082 27.2002 7.36103 14.4548 9.75029 13.2857 48.2206 30.768 17.4525 9.80816 25.786 14.4561 27.961 7.59058 9.89868 6.73636 11.9845 11.1535 20.6439
internal_count=30243 4332 2774 690 2084 1144 220 470 116 67 49 398 197 158 746 192 172 554 509 412 97 383 259 124 229 150 106 140 104 72 1558 637 921 203 718 484 146 124 461 253 208 176 115 61 208 49 112 74 84 354 223 131 68 187 111 234 59 73 52 79 89 155
cat_boundaries=0 1 2 3 4 5 6 7
cat_threshold=4 2 10 8 3 4 4
is_linear=0
shrinkage=0.04


Tree=77
num_leaves=63
num_cat=10
split_feature=7 1 12 14 8 9 0 10 9 8 16 9 9 8 8 9 8 10 11 10 8 7 8 11 8 15 16 17 11 0 14 8 4 9 1 1 12 16 12 10 0 9 9 1 8 8 8 9 8 7 9 0 9 9 0 9 1 8 8 11 9 9
split_gain=15.2 1.64614 2.18859 4.67478 4.95794 4.35222 2.95265 5.49241 3.81858 4.74442 2.4592 2.39849 5.41967 2.76558 3.36528 2.31029 2.24714 3.93409 2.29817 2.21968 2.2113 1.8739 1.8699 1.74134 1.62716 1.56421 5.15606 7.22893 10.2332 6.55667 10.0511 6.67791 7.97396 6.13613 6.12509 5.38198 8.94285 8.51316 7.11955 7.67927 7.11363 8.03768 5.78341 4.76679 4.1791 4.1505 5.26713 4.14755 4.01639 5.14582 3.40095 3.31953 3.21217 3.16668 3.0527 5.8133 4.40811 3.60165 3.34131 5.57422 5.56246 4.20612
threshold=2.5000000000000004 22.500000000000004 0 1 34.500000000000007 4.5500000000000007 7.5000000000000009 1.5000000000000002 4.9500000000000011 28.500000000000004 2 4.7500000000000009 4.8500000000000005 33.500000000000007 25.500000000000004 4.1500000000000012 21.500000000000004 1.0000000180025095e-35 1.0000000180025095e-35 1.5000000000000002 31.500000000000004 3.5000000000000004 32.500000000000007 1.0000000180025095e-35 25.500000000000004 3 4 5 1.5000000000000002 7.5000000000000009 6 38.500000000000007 1.0000000180025095e-35 4.5500000000000007 10.500000000000002 13.500000000000002 7 8 9 1.0000000180025095e-35 12.500000000000002 4.4500000000000011 4.0500000000000007 20.500000000000004 29.500000000000004 33.500000000000007 31.500000000000004 3.8500000000000001 35.500000000000007 3.5000000000000004 4.2500000000000009 12.500000000000002 4.5500000000000007 4.7500000000000009 7.5000000000000009 4.5500000000000007 11.500000000000002 32.500000000000007 23.500000000000004 1.0000000180025095e-35 4.6500000000000012 4.7500000000000009
decision_type=2 2 1 9 10 8 8 2 8 10 9 8 10 8 10 10 10 2 10 2 10 2 10 8 10 1 9 9 10 10 9 8 2 8 2 2 1 9 1 2 8 10 10 2 8 10 8 10 8 2 10 10 10 10 10 10 2 8 10 8 10 10
left_child=-1 25 3 4 5 -3 7 11 9 16 -11 13 -13 14 -5 -4 -8 24 -19 -6 -7 22 -12 -24 -18 26 29 -28 35 30 31 32 43 -32 -30 38 37 40 42 52 41 44 -29 45 -37 46 -2 -38 49 -42 -44 -50 -40 -51 56 -56 57 58 -41 60 -60 -61
right_child=1 2 15 6 19 20 8 -9 -10 10 21 12 -14 -15 -16 -17 17 18 -20 -21 -22 -23 23 -25 -26 -27 27 28 34 -31 33 -33 -34 -35 -36 36 47 -39 39 54 48 -43 50 -45 -46 -47 -48 -49 51 53 -52 -53 -54 -55 55 -57 -58 -59 59 61 -62 -63
leaf_value=-0.0062152415557610672 -0.0021255963961902026 -0.0075581085205557999 0.0077756307623415158 0.019470614175335681 -0.02642356856419795 0.027535971314998915 0.011224879670849315 -0.039855790681399661 -0.025366585369034987 0.02971029804826868 0.015845773996721768 -0.046392075490149516 0.0055300939461888233 0.030626609366271814 -0.023338474633327604 -0.0041805108288895648 -0.039937493980065047 -0.015919203131416142 0.015060378696869377 0.0052167916926244874 0.0047356234831531637 0.028688841355078942 0.012032408242465127 -0.013409081534044289 -0.013283728793193495 0.0011285221395505548 -0.019894602035985576 -0.01273108921175121 -0.021225650574336639 0.00082595233752245424 0.00047130531722378 0.028742356149211772 -0.025698884183786595 -0.027876692614822618 0.020884758140458769 0.014960496043220551 -0.036689528540649885 0.035477643284061604 0.01681096465727764 0.0035895758177656618 -0.012974536535739656 0.010136000044963376 0.037757843002331641 0.036006616779573515 -0.016865352628234995 -0.02263480612823798 0.037895636697732847 -0.0057647031998301181 -0.017045356837682716 -0.0039528297981016262 0.013164513332690687 0.013680722835271509 0.0022947375334812321 0.032870384275770367 -0.041760392350481901 -0.0069093586995217461 0.029982496400647669 0.003569947544004875 -0.0097415395524860209 -0.026453092029010489 -0.068113239938606296 0.0098526828838078808
leaf_weight=576.87664574384689 27.839352190494537 9.4498769640922529 27.915859699249268 5.2880148291587883 6.8031489253044111 31.507265463471413 9.0739430636167508 8.5496139228343946 7.7376426607370368 10.394352495670319 12.376590058207514 5.5632286518812162 7.6252961605787277 5.2115806341171256 6.6116892546415329 350.88714282214642 7.2046779096126574 6.4896511435508701 9.3533075898885727 7.4132227301597595 8.6810975670814496 5.7305431962013236 6.7428132742643383 11.903168991208075 7.4583699256181717 4468.5424651056528 26.30278804898262 13.146007195115088 6.1101786196231833 157.63359920680523 15.604198545217512 10.345373064279554 22.073976054787636 56.284341797232628 57.858481183648109 8.4125490784645063 7.0857751965522757 12.31853763759136 46.263782680034637 15.990143954753874 88.724195003509521 167.19067420065403 9.8463155180215818 6.1727318465709677 30.664781853556633 11.16774734854698 6.487699180841445 335.00132900476456 7.241295412182807 8.4988088458776456 104.26877754926682 25.216557890176773 51.585405588150024 6.6685873270034781 9.0491877794265729 49.809475123882294 6.8859685361385337 58.668660387396812 4.660085931420328 9.4114072769880313 5.9434653222560883 11.159754917025564
leaf_count=4332 111 39 109 20 29 116 35 38 33 38 47 25 30 19 28 1421 32 27 36 29 34 21 26 49 31 17658 110 54 26 623 62 38 94 241 216 32 31 44 175 63 364 643 35 22 127 47 23 1348 30 34 398 96 203 24 40 201 25 231 19 40 28 43
internal_value=9.04366e-06 0.000557895 -0.00148422 0.00190643 0.0109026 0.0168674 -0.00225952 -0.0115421 0.00155803 0.00396019 0.0125322 -0.00355296 -0.0163719 0.00632724 -0.00431488 -0.00321454 -0.00625073 -0.0114488 0.00237041 -0.00992449 0.0226109 0.00767393 0.00379202 -0.00420886 -0.02638 0.000755042 -0.000364458 0.000841043 0.00131216 -0.00492727 -0.0107417 -0.00135296 -0.00557511 -0.0217234 0.0168624 0.000402662 -0.00171414 0.00273023 0.00412211 0.000208042 0.00163251 0.00631862 0.0114895 0.00302239 -0.0100139 -0.0014529 0.00543828 -0.00622334 -0.00545657 -0.00929383 0.0152865 0.00682578 0.00915811 0.0122371 -0.00488396 -0.0122675 -0.0010285 -0.0030462 -0.0112761 -0.018901 -0.0424598 -0.00675739
internal_weight=7118.98 6542.11 575.972 197.169 63.8546 49.6382 133.314 38.8494 94.4651 86.7274 47.1475 30.2998 13.1885 17.1113 11.8997 378.803 39.5799 30.506 15.843 14.2164 40.1884 36.7531 31.0226 18.646 14.663 5966.13 1497.59 1183.98 1157.68 313.609 155.975 84.0869 73.7415 71.8885 63.9687 1093.71 697.023 354.936 396.688 269.427 342.617 206.268 127.261 51.6675 39.0773 45.4948 34.3271 342.087 136.349 103.892 114.115 32.4579 97.8492 15.1674 171.578 58.8587 112.719 105.834 47.1649 31.1747 10.6036 20.5712
internal_count=30243 25911 2312 782 247 189 535 160 375 342 181 122 55 67 48 1530 161 126 63 58 150 143 122 75 63 23599 5941 4680 4570 1261 638 335 297 303 242 4328 2773 1394 1555 1068 1350 802 487 203 159 181 134 1379 548 422 433 126 378 58 690 241 449 424 193 130 47 83
cat_boundaries=0 1 2 3 4 5 6 7 8 9 10
cat_threshold=20 8 4 4 4 2 4 28 1 33
is_linear=0
shrinkage=0.04


Tree=78
num_leaves=63
num_cat=11
split_feature=7 6 15 11 9 11 0 16 1 8 1 8 6 9 0 2 6 14 8 8 8 2 15 6 1 10 0 8 14 3 9 0 8 16 9 16 8 15 0 8 1 8 11 14 11 14 0 10 11 14 8 1 8 0 9 9 8 1 11 8 10 8
split_gain=14.0593 1.77406 3.70497 4.17033 4.1233 3.91753 3.32768 6.25962 4.10868 2.8811 2.8064 2.59135 2.64089 2.40274 2.295 3.16052 3.7334 2.57586 2.73127 3.71777 3.53914 2.91472 3.38241 3.48184 2.60298 7.27018 2.59148 2.34091 5.12051 6.80228 2.2725 4.41958 4.37985 5.25237 4.40741 3.74096 3.28528 4.0536 4.05578 3.03458 3.14357 2.94885 5.93394 2.8806 2.84877 4.95899 4.64328 2.96082 2.66499 3.11484 3.52692 4.04305 3.4826 2.97463 4.5544 2.94845 3.76055 2.53755 2.47191 2.27388 2.25175 4.05356
threshold=2.5000000000000004 2.5000000000000004 0 1.0000000180025095e-35 4.6500000000000012 1.0000000180025095e-35 12.500000000000002 1 15.500000000000002 36.500000000000007 22.500000000000004 29.500000000000004 5.5000000000000009 4.7500000000000009 12.500000000000002 1.0000000180025095e-35 3.5000000000000004 2 35.500000000000007 36.500000000000007 34.500000000000007 1.0000000180025095e-35 3 5.5000000000000009 16.500000000000004 1.5000000000000002 12.500000000000002 24.500000000000004 4 1.0000000180025095e-35 4.6500000000000012 7.5000000000000009 23.500000000000004 5 4.8500000000000005 6 38.500000000000007 7 12.500000000000002 32.500000000000007 19.500000000000004 26.500000000000004 1.0000000180025095e-35 8 1.0000000180025095e-35 9 12.500000000000002 1.5000000000000002 2.5000000000000004 10 29.500000000000004 10.500000000000002 21.500000000000004 12.500000000000002 4.4500000000000011 4.4500000000000011 23.500000000000004 20.500000000000004 1.0000000180025095e-35 24.500000000000004 1.0000000180025095e-35 37.500000000000007
decision_type=2 2 1 10 10 8 10 9 2 8 2 10 2 8 10 2 2 9 10 8 8 2 1 2 2 2 8 10 9 2 8 8 8 9 8 9 10 1 10 10 2 10 10 9 8 9 8 2 8 9 10 2 10 8 10 8 8 2 10 10 2 8
left_child=1 30 3 9 -4 10 60 8 -8 11 -6 12 -3 -13 17 16 -16 -7 20 -20 21 22 24 -24 25 26 -19 -18 -29 -30 31 -1 34 36 57 44 37 38 39 41 -41 42 -34 -43 47 46 -46 -35 49 50 51 -33 -51 -52 -55 -53 -57 58 -32 -44 -5 -62
right_child=-2 2 4 6 5 14 7 -9 -10 -11 -12 13 -14 -15 15 -17 27 18 19 -21 -22 -23 23 -25 -26 -27 -28 28 29 -31 32 48 33 35 -36 -37 -38 -39 -40 40 -42 43 59 -45 45 -47 -48 -49 -50 52 53 55 -54 54 -56 56 -58 -59 -60 -61 61 -63
leaf_value=-0.01994069349317221 0.0005358225051436599 0.017193721269871457 -0.012459096031363626 -0.020169870429306871 -0.015056425958110738 -0.019521225188822901 0.067559138023322016 -0.028317537836012603 0.013770546417406803 -0.01945046328251436 0.015581678982758512 0.048216329979409042 -0.021317829248312898 0.0076130245754751505 -0.049366401642882661 0.02892749446393952 -0.030297200303061086 0.078961678108319153 -0.04918663474486791 0.0020351133110765121 0.04349744023282498 -0.020583531622576028 -0.00037851629486754983 -0.049709579622877718 0.011611179906668379 -0.0062552929587138166 0.032550252255549063 -0.03677997993818876 -0.018689290682825634 0.045495375757653465 -0.031359220061478309 -0.034357280778054833 0.052925786404797455 -0.0023158433563833683 -0.047925375576416081 0.048778715206817751 -0.047642078170783086 -0.019441345779833953 -0.023454831850299489 0.0076483007530646473 -0.048218815501801363 0.012318738467145374 0.0026476997617270164 0.05917455350634622 0.040538492997535321 -0.039720730794759733 -0.021823562635171649 0.046644618841047612 0.036301739930215578 0.049709198992470033 -0.047812400498248017 0.044442341800928674 0.0040523707844813397 -0.033240190403234102 0.017462998085417677 0.033695847794846939 -0.020042806345585858 -0.037975282335889475 0.011985053960715527 -0.048509903264788483 -0.0085467381824352283 0.030639141243671873
leaf_weight=21.206674188375473 6541.2957438528538 14.288902603089818 118.41285318881273 17.15483009070158 45.062830679118633 6.3087587133049965 2.9853520914912233 4.5181407630443582 9.5113571733236295 3.5495315417647353 5.3515733182430258 6.9485681429505322 3.5584682524204245 3.5096779763698587 3.8866453096270623 3.1819021627306929 4.9320667386055019 4.2033373564481717 2.9436475187540028 9.8664262220263481 4.8119032531976691 5.2638690099120131 13.181332781910895 2.7703553140163413 24.128967471420765 4.4892192110419273 3.5512673333287239 4.0410365536808968 4.8729633986949903 5.7701650038361549 3.09015751630068 3.4079212173819533 2.5163860321045011 4.2921438515186336 10.12358985096216 3.0514192208647755 4.4444764256477347 30.967145316302776 7.847816862165927 4.5207023546099654 2.5041686668992043 4.2003799378871918 3.0021958649158478 4.1968402937054616 3.9644566476345062 5.3466267660260183 3.6868505552411079 3.6626611277461052 3.2674970999360076 2.9781412407755878 5.0473518818616894 3.7523716613650295 26.096082970499992 6.4569453895091993 5.0525295063853264 3.5281152278184882 5.0885526463389406 4.5740729942917815 6.6045290231704712 2.5890146791934967 25.537702254951004 5.060750685632228
leaf_count=176 25911 99 940 131 363 45 17 34 65 30 35 39 27 25 32 20 36 21 24 73 29 40 92 22 155 31 22 32 36 36 27 27 19 32 91 20 41 255 62 35 22 33 25 27 28 44 29 24 17 17 46 25 186 53 31 21 38 38 47 22 187 36
internal_value=8.8104e-06 -0.00598946 -0.00435923 0.00242009 -0.00657379 -0.00259469 -0.00315735 0.0120319 0.0266202 0.0145199 -0.0118041 0.0187798 0.00951516 0.0345903 0.00169618 -0.00848569 -0.0135508 0.00502915 0.00708848 -0.00973521 0.0105422 0.00778856 0.0106428 -0.00549878 0.015086 0.0342553 0.0577073 -0.00645453 0.00155367 0.0161084 -0.00901902 -0.00409422 -0.0126909 -0.00864806 -0.0277393 0.00739992 -0.0144157 -0.0120471 0.00109687 0.00975172 -0.0122668 0.0191233 0.00191645 0.0357368 0.00137378 -0.0101646 0.0104888 0.0202272 0.00110174 -0.000771244 -0.00931387 0.00421952 0.00872911 -0.0222098 -0.0109821 0.0148482 0.00196061 -0.0134175 -0.00183083 -0.0210409 -0.00856942 -0.00206569
internal_weight=7116.02 574.722 373.654 96.6233 277.031 158.618 64.7681 17.0149 12.4967 31.8551 50.4144 28.3056 17.8474 10.4582 108.204 26.6848 23.5029 81.5191 75.2103 12.8101 62.4003 57.5883 52.3245 15.9517 36.3728 12.2438 7.7546 19.6162 14.6842 10.6431 201.068 85.8822 115.186 90.7933 24.3923 24.0042 66.7891 62.3447 31.3775 23.5297 7.02487 16.5048 8.1076 8.39722 20.9527 12.9979 7.65131 7.9548 64.6755 61.408 32.3338 15.777 29.0742 16.5568 11.5095 12.369 8.61667 14.2688 9.69469 5.59121 47.7533 30.5985
internal_count=30243 4332 2774 690 2084 1144 470 116 82 220 398 190 126 64 746 192 172 554 509 97 412 383 343 114 229 74 43 140 104 72 1558 637 921 718 203 177 541 500 245 183 57 126 66 60 157 101 57 56 461 444 241 111 203 130 84 84 59 112 74 47 354 223
cat_boundaries=0 1 2 3 4 5 6 7 8 9 10 11
cat_threshold=4 1 2 10 8 1 4 10 4 4 4
is_linear=0
shrinkage=0.04


Tree=79
num_leaves=63
num_cat=11
split_feature=7 6 15 9 11 12 8 8 8 11 12 8 8 1 10 14 1 0 8 1 8 16 9 10 0 0 1 1 8 1 9 6 9 9 1 0 9 8 16 9 0 16 8 15 0 8 1 1 6 0 11 14 10 15 8 9 0 8 11 14 9 1
split_gain=13.0943 1.68748 3.43215 3.8446 3.81654 3.86252 5.62279 5.19362 3.65381 3.63602 2.72906 8.38417 7.42045 6.4946 4.80079 3.37775 3.30755 9.13559 4.02258 4.08137 3.71067 3.02041 3.53189 4.48989 4.15013 2.697 2.66994 4.11677 2.63754 2.60561 2.39167 2.36711 2.63725 2.17409 3.12826 2.65641 2.16068 4.1409 4.93379 4.31927 4.13127 3.33803 3.17172 3.85355 3.76463 2.76764 3.00436 2.74552 2.856 2.72301 3.38352 6.82207 3.73426 2.60343 4.66001 3.64025 4.54823 4.65131 3.39548 3.15042 2.89381 2.42043
threshold=2.5000000000000004 2.5000000000000004 0 4.6500000000000012 1.0000000180025095e-35 1 21.500000000000004 37.500000000000007 31.500000000000004 1.0000000180025095e-35 2 28.500000000000004 25.500000000000004 21.500000000000004 1.0000000180025095e-35 3 9.5000000000000018 1.0000000180025095e-35 26.500000000000004 16.500000000000004 34.500000000000007 4 4.8500000000000005 1.5000000000000002 12.500000000000002 12.500000000000002 12.500000000000002 18.500000000000004 36.500000000000007 22.500000000000004 4.7500000000000009 3.5000000000000004 4.7500000000000009 4.6500000000000012 11.500000000000002 7.5000000000000009 4.6500000000000012 23.500000000000004 5 4.8500000000000005 7.5000000000000009 6 38.500000000000007 7 12.500000000000002 32.500000000000007 19.500000000000004 17.500000000000004 1.5000000000000002 inf 1.0000000180025095e-35 8 1.5000000000000002 9 23.500000000000004 4.0500000000000007 12.500000000000002 25.500000000000004 1.0000000180025095e-35 10 4.4500000000000011 20.500000000000004
decision_type=2 2 1 10 10 1 8 10 8 8 1 10 10 2 2 9 2 10 10 2 10 9 10 2 8 10 2 2 8 2 10 2 8 10 2 10 8 8 9 8 8 9 10 1 10 10 2 2 2 8 8 9 2 1 10 10 8 10 10 9 10 2
left_child=1 36 4 -4 28 8 -7 25 -6 29 11 13 14 15 -12 26 -14 -18 -19 20 -20 22 23 -13 -24 33 -11 -28 31 -5 -27 -3 -33 34 -8 -36 40 39 42 61 -1 49 43 44 45 47 -47 -39 -49 50 52 -52 -40 55 -55 -42 59 -58 -56 -57 -59 -38
right_child=-2 2 3 9 5 6 7 -9 -10 10 12 21 16 -15 -16 -17 17 18 19 -21 -22 -23 24 -25 -26 30 27 -29 -30 -31 -32 32 -34 -35 35 -37 37 38 41 -41 53 -43 -44 -45 -46 46 -48 48 -50 -51 51 -53 -54 54 58 56 57 60 -60 -61 -62 -63
leaf_value=-0.019395424076484123 0.00051441445598292778 0.038804253023757444 -0.012055712619660602 -0.014596244756794035 -0.0065828541348305018 0.046143476644948729 0.027337267123286321 0.040855706132295659 -0.042246273974039295 0.079430030320708653 0.0039791650082625606 -0.027932259168747121 -0.021434832395823583 -0.013224542477047938 -0.045292751467312875 0.014688066520983383 0.06815558470463888 0.044073062643305731 -0.00031758458562901597 -0.013917041101604971 0.056959515577952868 -0.028492747969093211 0.043432004217463016 0.021994930740623992 -0.01093075707539028 -0.0039692097949054154 0.0096703590311766757 0.065338869200125105 -0.018919307044119319 0.014825972589817613 0.037028103295161589 0.022268888784174882 -0.0063671590175093488 -0.02107405207794388 -0.037032609723423662 0.011443816868126169 -0.0017660508745664394 0.0029741477191673506 0.0034417266935672735 -0.047557296638228518 0.042418278775789783 0.04556171166887818 -0.047289228197181829 -0.019036066090153132 -0.022855488043592529 0.0073060176555235614 -0.047834686287653368 0.015899909281371853 0.06546973651042419 -0.026575345329664359 0.020518173454264325 -0.048560440083792553 0.062362630005987109 0.021272820178247165 -0.040966548100163078 -0.039003270428800134 -0.018130694613378108 0.0014214192578788354 -0.0074405667331621742 0.0073002138211630246 0.043195542128803679 -0.037369357516186745
leaf_weight=20.936312079429626 6540.9862057864666 6.6257248967885998 117.49883990734816 44.633072048425674 10.579391062259676 4.7037702575325957 4.6283429935574549 4.4384583309292784 8.1276454702019674 3.4821976050734529 4.6338574513792983 8.9020208790898341 6.9598242193460456 5.2384887635707846 9.9745695814490301 6.8327776193618819 3.6981431767344466 3.1632042378187206 4.9623875766992596 18.480088390409946 2.8485392406582832 7.0528439506888416 5.3309985771775219 4.2615316808223715 3.8837807923555383 5.2856762334704381 4.1993497386574727 4.303870789706707 3.5041505098342887 5.3983943760395041 3.9994123205542564 13.71504605561495 8.2356126978993398 15.589105874300001 3.9296493455767632 3.3509394600987434 9.6777427345514315 8.9140349254012197 3.8171344026923242 9.8003941848874074 4.8691474720835712 3.1344200074672726 4.3014229312539092 30.582150891423225 7.7338086217641822 4.5427351593971244 2.4249081090092659 4.7052458450198165 3.075108028948307 4.4226190373301497 5.8168290853500366 3.7699450403451902 3.134072057902813 6.996728613972663 6.3383665606379536 5.0439330339431763 4.3630878403782871 3.8836191818118087 20.357694916427135 4.4036378413438815 8.3747052550315839 4.4645385220646849
leaf_count=176 25911 39 940 363 78 30 33 29 70 19 31 65 52 35 77 43 19 19 34 140 18 53 32 30 28 35 28 23 30 35 24 89 62 114 32 25 74 72 28 91 32 20 41 255 62 35 22 35 19 35 42 33 19 45 53 42 29 27 155 31 47 38
internal_value=6.76021e-06 -0.00579501 -0.00420386 -0.0063444 0.0023156 -0.00304316 0.00386798 -1.77084e-05 -0.0143869 -0.00250448 0.00161845 0.00728802 -0.00444327 0.0261671 -0.0296635 0.0371327 0.00363395 0.00889676 0.00145648 -0.00367094 0.0205706 -0.00566722 0.00152656 -0.011769 0.0205196 -0.00494972 0.0499282 0.0378468 0.0138337 -0.0114216 0.0136898 0.01785 0.011525 -0.0112436 0.00162471 -0.014721 -0.00875983 -0.0123579 -0.0084394 -0.0271485 -0.00395291 0.00706137 -0.0140745 -0.0117693 0.00104082 0.00929108 -0.0118843 0.0181289 0.0354919 0.00130408 0.00875966 -0.0066466 0.0300072 0.00104949 -0.00600313 0.00806395 0.00474058 0.0173369 -0.0154005 -0.0174206 0.0299609 -0.0130056
internal_weight=7113.32 572.336 372.452 275.739 96.7129 64.6324 45.9254 41.2216 18.707 158.24 108.208 53.4879 54.7206 24.0567 14.6084 18.8182 40.1122 33.1524 29.4542 26.291 7.81093 29.4312 22.3783 13.1636 9.21478 36.7831 11.9854 8.50322 32.0805 50.0315 9.28509 28.5764 21.9507 27.498 11.9089 7.28059 199.884 114.317 90.3744 23.9427 85.5672 24.095 66.2794 61.978 31.3958 23.662 6.96764 16.6944 7.78035 20.9606 16.538 9.58677 6.95121 64.6309 33.6928 30.9381 26.069 16.6214 26.6961 9.44757 12.2583 14.1423
internal_count=30243 4332 2774 2084 690 470 322 292 148 1144 746 356 390 148 108 113 282 230 211 192 52 208 155 95 60 263 70 51 220 398 59 190 151 204 90 57 1558 921 718 203 637 177 541 500 245 183 57 126 54 157 122 75 47 461 253 208 176 103 208 73 74 112
cat_boundaries=0 1 2 3 4 5 6 7 8 9 10 11
cat_threshold=4 34 49 4 1 1 4 10 4 3 4
is_linear=0
shrinkage=0.04


Tree=80
num_leaves=63
num_cat=9
split_feature=7 17 9 15 8 8 0 6 6 0 15 12 14 9 6 16 8 5 3 8 11 8 9 4 8 10 8 8 0 5 6 16 5 0 9 4 9 0 9 8 14 6 0 8 12 8 3 0 0 8 6 6 0 4 10 6 6 8 8 11 8 8
split_gain=11.3294 2.75835 1.67914 3.47033 8.05141 4.03371 3.47113 4.62963 3.14496 2.69262 2.39004 4.12736 4.52129 4.97266 7.76675 7.02202 4.76135 4.7312 4.93291 2.5946 4.80578 2.2904 3.38622 2.28947 3.02683 2.6904 2.61504 2.05663 2.17533 1.82443 1.75076 3.22474 3.11984 2.21772 1.88399 1.79845 2.08917 1.70519 1.68123 4.15723 4.62773 4.29551 2.8663 1.78855 3.30521 4.2765 6.82581 3.52961 3.48646 2.59144 3.84587 4.16702 2.29935 2.20302 1.76719 6.48093 1.70384 3.71504 3.07952 2.77459 2.72264 6.83566
threshold=2.5000000000000004 0 4.9500000000000011 1 27.500000000000004 35.500000000000007 7.5000000000000009 3.5000000000000004 2.5000000000000004 12.500000000000002 2 3 4 4.8500000000000005 1.0000000180025095e-35 5 31.500000000000004 1.0000000180025095e-35 1.0000000180025095e-35 36.500000000000007 1.0000000180025095e-35 37.500000000000007 4.8500000000000005 1.0000000180025095e-35 33.500000000000007 1.0000000180025095e-35 26.500000000000004 22.500000000000004 1.0000000180025095e-35 1.0000000180025095e-35 3.5000000000000004 6 1.0000000180025095e-35 7.5000000000000009 4.5500000000000007 1.0000000180025095e-35 4.7500000000000009 7.5000000000000009 4.8500000000000005 26.500000000000004 7 2.5000000000000004 12.500000000000002 34.500000000000007 8 35.500000000000007 1.0000000180025095e-35 12.500000000000002 12.500000000000002 33.500000000000007 1.0000000180025095e-35 5.5000000000000009 7.5000000000000009 1.0000000180025095e-35 1.0000000180025095e-35 3.5000000000000004 1.5000000000000002 26.500000000000004 23.500000000000004 1.5000000000000002 20.500000000000004 21.500000000000004
decision_type=2 9 10 1 10 8 8 2 2 10 1 1 9 8 2 9 10 2 2 10 10 8 10 2 8 2 10 10 10 2 2 9 2 8 10 2 8 10 8 8 9 2 8 10 1 10 2 8 8 10 2 2 10 2 2 2 2 10 10 10 10 10
left_child=1 -1 10 6 8 29 -4 9 -5 -8 11 21 13 14 -13 -15 -14 18 37 38 -21 22 27 24 26 -25 -16 -3 -29 -6 31 35 -32 -34 -35 36 -22 -18 43 -40 41 -41 -43 49 45 46 -45 52 -47 56 -51 -52 -46 -49 55 -42 57 58 -12 60 -58 -62
right_child=-2 2 3 4 5 -7 7 -9 -10 -11 19 12 16 15 23 -17 17 -19 -20 20 30 -23 -24 25 -26 -27 -28 28 -30 -31 32 -33 33 34 -36 -37 -38 -39 39 40 54 42 -44 44 47 48 -48 53 -50 50 51 -53 -54 -55 -56 -57 59 -59 -60 -61 61 -63
leaf_value=-0.028226004699836285 0.00039470689606840105 -0.048676120175504184 -0.035162767489849193 0.005694085116853446 -0.011466246805192655 0.022072126223789415 -0.040273868941114996 0.017331956758457622 0.049576102248003108 0.0093056846574538915 -0.010720949408786895 0.050110845677746645 -0.018929033819660955 0.013191582948194745 0.014908675995056806 0.080785951679140183 0.016554164568079878 -0.033584269167055467 0.05212823265107449 -0.036651105192764544 -0.0077715333902639728 0.012450975819846168 0.011654491142029122 -0.038724510745128969 0.029488495253263088 0.0018427797875639146 -0.016165606579162797 0.012968172076037537 -0.022478709040776722 -0.050720136852053947 0.014722613423314768 0.014546894492431846 -0.048628189942977545 -0.030270463727602465 0.012448831916648855 -0.048461802861204974 -0.047808383328678719 -0.019973734509040247 -0.02612403983402151 -0.014784070338194535 0.023594962974678901 0.0067770403760533775 0.048487235538938259 0.0063260429898388528 -0.010111596073347431 -0.026221086076372951 0.072742704736946204 0.019496214369774868 0.028591471049845166 0.022568268039918165 -0.03999866179892074 0.011428838089547439 -0.049507431753167526 -0.020671694118164777 -0.021884984349404259 -0.032289167736868893 -0.019120664717164143 -0.00038155108199787127 -0.039029296661695613 -0.030569303351209678 0.029635748724194676 -0.002724000951666482
leaf_weight=8.4034379571676254 6549.1322789341211 4.022602021694186 6.9072323292493847 3.6934038624167469 6.5990908965468371 4.9249879047274598 5.3678295910358456 9.4237330108880979 8.9341849833726865 2.6022945493459702 15.631197907030584 5.4551816731691352 20.535500295460224 7.2303692698478681 7.5716782286763253 3.726312592625618 5.0763746201992053 3.2343427985906592 4.9319481179118148 13.203090295195578 8.6311123073101008 5.0193394795060149 5.6827459037303916 4.8391949087381345 6.2588424235582343 5.692719541490078 10.130459703505037 3.193509109318259 20.891079045832157 2.6572863161563873 10.395348682999611 4.0395675599575052 2.5842797830700865 2.8053545132279405 4.0168932154774666 4.0572897493839273 2.7496530786156663 3.4239068329334259 21.965949438512325 6.0912188887596157 7.0137587860226613 5.3298088535666439 5.2157062962651262 5.4478565305471438 5.1231620907783526 4.4336747080087653 4.5382975190877914 6.447666719555853 3.1944848448038101 2.7596236243844059 11.631849072873591 3.2184001877903929 4.4115979969501495 3.3041960448026657 18.896295368671417 6.3052315786480904 13.099778957664965 25.791414350271225 10.135306082665918 5.5221246406435958 11.391931377351282 125.59432836622
leaf_count=88 25952 34 54 28 49 35 43 60 50 20 118 33 151 53 50 19 33 26 33 116 69 40 39 40 41 39 74 22 166 20 81 32 22 24 28 36 25 27 180 52 52 38 38 40 41 38 28 43 21 19 98 22 36 24 157 54 98 194 84 45 76 938
internal_value=-7.65823e-05 -0.00547822 -0.00513869 0.0017746 0.00984035 -0.00717419 -0.00791557 -0.00164629 0.0367412 -0.0240858 -0.00582895 -0.000681545 0.00409712 0.0123084 0.00576101 0.0361801 -0.00603729 0.00984711 0.0203049 -0.0073181 -0.0157736 -0.010147 -0.0165069 -0.00125308 0.00557918 -0.016797 -0.0028743 -0.0222006 -0.0177786 -0.0227351 -0.00875596 -0.0172708 -0.000380565 -0.0170714 -0.00511763 -0.0255963 -0.0174446 0.00184075 -0.00620355 -0.0116711 -0.00517244 0.0119592 0.0274065 -0.00472386 0.00343791 0.0123005 0.0365097 -0.00726641 -0.00326694 -0.00606376 -0.0207949 -0.0288531 -0.0283395 0.00588624 -0.0140196 -0.00286067 -0.00481155 -0.0111136 -0.0218561 -0.00272347 -0.00169894 -3.29278e-05
internal_weight=7120.54 571.407 563.004 51.11 26.809 14.1814 24.3011 17.3939 12.6276 7.97012 511.894 126.916 88.1068 50.9048 39.9481 10.9567 37.2021 16.6666 13.4322 384.977 52.4826 38.8093 33.7899 34.4929 23.961 10.5319 17.7021 28.1072 24.0846 9.25638 39.2795 19.4776 19.8019 9.40653 6.82225 15.4381 11.3808 8.50028 332.495 70.818 48.852 16.6367 10.5455 261.677 36.9009 17.6143 9.98615 19.2866 7.62816 224.776 17.6099 14.8502 9.53476 9.75186 32.2153 13.319 207.166 51.5579 25.7665 155.608 150.086 136.986
internal_count=30286 4334 4246 359 182 104 177 123 78 63 3887 920 619 349 277 72 270 119 93 2967 433 301 261 244 165 79 124 222 188 69 317 162 155 74 52 130 94 60 2534 571 391 128 76 1963 271 127 68 144 59 1692 139 120 77 67 263 106 1553 396 202 1157 1112 1014
cat_boundaries=0 1 2 3 4 5 6 7 8 9
cat_threshold=2 3 2 34 4 1 1 8 14
is_linear=0
shrinkage=0.04


Tree=81
num_leaves=63
num_cat=10
split_feature=7 17 9 6 9 15 8 8 0 6 6 0 15 14 9 6 3 16 8 16 6 8 11 8 6 8 0 6 8 8 11 16 9 9 9 8 10 10 2 6 16 0 16 6 14 4 6 10 6 8 4 6 9 0 11 6 8 8 9 9 8 5
split_gain=10.5082 2.61566 1.5637 1.77835 1.55472 3.19461 7.25856 3.73591 3.29435 4.29403 2.76829 2.56953 2.21815 3.68595 4.92838 5.01549 9.32417 5.0016 3.76259 5.08638 3.15934 2.78028 3.43557 4.08317 7.2705 2.66217 2.6079 2.51926 2.47823 2.44199 4.61484 2.15305 1.78055 4.20037 1.94893 3.05277 7.01725 2.22351 1.76584 2.54082 4.94701 2.02972 2.53386 1.71468 1.62296 3.91709 5.22451 5.12817 5.11843 4.33538 2.92766 5.96697 4.01694 2.72596 3.95184 2.62324 3.54749 2.68437 2.52171 2.40232 2.63872 3.52256
threshold=2.5000000000000004 0 2.7500000000000004 3.5000000000000004 4.9500000000000011 1 27.500000000000004 35.500000000000007 7.5000000000000009 3.5000000000000004 2.5000000000000004 12.500000000000002 2 3 4.8500000000000005 1.0000000180025095e-35 1.0000000180025095e-35 4 25.500000000000004 5 1.5000000000000002 22.500000000000004 1.0000000180025095e-35 26.500000000000004 3.5000000000000004 34.500000000000007 7.5000000000000009 1.5000000000000002 22.500000000000004 36.500000000000007 1.0000000180025095e-35 6 4.2500000000000009 4.5500000000000007 4.8500000000000005 33.500000000000007 1.5000000000000002 1.5000000000000002 1.0000000180025095e-35 3.5000000000000004 7 7.5000000000000009 8 2.5000000000000004 9 1.0000000180025095e-35 1.5000000000000002 1.0000000180025095e-35 1.0000000180025095e-35 25.500000000000004 1.0000000180025095e-35 5.5000000000000009 3.5500000000000003 1.0000000180025095e-35 1.5000000000000002 1.0000000180025095e-35 23.500000000000004 25.500000000000004 4.8500000000000005 4.8500000000000005 29.500000000000004 1.0000000180025095e-35
decision_type=2 9 8 2 10 1 10 10 8 2 2 10 1 9 8 2 2 9 10 9 2 8 8 10 2 8 8 2 10 10 10 9 10 10 8 8 2 2 2 2 9 8 9 2 9 2 2 2 2 8 2 2 10 10 8 2 10 10 8 10 8 2
left_child=1 -1 3 -2 12 6 10 43 -7 11 -6 -10 13 14 15 16 -3 28 20 27 -15 -17 25 24 -24 -23 -22 -20 -16 44 -31 -25 -21 -34 35 37 -37 -35 39 40 -32 -41 -43 -8 45 48 47 49 -14 -47 53 52 -52 -46 -55 -54 -57 -58 -59 60 61 -48
right_child=2 4 -4 -5 5 8 7 -9 9 -11 -12 -13 29 18 17 21 -18 -19 19 32 26 22 23 31 -26 -27 -28 -29 -30 30 38 -33 33 34 -36 36 -38 -39 -40 41 -42 42 -44 -45 50 46 59 -49 -50 -51 51 -53 55 54 -56 56 57 58 -60 -61 -62 -63
leaf_value=-0.027670063226241593 4.8028755318082109e-05 -0.019493666135161396 0.00034893059333967878 0.02726114596614225 0.0054468397774008505 -0.034504382837393634 0.0033279920498299714 0.0209117378395496 -0.039657516347298527 0.016487005565061275 0.046420655958555795 0.0088811621215338903 -0.028678867745338926 0.0096310791411718302 0.036477014672309786 -0.031280432631680712 0.071054672262426885 0.058747933988099577 -0.0016844789952581518 -0.016186764833923669 -0.0018495302017744902 -0.031268055211730802 -0.019558602510480076 0.0023467687655743816 0.056374933643795221 0.010603731228601974 -0.044095194218641935 -0.049478050553545649 -0.0048544126476739932 -0.036072092954318673 -0.03329744053957405 -0.028428869427875675 0.043905801447079819 -0.049232989558495976 0.024685658528621035 0.056424276588784135 -0.023709026079643872 -0.0048775199122277155 0.017832553847833256 -0.024339130022851561 0.018207590846883996 0.01552487643455594 -0.02838717396371513 -0.033929707056765235 0.012357997753901215 -0.016215585982210363 0.0033255054610502252 -0.024462895619217131 -0.0019324902207488656 0.042113205551657866 -0.029916824006976525 0.043750932426261553 0.030247036160266094 -0.011774344362049272 0.021484121424546011 0.03202161697405799 -0.036574384618751565 -0.0071709503733234986 0.029199623937859014 -0.042969750078538704 -0.028730850644772082 -0.038384608322270738
leaf_weight=8.2328736521303654 8.0030896216630918 3.2825871855020514 6533.5099384784698 7.3901584893465033 3.706344053149226 6.7604627832770374 2.8923903554677945 4.9889929592609397 5.2358879670500782 9.5086408853530866 9.1550990492105466 2.6173032149672508 12.652051746845244 3.3606721609830883 3.5585972890257818 5.568220227956771 4.0825960338115692 4.8748911321163169 2.8656306713819504 4.8347252830863026 3.0774677544832203 8.763017483055588 3.171054005622862 21.079058833420277 5.5461073443293571 3.3613909706473359 9.7303974032402039 4.5929040387272835 6.6749780252575874 12.884895682334898 13.66976523399353 4.3955813646316555 4.7946345806121853 3.0478753373026857 4.6130340397357932 3.2862176969647416 3.7365868985652924 4.4461313933134079 3.6984831616282454 4.3588003963232067 3.8168825209140786 10.89929528534412 2.6050058230757722 6.2406224980950356 10.567749217152594 3.067783743143079 12.54761189222336 6.2487327381968489 120.28554803133011 6.0786945670843133 6.0277930572628966 5.7512243688106528 5.7100413292646399 74.996141850948334 6.1879493445157996 4.7254294827580479 3.836032688617709 15.262831911444666 3.8118558898568144 8.2765515297651273 20.741560429334641 4.3671810999512664
leaf_count=88 33 24 25891 28 28 54 22 35 43 60 50 20 108 24 26 44 23 26 19 43 22 74 23 151 31 25 81 38 49 116 121 33 30 25 29 21 28 31 24 39 30 80 23 47 75 24 95 51 902 41 59 34 40 588 40 28 30 110 25 69 181 34
internal_value=-7.41491e-05 -0.00528743 0.000378932 0.0131128 -0.00495891 0.0016924 0.009393 -0.00692452 -0.00764586 -0.00159134 0.034613 -0.0234806 -0.00562566 -0.000663592 0.00500957 -0.000190573 0.0306982 0.0254026 -0.00884286 -0.00168028 -0.0248871 -0.00457535 -0.00136481 0.00512247 0.0287525 -0.0196595 -0.0339444 -0.0311154 0.00951807 -0.00706564 -0.0153145 -0.00296349 0.00595354 0.0104277 0.00203688 -0.00516026 0.0137882 -0.0229173 -0.00846508 -0.0112165 -0.0220552 -0.000606163 0.00705416 -0.0221303 -0.00598534 -0.00833591 -0.0166984 0.00346766 -0.00447802 0.0225494 -0.00264924 0.00569243 0.00013335 -0.00675182 -0.00923934 0.00556534 0.000465734 -0.00604279 9.72885e-05 -0.0234575 -0.0191688 -0.00744351
internal_weight=7118.06 569.159 6548.9 15.3932 560.926 51.1057 26.9834 14.122 24.1223 17.3618 12.8614 7.85319 509.82 126.744 74.3581 59.2496 7.36518 15.1085 52.3863 36.2177 16.1685 51.8844 46.3162 34.1918 8.71716 12.1244 12.8079 7.45853 10.2336 383.076 51.9331 25.4746 28.7592 23.9245 19.1298 14.5168 7.0228 7.49401 39.0482 35.3497 17.4866 17.8631 13.5043 9.13301 331.143 194.266 61.3281 15.3952 132.938 9.14648 136.877 45.1252 39.374 91.7518 81.1841 33.3462 27.6361 22.9107 19.0747 45.9329 37.6564 16.9148
internal_count=30286 4334 25952 61 4246 359 182 104 177 123 78 63 3887 920 529 428 47 101 391 264 127 381 337 238 54 99 103 57 75 2967 433 184 207 164 134 105 49 56 317 293 151 142 103 69 2534 1505 495 116 1010 65 1029 326 292 703 628 233 193 165 135 379 310 129
cat_boundaries=0 1 2 3 4 5 6 7 8 9 10
cat_threshold=2 12 2 4 1 4 1 1 1 4
is_linear=0
shrinkage=0.04


Tree=82
num_leaves=63
num_cat=11
split_feature=9 8 9 8 14 12 9 8 1 8 9 12 0 9 6 6 8 8 15 6 9 3 0 8 2 9 6 11 15 15 3 8 9 1 1 9 8 16 12 16 0 9 1 8 11 0 8 0 9 8 17 6 2 16 8 8 9 6 9 9 8 6
split_gain=1.3225 1.75004 1.50079 4.30007 0.945591 4.72736 4.8065 5.07194 4.56142 3.54222 3.37543 2.90779 6.13963 4.92807 4.95947 6.26752 4.17301 3.64487 3.73109 5.36724 3.83897 4.59618 6.83939 4.67226 3.72649 3.20305 2.98204 2.91941 6.45859 4.52872 6.22229 4.29254 4.77901 3.91396 6.47109 4.32464 4.04608 3.86267 3.78741 4.8755 5.3795 3.60695 3.56256 4.9678 3.12212 2.96858 3.16827 2.96803 4.78569 2.93867 2.89477 3.0519 3.05638 3.62814 3.97481 2.99372 2.88698 2.845 6.58384 4.32417 6.87765 6.48518
threshold=2.7500000000000004 20.500000000000004 3.1500000000000008 25.500000000000004 0 1 3.7500000000000004 24.500000000000004 20.500000000000004 21.500000000000004 3.8500000000000001 2 1.0000000180025095e-35 4.8500000000000005 1.5000000000000002 2.5000000000000004 33.500000000000007 22.500000000000004 3 5.5000000000000009 4.6500000000000012 1.0000000180025095e-35 12.500000000000002 29.500000000000004 1.0000000180025095e-35 4.3500000000000005 1.0000000180025095e-35 1.0000000180025095e-35 4 5 1.0000000180025095e-35 32.500000000000007 4.2500000000000009 19.500000000000004 15.500000000000002 4.9500000000000011 28.500000000000004 6 7 8 7.5000000000000009 4.7500000000000009 17.500000000000004 34.500000000000007 1.5000000000000002 7.5000000000000009 33.500000000000007 12.500000000000002 4.6500000000000012 29.500000000000004 9 5.5000000000000009 1.0000000180025095e-35 10 38.500000000000007 21.500000000000004 4.8500000000000005 5.5000000000000009 4.6500000000000012 4.6500000000000012 32.500000000000007 1.5000000000000002
decision_type=8 8 8 10 9 1 8 10 2 10 8 1 10 10 2 2 8 10 1 2 10 2 10 10 2 8 2 10 1 1 2 8 8 2 2 10 10 9 1 9 8 8 2 10 8 10 8 8 10 10 9 2 2 9 10 8 8 2 10 8 10 2
left_child=1 -1 3 -2 11 8 7 -7 50 -10 -8 12 13 25 -15 -16 -17 24 19 20 -19 23 -23 -22 -14 -4 27 28 -13 30 -29 56 -33 34 35 37 -36 47 39 40 -35 -42 -34 -44 -32 46 -40 -31 -49 -47 51 52 53 -6 -55 -53 -30 59 -59 60 -27 -61
right_child=2 -3 4 -5 5 6 10 -9 9 -11 -12 26 17 14 15 16 -18 18 -20 -21 21 22 -24 -25 -26 57 -28 29 31 33 44 32 42 38 36 -37 -38 -39 45 -41 41 -43 43 -45 -46 49 -48 48 -50 -51 -52 55 -54 54 -56 -57 -58 58 -60 61 -62 -63
leaf_value=0.02434936453647113 -0.043321414318999565 -0.0024411117254827912 -0.024508160244368558 0.0083976691607362038 -0.0044692568932065031 -0.026201156112826054 -0.026376311680010783 0.018145431858224648 0.020778353967862508 0.0055674602192125732 -0.00089462084943288031 -0.007787406554905031 0.008430270720811402 0.0013934884273374328 -0.072728292413984055 -0.033158895762533655 0.013695601259168003 0.00060738344802617038 0.00022450590078097545 -0.013717099152694687 -0.0093904231335300899 0.042710658258417376 -0.0012173138637450167 0.018470444778067849 0.034324798691345471 0.032864006217818986 -0.0014169849939021765 0.01593110136162703 0.010597679873169737 -0.03421912506687369 -0.012999711390481221 0.05241414173431605 0.029892016941291701 0.0061546303808616412 -0.0059480256101749921 -0.032625150003765729 -0.025137231766660315 0.0074165888403030624 0.010207718511495552 0.015560316682273685 -0.051397894230586501 -0.010843650587029279 0.029761444136240198 -0.01573959788358379 0.021289906480358438 0.0047672091882385711 -0.022785599729063681 -0.030820788579146528 0.024410600631299736 0.028623564193558233 -0.023199496045908576 0.016039298687624187 0.01013728952217219 0.0021305018673073496 0.018089618151139183 -0.0073132355062486033 -0.0072035609237694346 -0.037463555532185937 0.011664185456670601 -0.01919887252111464 -0.01553666146621401 0.0068825387224163894
leaf_weight=8.1648687273263896 4.7491690143942815 7.4710146859288225 9.0115086734294874 5.6110921837389469 132.10082621872425 4.6699735261499873 8.3547440245747548 35.452494539320469 27.186526983976364 247.46853665262461 1866.0219128653407 34.30903198570013 74.025170955806971 11.263237439095976 4.6044652760028866 10.187501586973664 4.3357303366065034 31.536206439137459 340.14390712231398 14.567086361348627 14.384344048798082 19.759322732687 7.9536437019705764 29.142053961753845 10.106059715151785 15.721245013177397 2962.8070372007787 56.318010531365871 58.709602013230324 6.9113478809595135 23.805472083389763 7.0064953565597525 14.876978375017645 8.898732505738737 34.226020433008671 5.8767152205109587 36.150101043283939 64.038696430623531 13.908766195178034 9.6877330243587476 7.9485609829425785 6.2826069965958604 6.4489690959453574 9.4870426729321462 5.1715568825602523 14.512661337852476 7.0007699131965628 4.5333637595176679 5.6242311969399452 19.180161833763123 7.7859273105859748 9.7013712003827077 71.277604430913925 427.50520657002926 26.518962144851685 92.827717743813992 19.391503311693668 9.315773583948614 8.2121710926294309 22.911101177334785 6.6990123614668837 45.640770792961121
leaf_count=32 24 32 41 23 567 22 43 146 106 1029 7941 150 303 46 22 47 19 140 1445 66 62 74 34 116 38 61 12682 225 234 30 109 25 56 38 151 26 170 253 58 41 38 28 24 43 21 62 34 20 22 73 36 40 289 1817 115 406 81 43 36 101 29 201
internal_value=-7.17905e-05 0.0115486 -9.73818e-05 -0.0153105 -7.51501e-05 0.000470986 -0.000711254 0.0129838 0.00262403 0.0070731 -0.0010082 -0.000465907 0.00188914 -0.00530643 -0.0196639 -0.0320635 -0.0191711 0.00388896 0.0024818 0.00829871 0.0122266 0.0173702 0.0301033 0.00926315 0.0115408 -0.00159328 -0.000940287 0.00198069 0.0066032 -0.000123184 0.007323 0.0106182 0.0225955 -0.0028986 -0.00678698 0.000509157 -0.0158049 0.00290993 0.00376912 -0.00633274 -0.0182403 -0.0334945 0.0158151 0.00267372 -0.00688001 0.00929764 -0.00083885 -0.013998 -0.000239327 0.0183478 0.00106653 0.00131514 0.00231622 0.00136511 0.00306265 -0.0051036 0.00617786 0.000309918 -0.0144463 0.00315305 0.0184022 -0.00183427
internal_weight=7115.5 15.6359 7099.86 10.3603 7089.5 2956.87 1914.5 40.1225 1042.37 274.655 1874.38 4132.63 689.52 147.903 30.3909 19.1277 14.5232 541.618 457.487 117.343 102.776 71.2394 27.713 43.5264 84.1312 117.512 3443.11 480.305 150.23 330.076 85.295 115.921 37.8195 244.78 157.36 86.9844 70.3761 81.1076 87.42 32.8176 23.1299 14.2312 30.813 15.936 28.977 54.6024 20.9095 17.0689 10.1576 33.6928 767.718 759.932 657.403 586.125 454.024 102.529 78.1011 108.5 17.5279 90.9721 22.4203 68.5519
internal_count=30286 64 30222 47 30175 12557 8152 168 4405 1135 7984 17618 2924 646 134 88 66 2278 1937 492 426 286 108 178 341 512 14694 2012 613 1399 355 463 148 1044 672 351 321 325 372 145 104 66 123 67 130 227 92 72 42 135 3270 3234 2788 2499 1932 446 315 471 79 392 90 302
cat_boundaries=0 1 2 3 4 5 6 7 8 9 10 11
cat_threshold=4 76 80 4 4 4 4 6 1 1 4
is_linear=0
shrinkage=0.04


Tree=83
num_leaves=63
num_cat=10
split_feature=7 17 12 9 1 9 9 6 6 6 14 10 10 0 15 16 9 16 10 1 1 14 6 9 9 4 0 0 9 1 6 10 1 0 6 0 1 14 0 1 1 0 9 9 9 6 6 9 10 1 4 9 4 0 0 16 9 6 9 10 3 14
split_gain=9.71363 2.45443 1.48127 2.48208 5.94273 3.87636 2.2334 5.69766 3.84247 2.06695 5.46218 3.15511 5.15303 1.71793 1.40918 3.35794 3.93174 2.68616 4.32744 3.07381 2.96084 2.63703 5.03467 3.41968 3.84701 2.52922 2.45322 2.44356 2.45583 3.22995 2.84393 2.34345 3.81794 3.42805 2.9851 2.28 2.02529 1.94823 1.93035 2.02769 1.85715 3.25043 1.62052 1.35022 1.34247 1.66132 1.25252 5.39965 5.82199 2.49023 2.08364 1.77814 1.75171 3.78975 2.98575 2.3846 3.28864 2.95047 3.51332 2.62563 2.72732 2.52232
threshold=2.5000000000000004 0 1 4.1500000000000012 8.5000000000000018 3.9500000000000006 4.9500000000000011 1.0000000180025095e-35 5.5000000000000009 3.5000000000000004 2 1.0000000180025095e-35 1.5000000000000002 7.5000000000000009 3 4 4.7500000000000009 5 1.5000000000000002 19.500000000000004 20.500000000000004 6 1.0000000180025095e-35 4.3500000000000005 4.5500000000000007 1.0000000180025095e-35 7.5000000000000009 inf 4.7500000000000009 17.500000000000004 2.5000000000000004 1.0000000180025095e-35 17.500000000000004 7.5000000000000009 1.5000000000000002 7.5000000000000009 9.5000000000000018 7 7.5000000000000009 18.500000000000004 17.500000000000004 12.500000000000002 4.9500000000000011 4.7500000000000009 2.7500000000000004 3.5000000000000004 1.0000000180025095e-35 4.3500000000000005 1.5000000000000002 20.500000000000004 1.0000000180025095e-35 4.6500000000000012 1.0000000180025095e-35 1.0000000180025095e-35 12.500000000000002 8 4.2500000000000009 2.5000000000000004 4.5500000000000007 1.5000000000000002 1.0000000180025095e-35 9
decision_type=2 9 1 10 2 10 10 2 2 2 9 2 2 8 1 9 10 9 2 2 2 9 2 10 10 2 10 8 10 2 2 2 2 10 2 10 2 9 8 2 2 8 8 10 8 2 2 8 2 2 2 10 2 10 10 9 10 2 10 2 2 9
left_child=1 -1 3 4 5 -3 46 -8 9 11 -11 -9 -13 -6 15 16 38 18 20 37 -16 25 43 -24 -25 27 -17 28 29 -19 -31 32 35 -34 -33 36 -26 -20 -5 -40 41 -36 -30 -23 45 -2 47 49 50 -4 51 -49 53 -48 55 57 -57 -54 -59 60 -58 -60
right_child=44 2 6 14 13 -7 7 8 -10 10 -12 12 -14 -15 17 26 -18 21 19 -21 -22 22 23 24 31 -27 -28 -29 42 30 -32 34 33 -35 40 -37 -38 -39 39 -41 -42 -43 -44 -45 -46 -47 52 48 -50 -51 -52 -53 54 -55 -56 56 59 58 61 -61 -62 -63
leaf_value=-0.027032513610508766 -0.00043065561246519315 -0.0081444758720504301 0.008544725011081283 -0.013510715670660376 -0.0095582800783301069 0.056652923928631971 -0.047242988976507701 -0.031694288045306378 -0.026165215949537066 0.048609058850396007 -0.0041593405218142906 0.047138117818532672 -0.014777438534064937 -0.041595856078517769 -0.039478714703145082 0.0096358680378871107 -0.018074708569650967 0.037082634090025712 0.046209145345942969 -0.022709419009868274 -0.0028676966575487206 -0.048031468025806254 0.026727172595444694 -0.033413570599808887 -0.014973664725072739 0.022260236680833236 0.046076911422883268 0.034682477130401526 -0.028180592650952834 0.020378381898591723 -0.034136898660516508 -0.047915286720177454 0.015339178521300635 -0.026395637212863827 -0.048390741080706706 0.044606981726566186 0.031225844143656367 0.0010910772753225894 0.0040351773017259333 0.033746841759381419 0.006933212051211295 0.0029298817929326033 0.0083880445027901315 -0.013471324871220195 0.00033779812144621625 0.025966537284919482 0.00946595915001479 0.013126170987270541 -0.033337581123476658 0.051050743468081333 0.023024796036367728 -0.018481899979416402 -0.037010972164784509 -0.0080646181567514928 0.0018179086784129862 0.019636608496893287 0.0088966211210352603 -0.031606153999493805 -0.02172075385973915 -0.038960474693173971 -0.033844493414325709 0.0057913160526924081
leaf_weight=8.0429959259927273 7.9689644873142225 3.94312905520201 5.2332094684243184 4.0170720741152826 3.9026951640844318 2.3620194867253304 3.1611713394522694 3.0625874027609887 4.1695924177765837 7.4623224288225174 5.4169697612524015 4.2196937426924688 4.386403352022171 8.5336108207702637 10.398683167994021 7.3406156674027425 12.20744965970516 4.0877938196063095 3.1255315765738487 3.54093087464571 5.3541599959135064 4.7441360205411902 6.6031436249613753 6.1964261531829825 2.9513143375515956 14.126371331512926 4.9482835829257965 2.9645988121628752 7.2596578076481793 2.8619844615459442 3.2925047352910042 2.7906790822744396 6.0537260398268682 6.5627178028225899 3.3534619286656389 5.3451800867915154 3.1266014128923416 3.0021429732441902 7.9569722190499288 6.8293623551726341 11.173545718193052 4.8022827357053766 2.6454599574208268 2.9232205450534821 6532.9042175710201 7.3175330460071564 22.0577712059021 4.849841460585596 10.129992708563806 3.8113405257463455 6.3373089507222167 6.8978586345911026 13.982554413378237 187.00269841402769 17.657197117805481 5.9951282739639309 7.7734583765268344 13.207739017903803 9.0509308055043221 5.0533373728394499 3.4483696073293686 12.975524634122849
leaf_count=88 33 37 40 29 36 15 30 26 31 41 37 29 34 82 84 39 88 28 20 25 39 43 45 50 23 85 25 19 58 19 26 25 39 51 29 34 21 23 50 37 74 35 20 25 25891 28 156 35 88 20 47 59 126 1470 130 48 56 127 69 41 29 99
internal_value=-6.9295e-05 -0.00509324 -0.00477739 -0.00159504 -0.0155039 0.0161298 -0.00622209 0.00372618 0.00933677 0.015367 0.0264149 0.00317277 0.0155807 -0.031542 -0.000177066 0.00537324 -0.000398003 -0.00227554 -0.0141058 0.00695977 -0.0270352 0.000400886 -0.00436403 -0.000398788 -0.00381992 0.00892621 0.0243093 0.000776276 -0.00421287 0.00952062 -0.00878599 0.000152713 0.00879814 -0.00637009 -0.00924296 0.025551 0.00879229 0.0241044 0.011078 0.0177581 -0.00365962 -0.018172 -0.0184138 -0.0348552 0.000365503 0.0122055 -0.00735294 -0.000438325 -0.00905972 0.0264566 0.00453909 -0.00543304 -0.0082169 -0.00621498 -0.0129118 -0.01655 -0.00568952 -0.0214643 -0.0152946 -0.0150187 -0.00423735 -0.00551372
internal_weight=7114.9 566.713 558.67 191.327 18.7415 6.30515 367.343 31.8787 28.7176 24.548 12.8793 11.6687 8.6061 12.4363 172.586 43.2998 31.0109 129.286 25.4214 9.66861 15.7528 103.865 66.6264 58.9591 52.3559 37.2384 12.2889 23.112 20.1474 10.2423 6.15449 46.1595 24.0395 12.6164 22.12 11.4231 6.07792 6.12767 18.8034 14.7863 19.3293 8.15574 9.90512 7.66736 6548.19 15.2865 335.464 37.2596 28.215 9.04455 18.085 11.7477 298.205 209.06 89.1442 71.487 22.2703 49.2167 35.2342 16.2752 11.2218 22.0265
internal_count=30286 4334 4246 1378 170 52 2868 228 198 167 78 89 63 118 1208 268 204 940 191 68 123 749 494 426 381 255 64 170 151 73 45 331 168 90 163 78 44 43 116 87 138 64 78 68 25952 61 2640 289 229 60 141 94 2351 1626 725 595 174 421 295 126 85 168
cat_boundaries=0 1 2 3 4 5 6 7 8 9 10
cat_threshold=2 9 4 2 1 4 8 8 1 8
is_linear=0
shrinkage=0.04


Tree=84
num_leaves=63
num_cat=8
split_feature=7 17 12 9 0 9 6 6 6 14 10 10 11 15 2 0 10 11 9 8 6 8 0 14 10 8 6 9 10 8 10 14 6 3 8 8 11 10 8 0 14 2 9 9 10 5 8 6 6 10 9 4 11 0 0 2 6 8 8 6 4 14
split_gain=9.0074 2.32524 1.37086 2.31892 2.57548 2.06687 5.38558 3.54728 1.86515 4.86223 2.93382 4.61089 1.76596 1.7713 5.76793 4.15652 5.73955 3.46387 2.54468 2.75668 3.17452 2.7295 2.90724 9.70304 6.63735 3.33358 2.49498 2.38538 3.38502 2.60347 6.16651 2.13536 2.1212 1.78655 2.61659 2.13758 1.82784 1.74195 1.73996 6.89818 3.60447 5.23904 3.12719 5.28619 3.41774 5.23439 2.40889 6.58338 3.80884 3.37662 3.34014 3.16286 2.98066 4.22056 4.11634 4.68546 4.15585 3.81836 2.96916 4.19175 2.45515 3.17436
threshold=2.5000000000000004 0 1 4.1500000000000012 7.5000000000000009 4.9500000000000011 1.0000000180025095e-35 5.5000000000000009 3.5000000000000004 2 1.0000000180025095e-35 1.5000000000000002 2.5000000000000004 3 1.0000000180025095e-35 12.500000000000002 1.0000000180025095e-35 1.0000000180025095e-35 4.7500000000000009 22.500000000000004 2.5000000000000004 21.500000000000004 7.5000000000000009 4 1.0000000180025095e-35 35.500000000000007 1.0000000180025095e-35 4.5500000000000007 1.5000000000000002 31.500000000000004 1.5000000000000002 5 2.5000000000000004 1.0000000180025095e-35 27.500000000000004 33.500000000000007 1.0000000180025095e-35 1.5000000000000002 35.500000000000007 12.500000000000002 6 1.0000000180025095e-35 4.0500000000000007 4.4500000000000011 1.0000000180025095e-35 1.0000000180025095e-35 26.500000000000004 1.0000000180025095e-35 1.5000000000000002 1.5000000000000002 4.5500000000000007 1.0000000180025095e-35 1.0000000180025095e-35 12.500000000000002 1.0000000180025095e-35 1.0000000180025095e-35 3.5000000000000004 23.500000000000004 21.500000000000004 2.5000000000000004 1.0000000180025095e-35 7
decision_type=2 9 1 10 10 10 2 2 2 9 2 2 8 1 2 8 2 10 10 10 2 10 10 9 2 10 2 10 2 10 2 9 2 2 8 10 10 2 10 8 9 2 8 10 2 2 8 2 2 2 8 2 8 8 10 2 2 10 10 2 2 9
left_child=1 -1 3 4 -3 38 -7 8 10 -10 -8 -12 13 14 15 16 -5 -18 21 20 -20 -15 26 -24 25 -25 -23 28 -26 30 -29 -21 -28 36 -35 -36 -33 -38 46 40 -40 -42 -41 -44 -45 -46 48 49 -4 51 -51 -48 53 58 56 -56 -54 -58 -50 -60 -49 -62
right_child=-2 2 5 12 -6 6 7 -9 9 -11 11 -13 -14 18 -16 -17 17 -19 19 31 -22 22 23 24 27 -27 32 29 -30 -31 -32 33 -34 34 35 -37 37 -39 39 42 41 -43 43 44 45 -47 47 60 52 50 -52 -53 54 -55 55 -57 57 -59 59 -61 61 -63
leaf_value=-0.026486495887028706 0.0003508991292696404 -0.0030831737633936328 -0.024025225658559243 0.027797420413164384 -0.033624100673664538 -0.046910048718092796 -0.03108194027268639 -0.025516161741679821 0.045578258448565959 -0.00400252228592773 0.043963341723868066 -0.014318540381722042 -0.026941626003346424 -0.01836712046054462 0.038014205673709694 -0.029019916811005873 0.011370141788566336 -0.029635486514561781 -0.014181961520922255 0.020221748640987431 0.037978599501711327 -0.032881822927909442 -0.050061051472839138 -0.011431800144893641 0.076928051889670487 0.038416149335212035 0.024749556246469157 -0.025045912300010218 0.024248757162456617 0.050081284784219568 0.046788552983584877 0.012674335946957001 -0.0013880894521291355 -0.042816144266317205 0.005647671922445717 -0.033858013815518326 -0.0037517079679354149 -0.031117344579278398 0.012663124411484965 0.040950744013070133 -0.037300817070530956 0.019401195499799812 -0.039317302803364367 0.025708163100939974 -0.018578045744153011 0.042719747169197263 0.015973111920928672 -0.0018290353093702006 0.021835221013758229 0.024164897285499812 -0.032501854489515696 0.057636961271886014 0.054972867777405739 -0.03528843311592552 -0.0023313179787245657 -0.04796643052746772 -0.031867842028005494 0.028797552861100417 0.028711761266375868 -0.02943565997570273 0.0027240210018706123 -0.019621981119157791
leaf_weight=7.8837076425552368 6547.9520440250635 11.254651680588724 24.988185569643974 7.1949124410748508 7.2726748362183562 3.0583399012684849 2.9992990717291894 4.1059339046478263 7.6364761665463448 5.4043019786477071 4.3408424630761129 4.3467241376638412 3.856745518743991 5.7711714953184119 4.01348803192377 14.623569905757902 4.9769740551710102 9.7591646835207939 2.9831805750727645 4.2405349388718605 4.9889193326234818 3.0933457463979748 3.0556101426482201 8.9417987242341024 4.7280693948268908 2.8245844095945349 6.5961542949080494 3.6343193873763067 3.3235251903533936 4.8964583054184914 4.0346808880567551 7.9225024729967144 20.124423921108246 5.4550181850790951 6.2740566059947014 3.3676730617880821 16.902998693287376 4.7725713551044455 3.3486481830477715 2.7533036768436459 24.594065427780158 2.9163652658462516 5.3878332525491741 8.0340866073966044 11.651987932622431 2.7561620771884909 7.6478067412972468 95.011713653802872 5.0127300098538425 3.4121101424098006 3.2490359768271446 4.7111309170722961 3.7973031178116781 11.707741521298884 42.935634545981884 3.9291938841342917 2.9137245938181877 3.8580649271607399 2.6148689761757842 8.2165960147976858 14.547112323343754 33.814024247229099
leaf_count=88 25952 100 212 51 70 30 26 31 41 37 29 34 26 38 26 115 37 76 25 29 30 25 24 63 26 18 43 25 22 27 23 56 139 39 44 29 118 34 27 21 230 20 46 56 93 19 54 725 37 24 29 30 22 101 320 35 23 26 19 71 110 290
internal_value=-6.7045e-05 -0.00491528 -0.00460974 -0.00154376 -0.0150716 -0.00600369 0.003561 0.0089144 0.0146315 0.0250312 0.00302692 0.0148027 -0.000179159 0.0004334 -0.00602027 -0.0125019 -0.00148778 -0.0157863 0.00273659 -0.0033519 0.01846 0.00800024 0.0103322 0.0180763 0.0245056 0.000534472 0.00112708 0.0381861 0.0551832 0.0272949 0.0127464 -0.0069053 0.00506416 -0.00947904 -0.0206768 -0.00815091 -0.00376756 -0.00977713 -0.00709735 -0.0131776 -0.0265203 -0.0312899 0.000285376 -0.00373776 0.00480402 -0.00685228 -0.00572572 -0.00263006 -0.0102969 0.0194819 -0.00347484 0.031855 -0.0062604 -0.017076 -0.00107199 -0.00615741 0.0214775 0.00269481 -0.00361832 -0.015398 -0.00556348 -0.0129003
internal_weight=7112.42 564.469 556.585 190.884 18.5273 365.701 31.8919 28.8336 24.7276 13.0408 11.6869 8.68757 172.356 168.5 40.5681 36.5546 21.9311 14.7361 127.932 56.9075 7.9721 71.0241 65.253 35.439 32.3834 11.7664 29.8139 20.6171 8.05159 12.5655 7.669 48.9354 26.7206 44.6948 15.0967 9.64173 29.5981 21.6756 333.809 61.4425 30.8591 27.5104 30.5834 27.8301 22.4422 14.4082 272.367 162.393 109.974 19.0201 6.66115 12.3589 84.9859 27.5519 57.4339 46.8648 10.5691 6.77179 15.8442 10.8315 143.373 48.3611
internal_count=30286 4334 4246 1378 170 2868 228 198 167 78 89 63 1208 1182 305 279 164 113 877 404 55 473 435 228 204 81 207 123 48 75 48 349 182 320 112 73 208 152 2640 512 277 250 235 214 168 112 2128 1262 866 137 53 84 654 228 426 355 71 49 127 90 1125 400
cat_boundaries=0 1 2 3 4 5 6 7 8
cat_threshold=2 9 4 8 2 2 2 8
is_linear=0
shrinkage=0.04


Tree=85
num_leaves=63
num_cat=12
split_feature=7 15 16 10 9 1 12 9 1 11 5 2 0 17 2 16 1 1 9 10 11 11 16 1 10 1 5 16 9 9 0 0 1 1 0 5 10 14 1 9 9 9 7 5 12 1 11 0 9 0 5 1 1 1 11 0 12 14 15 9 1 1
split_gain=6.95634 2.1457 3.25202 3.08334 2.60589 4.05985 3.7862 5.87287 6.47321 4.71251 3.28511 7.2935 3.77273 3.22704 2.87592 2.79043 7.5485 5.51707 7.29271 5.64644 3.7832 2.78457 2.62353 2.44315 3.16567 3.8642 3.15865 2.34012 4.39472 6.3448 2.53337 2.32768 2.11865 4.43116 2.10804 2.10128 2.04778 4.90609 3.44091 3.08573 3.03802 2.66353 2.42353 2.35534 2.03832 4.82886 2.63869 4.27044 3.74492 2.39058 5.71818 2.5327 2.37497 2.37507 2.34628 5.82383 2.00345 4.36597 7.20923 7.39654 6.94497 2.97202
threshold=2.5000000000000004 0 1 1.5000000000000002 4.4500000000000011 22.500000000000004 2 4.6500000000000012 1.0000000180025095e-35 1.5000000000000002 1.0000000180025095e-35 1.0000000180025095e-35 12.500000000000002 3 1.0000000180025095e-35 4 1.0000000180025095e-35 20.500000000000004 4.5500000000000007 1.0000000180025095e-35 1.5000000000000002 2.5000000000000004 5 20.500000000000004 1.0000000180025095e-35 9.5000000000000018 1.0000000180025095e-35 6 4.9500000000000011 4.8500000000000005 7.5000000000000009 1.0000000180025095e-35 21.500000000000004 16.500000000000004 7.5000000000000009 1.0000000180025095e-35 1.0000000180025095e-35 7 1.0000000180025095e-35 4.6500000000000012 4.8500000000000005 4.8500000000000005 3.5000000000000004 1.0000000180025095e-35 8 1.0000000180025095e-35 1.0000000180025095e-35 12.500000000000002 4.5500000000000007 7.5000000000000009 1.0000000180025095e-35 16.500000000000004 13.500000000000002 17.500000000000004 1.0000000180025095e-35 7.5000000000000009 9 10 11 3.9500000000000006 17.500000000000004 14.500000000000002
decision_type=2 1 9 2 10 2 1 10 2 10 2 2 8 9 2 9 2 2 10 2 8 8 9 2 2 2 2 9 8 8 10 10 2 2 10 2 2 9 2 10 10 10 2 2 1 2 10 10 10 10 2 2 2 2 10 8 1 9 1 10 2 2
left_child=-1 3 -3 4 5 -2 7 9 -9 44 11 13 -13 21 22 17 -17 18 19 -8 23 27 31 24 -18 -26 -27 -10 29 32 -31 -12 33 -29 -35 -19 40 39 -39 -38 -20 42 -40 -42 45 -6 47 52 -48 50 -50 -51 -47 -54 55 -46 -4 58 59 -58 -60 -61
right_child=1 2 56 -5 6 -7 15 8 10 -11 14 12 -14 -15 -16 16 20 35 36 -21 -22 -23 -24 -25 25 26 -28 28 -30 30 -32 -33 -34 34 -36 -37 37 38 41 -41 43 -43 -44 -45 54 46 48 -49 49 51 -52 -53 53 -55 -56 -57 57 -59 60 61 -62 -63
leaf_value=-0.0040346338711729733 0.0056766940946144095 0.017095566838985429 0.00091383927301202461 0.004279125878530239 0.031405577152916385 -0.015479690673096217 7.1087574754732623e-05 -0.013730678294509189 0.009318435663335449 -0.040666508007008988 0.039426102015881252 -0.035852538948957687 0.0016369038775819419 0.034531292667175841 0.037315182863618859 -0.03525734319339012 0.012558910049433856 -0.018254733553415451 0.0054023915352897642 0.043034922192984715 -0.024639485758847383 -0.022457297900479751 -0.0019965593295917777 0.015947735533516395 0.018972709539960057 -0.023251387853773408 0.0066347286276844768 0.013302052182306798 -0.031756374955464892 0.041537273532883508 0.00684251013276088 0.012881523663119784 0.0090894521057088076 -0.012161874454849586 -0.046591369489555411 -0.0047799541615375684 -0.035051368028120582 0.024282802313583006 -0.0063026889104629263 -0.011494358098761108 -0.017859339623461552 0.0085888021873816566 -0.036572453491468385 0.0078151086140626092 0.011447323789557338 -0.0069105938174165802 -0.027058133537712203 -0.01544136755757048 -0.034908255219130845 -0.017138306066791155 0.01998056955719529 0.015653058281790835 0.046008883279468525 0.013590046506327983 -0.0045835619336762716 -0.042957930298508459 0.035109632618549567 -0.00021687135004180676 -0.03839953042673025 0.0057365941373190218 -0.0090886195357253105 -0.0077643441803707273
leaf_weight=560.40062554180622 223.34164775907993 18.132839739322662 2493.393538236618 559.33825013041496 7.4493636935949317 15.521210253238676 9.8430589735507965 26.385418519377708 126.61670105159283 5.6462868750095359 5.9504100233316413 10.320192992687227 7.3564876765012732 6.4114245772361746 7.6055309921503058 7.9678619205951682 27.197484388947487 57.444127768278122 59.143854215741158 9.7346484065055847 6.3664442598819724 5.4677550047636023 17.520394399762154 33.179195493459702 7.7107185870409003 17.05978612601757 8.4662703871727008 5.5048618465662065 6.4908637702465048 7.4197091162204725 6.1655468940734863 47.306919604539871 7.7369117289781562 5.3753065466880781 6.0454568862915039 27.324334517121315 12.396062031388281 7.8395961076021186 26.543230578303341 31.517644628882408 20.132225513458256 16.789325580000877 5.0347962826490393 7.9844325184822074 4.6711625605821583 5.9180245995521572 12.684153109788893 10.404138326644896 8.2706644684076291 5.0604820400476482 4.7987087517976752 14.762760087847708 4.9216871261596706 13.627135321497915 22.923782274127007 9.6549548208713531 8.6011415570974332 2188.5667134076357 21.422032058238983 38.926798209547997 32.642486408352852 79.099841848015785
leaf_count=4314 873 69 9863 2194 27 65 39 109 489 25 21 45 29 23 27 35 104 240 231 34 27 23 70 126 29 72 33 21 28 26 24 181 30 22 27 110 54 29 107 129 84 65 22 31 18 24 54 43 36 21 18 56 17 52 92 43 31 8685 94 152 133 321
internal_value=0.000241815 0.000609654 0.000187069 0.00185913 0.000617285 0.00430196 -0.000435318 0.00212369 0.00520739 -0.00492094 0.0069965 0.00428685 -0.0202506 0.00665398 0.0139419 -0.00320293 0.00221138 -0.00531617 -0.0017957 0.021434 0.00519743 0.00564318 0.0114302 0.00722658 0.00243855 -0.0058429 -0.013339 0.00653984 -0.00132399 0.00384055 0.0257914 0.0158473 -0.00825096 -0.0161775 -0.0303868 -0.0139113 -0.00422276 -0.00812655 -0.000299981 -0.0181441 0.00025635 -0.00428447 -0.0111289 -0.0105684 -0.0033082 0.000534707 -0.00225743 0.00602459 -0.00859404 -0.00147387 -0.0147546 0.00728207 0.0151527 0.022192 -0.00987001 -0.0252186 0.000124402 -0.000707269 -0.00668617 -0.00065044 -0.017471 -0.00331155
internal_weight=7075.54 6515.13 4880.79 1634.35 1075.01 238.863 836.148 436.473 305.68 130.793 279.294 200.911 17.6767 183.235 78.3833 399.675 107.948 291.727 206.959 19.5777 99.9799 176.823 70.7777 93.6135 60.4343 33.2368 25.5261 171.355 44.7387 38.2478 13.5853 53.2573 24.6625 16.9256 11.4208 84.7685 187.381 100.121 56.2069 43.9137 87.2605 48.3674 31.578 28.1167 125.147 87.8971 80.4478 34.871 45.5768 32.8926 13.0694 19.8232 24.4668 18.5488 37.2499 14.3261 4862.65 2369.26 180.692 126.628 54.0645 118.027
internal_count=30116 25802 19348 6454 4260 938 3322 1721 1195 526 1086 787 74 713 299 1601 426 1175 825 73 391 690 272 364 238 134 105 667 178 150 50 202 100 70 49 350 752 406 223 183 346 194 129 115 501 348 321 136 185 131 54 77 93 69 153 61 19279 9416 731 504 227 473
cat_boundaries=0 1 2 3 4 5 6 7 8 9 10 11 12
cat_threshold=8 2 26 1 1 1 1 4 18 106 2 6
is_linear=0
shrinkage=0.04


Tree=86
num_leaves=63
num_cat=9
split_feature=7 8 12 6 11 9 6 6 1 6 15 16 6 10 8 1 11 1 1 12 8 7 12 1 8 9 8 8 9 9 0 1 9 16 8 1 9 8 0 5 6 1 1 8 1 9 1 9 8 8 0 0 9 12 6 16 14 11 1 1 9 7
split_gain=6.42495 2.11028 2.45701 5.85712 5.75277 2.22703 2.1295 2.25134 2.10748 4.69249 1.97924 3.00724 2.85552 2.84271 3.42756 6.18328 3.84203 4.60712 4.05083 8.66169 8.4156 6.10219 5.35077 4.06841 3.89675 3.89549 3.66024 3.58751 3.34347 3.33829 4.82105 3.20855 8.24516 3.15999 4.161 3.08597 5.03746 6.02784 4.22881 4.95555 3.87954 3.7496 3.22872 6.91916 2.90777 2.71749 2.56077 2.93574 2.55229 4.28702 5.12856 2.49165 2.43691 2.37296 4.01061 2.91595 5.58542 2.83534 2.89455 2.83434 3.10472 2.52981
threshold=2.5000000000000004 36.500000000000007 0 1.5000000000000002 1.5000000000000002 4.6500000000000012 4.5000000000000009 2.5000000000000004 18.500000000000004 3.5000000000000004 1 2 2.5000000000000004 1.5000000000000002 31.500000000000004 22.500000000000004 1.5000000000000002 20.500000000000004 14.500000000000002 3 38.500000000000007 3.5000000000000004 4 16.500000000000004 32.500000000000007 4.4500000000000011 22.500000000000004 33.500000000000007 4.7500000000000009 4.8500000000000005 12.500000000000002 10.500000000000002 4.5500000000000007 5 35.500000000000007 10.500000000000002 4.7500000000000009 25.500000000000004 7.5000000000000009 1.0000000180025095e-35 1.5000000000000002 -1.0000000180025095e-35 11.500000000000002 26.500000000000004 9.5000000000000018 4.9500000000000011 19.500000000000004 4.9500000000000011 38.500000000000007 37.500000000000007 7.5000000000000009 12.500000000000002 4.6500000000000012 6 1.0000000180025095e-35 7 8 1.0000000180025095e-35 20.500000000000004 20.500000000000004 4.6500000000000012 3.5000000000000004
decision_type=2 10 1 2 8 10 2 2 2 2 1 9 2 2 8 2 10 2 2 1 10 2 1 2 8 10 10 10 10 10 10 2 10 9 8 2 10 10 10 2 2 2 2 10 2 10 2 10 10 10 8 8 10 1 2 9 9 8 2 2 8 2
left_child=1 -1 3 5 6 -3 7 -4 -9 -10 13 12 -12 14 26 16 18 27 19 21 22 31 24 -24 -20 -22 29 -18 -27 53 46 33 -33 -16 -35 36 37 40 39 -39 -28 -42 43 -37 -38 -25 47 -31 49 50 -21 -52 -23 61 -55 56 57 -56 -59 60 -57 -2
right_child=10 2 4 -5 -6 -7 -8 8 9 -11 11 -13 -14 -15 15 -17 17 -19 20 48 25 52 23 45 -26 28 35 -29 -30 30 -32 32 -34 34 -36 42 44 38 -40 -41 41 -43 -44 -45 -46 -47 -48 -49 -50 -51 51 -53 -54 54 55 59 -58 58 -60 -61 -62 -63
leaf_value=-0.0029121198507986662 -0.004326075587224385 0.014992286013655005 -0.027335453555646479 -0.0079602544056850411 0.026354571002270434 0.064237301237132879 -0.035465514326544982 -0.017801884123259497 0.046396735995299927 -0.016038358032028618 9.9497108864528787e-05 0.00011951997706496072 0.031910613605141795 0.004110165356058351 -0.0029922024978121927 -0.012567555086518889 -0.022382225413991989 -0.041493773782779068 0.045593881596825377 -0.017347136910429137 0.015287478628574833 0.035975859202237614 0.031757147540864873 0.0058654939454541059 0.019027452409607959 -0.046045365702045656 -0.048000696525726222 0.0092276702711120012 -0.0097098263002631784 0.022798558901366554 0.031612761313749439 0.0084296910031858366 -0.055340477985579228 -0.053834287485134212 -0.0095174405174103405 -0.018096761780241985 -0.027477947992662427 0.025877595131696036 -0.013604873229739509 -0.0092532701359208588 0.018799774722824843 -0.023449776564082529 -0.0022681832911029716 0.034786463903314781 0.00046707043779809464 -0.015019710389369235 -0.010358134846374586 -0.0089222416005726012 0.031081871667662797 -0.022950052728973117 0.038447897142746205 0.012781887616429274 -0.0010633514308266126 0.024288846237912047 0.020473152759976684 0.043032900699983188 -0.030134603321255848 -0.012550975971924229 0.01819813601350443 -0.011041971002995079 0.0046351495816457393 -0.03193734404188546
leaf_weight=483.57211127504706 29.389315247535706 3.1951399147510555 15.006267931312321 18.931594781577587 4.562942497432231 2.7203134223818779 11.705264292657374 11.319314889609815 3.2157499566674215 4.8023856356739998 8.7757000774145144 4862.5544466823339 9.2990410178899747 559.04434387385845 33.26503524184227 36.2349554002285 8.7334323674440437 5.6551655381917945 10.392703101038931 8.4280040711164457 5.5093491375446346 5.5907556116580945 9.1223443895578367 119.79426082968712 58.899426072835922 6.4833589345216778 5.7707830071449306 16.786633491516113 10.803850650787352 14.515037283301355 14.863584533333777 5.1603180915117255 8.7357020676135999 5.2455325275659535 9.5821893811225891 6.2247888892889049 27.806902572512627 19.782856449484825 12.143250674009321 9.514101907610895 5.0227491259574917 10.158317327499384 349.93387176096439 10.873213350772856 7.5820324420928946 10.872786790132521 12.214648112654684 6.8813135325908652 8.8172091394662839 6.3953451663255683 7.0336193144321433 43.358459547162056 5.7807442247867584 13.473617553710936 10.156744807958601 6.5788055807352075 10.886111244559286 18.780093520879749 6.6264984607696524 5.3493499755859366 6.9060488790273675 6.4798823446035376
leaf_count=3675 118 25 139 163 34 21 101 90 24 42 35 19279 34 2194 133 150 37 25 36 35 21 20 33 467 221 29 26 65 44 54 54 20 40 24 39 26 119 73 50 39 19 43 1398 39 30 45 50 28 32 27 25 166 23 50 38 23 47 77 25 22 27 28
internal_value=0.000232338 -0.00388294 -0.0101043 0.00206467 -0.0137664 0.0376384 -0.0207315 -0.0157097 -0.00668791 0.00900183 0.000585496 0.000179687 0.0164656 0.00178585 0.000593275 0.00327171 0.00467003 -0.00882836 0.00577957 0.000594567 0.00907541 -0.00861413 0.0115916 0.00553474 0.0201098 -0.0140025 -0.00131209 -0.00158981 -0.023337 0.00384346 0.0126434 -0.0147295 -0.0316593 -0.00983772 -0.0251952 -0.00312116 -0.0094357 -0.00259803 0.00624246 0.0144689 -0.0200834 -0.00947125 -0.0014389 0.0155335 -0.0214908 0.00412764 0.00425469 0.0125968 0.00958807 0.0081523 0.011534 0.0163643 0.0171468 0.000122046 0.00392171 0.000318941 -0.00506414 0.00261005 -0.00453105 0.0135949 0.0233681 -0.00728355
internal_weight=7073.3 559.031 75.459 24.847 50.6119 5.91545 46.049 34.3437 19.3375 8.01814 6514.27 4880.63 18.0747 1633.64 1074.6 446.681 410.446 31.1752 379.271 147.393 231.878 73.3603 209.082 139.789 69.2921 22.7966 627.914 25.5201 17.2872 163.101 48.4746 61.9888 13.896 48.0928 14.8277 464.813 97.781 62.3921 41.4402 29.297 20.9518 15.1811 367.032 17.098 35.3889 130.667 33.611 21.3964 74.0326 65.2154 58.8201 50.3921 11.3715 114.626 78.7573 65.2837 46.4494 35.5633 25.4066 18.8342 13.4849 35.8692
internal_count=30116 4314 639 209 430 46 396 295 156 66 25802 19348 69 6454 4260 1757 1607 127 1480 584 896 299 802 545 257 94 2503 102 73 641 186 256 60 196 63 1862 399 250 162 112 88 62 1463 65 149 512 132 82 285 253 226 191 43 455 309 259 187 140 102 72 50 146
cat_boundaries=0 1 2 3 4 5 6 7 8 9
cat_threshold=34 8 2 22 18 1 40 1 4
is_linear=0
shrinkage=0.04


Tree=87
num_leaves=63
num_cat=12
split_feature=7 9 0 15 16 6 0 1 9 13 7 6 9 12 6 11 9 14 9 1 1 11 11 9 9 1 11 11 1 9 11 6 11 14 9 12 1 5 6 5 6 12 14 15 9 1 6 6 1 9 6 11 9 6 11 0 15 9 9 9 1 14
split_gain=5.93714 1.97966 3.43923 1.82609 2.78162 2.6583 1.9098 4.40435 3.97492 3.74338 7.34412 3.73286 3.24024 3.07919 3.12426 6.56921 2.87539 2.70397 2.61939 3.64485 3.51936 2.68816 3.24383 5.37492 4.22737 2.56621 2.43691 2.40683 2.06911 2.42531 2.77479 1.93074 2.83361 6.82463 2.12427 2.46243 3.19768 3.707 1.92542 2.34026 3.31763 1.84675 4.02133 6.63193 6.84071 6.37499 3.68533 2.75626 4.71474 5.37844 2.84775 2.44715 2.61264 2.37993 3.16948 2.54266 3.70083 5.54729 5.29028 4.17867 2.95761 2.91857
threshold=2.5000000000000004 3.7500000000000004 12.500000000000002 0 1 2.5000000000000004 12.500000000000002 10.500000000000002 4.8500000000000005 2 3.5000000000000004 1.0000000180025095e-35 4.9500000000000011 3 2.5000000000000004 1.0000000180025095e-35 4.7500000000000009 4 4.7500000000000009 14.500000000000002 16.500000000000004 1.5000000000000002 1.0000000180025095e-35 4.1500000000000012 4.2500000000000009 15.500000000000002 1.5000000000000002 1.0000000180025095e-35 16.500000000000004 4.7500000000000009 1.0000000180025095e-35 5.5000000000000009 1.0000000180025095e-35 5 3.8500000000000001 6 19.500000000000004 1.0000000180025095e-35 5.5000000000000009 1.0000000180025095e-35 2.5000000000000004 7 8 9 3.9500000000000006 17.500000000000004 2.5000000000000004 2.5000000000000004 1.0000000180025095e-35 4.8500000000000005 3.5000000000000004 2.5000000000000004 4.6500000000000012 5.5000000000000009 2.5000000000000004 12.500000000000002 10 4.7500000000000009 4.4500000000000011 4.8500000000000005 18.500000000000004 11
decision_type=2 8 10 1 9 2 10 2 8 9 2 2 8 1 2 8 8 9 10 2 2 10 8 8 8 2 10 10 2 10 10 2 8 9 10 1 2 2 2 2 2 1 9 1 10 2 2 2 2 10 2 10 10 2 8 8 1 8 10 8 2 9
left_child=1 2 -1 6 5 -5 9 8 17 10 13 -12 28 14 15 -2 -16 27 21 -20 -21 22 24 -24 -15 -25 31 -8 -13 30 -30 34 33 -33 -9 -36 -37 -38 39 40 -22 51 43 44 -43 -45 -47 48 -46 -50 -49 -6 -53 -44 55 -55 59 58 -58 -57 -60 -59
right_child=3 -3 -4 4 41 -7 7 26 -10 -11 11 12 -14 18 16 -17 -18 -19 19 20 38 -23 23 25 -26 -27 -28 -29 29 -31 -32 32 -34 -35 35 36 37 -39 -40 -41 -42 42 53 45 47 46 -48 50 49 -51 -52 52 -54 54 -56 56 57 61 60 -61 -62 -63
leaf_value=-0.038318684772248077 0.025212908230625334 -0.0034414439145397384 0.01903743479066429 9.5518783076872053e-05 0.00097359262839225426 0.03083683525086782 0.012663333363376359 0.018270358114459335 0.031294833149089443 -0.0003902630345979873 0.04068794464477523 0.0026949045906107787 -0.015298357373500437 0.028066537022747765 0.034309438297853614 -0.026245342536958025 0.0070554429971226608 0.015127962067849556 -0.033515187168205555 0.016352766169844289 -0.01525025546605834 -0.019657943853055831 -0.019573578828514137 0.025711942383848788 -0.013655682835508099 0.0082746461780477572 0.015973843041297692 -0.01878748273470476 -0.0083882329245453715 0.040455067559647041 0.024733413159668247 0.049012551364642221 0.0028818159224382424 -0.0053893908499818956 0.0043745652514354553 -0.0083543822731499337 -0.0015207406714268946 0.019464314447083225 0.0094218427874122896 -0.030565187892151201 0.0084180035856922606 0.033831839923116717 -0.00074116783033695635 -0.036782905258132881 0.036516602127336276 -0.024830601975041847 0.0024835492011030056 -0.022704241201913371 -0.0095366029192092625 0.020400490251563097 -0.0037079011859811658 -0.03166414203115591 0.0017839638140626612 0.0058201246161700649 0.028076662616003629 0.0088482499425506771 0.0019397598755634413 0.022437709321481716 -0.02720953742844431 -0.010705683839234162 -0.064901055885983813 -0.0079322995105758892
leaf_weight=6.2173878327012044 7.8723007291555378 549.16654378175735 2.2883697114884853 8.7755354195833224 2478.2073730677366 9.2391573488712293 6.8000780493021002 10.279755800962446 15.704538330435751 904.68994800746441 9.6476329118013364 11.174059674143789 5.5658477097749701 4.6527672410011318 13.664806827902796 8.00636225938797 11.328689619898794 29.416064038872719 7.1194206476211539 11.892559632658957 26.619328394532204 7.64600846171379 9.3076523393392545 18.185410499572754 23.564782783389091 52.453953221440315 19.963050574064255 9.107094794511795 5.6785558909177825 8.8066763877868635 14.084692344069481 7.8728011548519135 37.833495274186134 6.9435788691043836 107.50741909444332 93.161224380135536 78.401666298508644 16.262269660830498 9.0617837309837324 7.9162248075008383 14.713362768292425 8.5684067457914335 1886.1444159299135 21.470715701580048 6.1653597652912131 13.402793705463408 19.262499883770943 17.056353569030762 32.612738594412804 13.608538955450056 48.615900903940201 7.6176289916038495 7.3334759175777435 159.91708359122276 7.9045875072479239 65.063011720776558 7.3532917946577099 7.5106327086687088 10.325163066387175 23.912590682506561 4.9173835515975943 15.535104960203173
leaf_count=66 29 4228 20 35 9801 34 26 39 57 3599 34 44 23 17 49 34 44 112 31 45 110 32 39 67 97 203 76 38 23 31 52 27 149 28 421 378 313 61 35 34 57 31 7495 94 22 57 76 72 133 51 195 33 29 624 29 252 29 28 44 98 23 63
internal_value=0.000223098 -0.00373804 -0.0228877 0.000562246 0.000172511 0.0158618 0.00171555 0.00398109 0.0139525 0.000896217 0.0047723 0.018096 0.0132856 0.0018471 0.0105581 -0.000733445 0.0219561 0.00794333 -0.000516331 -0.00624408 -0.00347848 0.0032633 0.00488358 0.00899891 -0.00677614 0.0127637 0.00237218 -0.00534273 0.0172886 0.0229964 0.0152166 0.00161427 0.00868898 0.0235175 0.000395467 -0.000226711 -0.00293693 0.00208427 -0.00752309 -0.010641 -0.00682497 0.00011474 -0.000683682 -0.00642056 -0.000628611 -0.0167568 -0.00872363 -0.00318291 0.00366017 -0.000722478 -0.00864162 0.000872754 -0.0152579 -0.000212976 0.00308107 0.00241025 -0.00164048 -0.00971451 -0.0259261 0.00323002 -0.0393692 0.00196532
internal_weight=7071.1 557.672 8.50576 6513.43 4880.52 18.0147 1632.91 439.253 61.0278 1193.65 288.963 54.9575 45.3098 234.005 40.8722 15.8787 24.9935 45.3232 193.133 77.3227 70.2033 115.811 108.165 79.947 28.2176 70.6394 378.225 15.9072 39.744 28.5699 19.7632 358.262 52.6499 14.8164 305.612 295.333 187.825 94.6639 58.3107 49.2489 41.3327 4862.51 2369.35 180.763 126.627 54.136 32.6653 118.059 52.3866 46.2213 65.6723 2493.16 14.9511 2188.58 302.439 294.534 134.617 45.6416 22.5958 88.9756 15.2425 23.0457
internal_count=30116 4314 86 25802 19348 69 6454 1725 233 4729 1130 207 173 923 156 63 93 176 767 312 281 455 423 309 114 270 1492 64 150 106 75 1416 204 55 1212 1173 752 374 236 201 167 19279 9416 731 504 227 133 473 206 184 267 9863 62 8685 1190 1161 537 187 96 350 67 91
cat_boundaries=0 1 2 3 4 5 6 7 8 9 10 11 12
cat_threshold=8 2 8 16 8 4 48 106 2 6 3 8
is_linear=0
shrinkage=0.04


Tree=88
num_leaves=63
num_cat=9
split_feature=7 8 12 11 6 6 6 1 6 9 6 10 15 10 8 1 2 11 8 8 11 8 1 8 9 9 1 12 14 16 12 9 9 10 8 1 9 8 6 1 8 8 9 6 1 7 8 6 1 16 8 14 6 6 11 10 8 6 12 6 1 6
split_gain=5.48412 1.97822 2.31404 5.35663 5.27749 2.06281 2.15664 1.96974 4.21531 1.91044 1.88726 1.75181 1.68639 2.60828 3.12967 5.67948 3.73894 4.69735 4.31923 4.15329 4.2243 4.09684 3.77054 3.38725 3.35106 5.65526 3.20365 5.8407 4.6154 4.19813 4.04018 4.3622 3.07611 2.93268 2.89379 2.86169 4.59262 5.556 3.6056 3.00618 6.3852 2.77163 2.75086 4.2237 2.62735 3.39326 3.28544 3.51122 2.5978 2.57322 2.48464 4.55132 2.47559 2.33404 2.7158 2.92341 2.88137 2.45718 2.29816 5.08606 4.64887 2.71275
threshold=2.5000000000000004 36.500000000000007 0 1.5000000000000002 1.5000000000000002 4.5000000000000009 2.5000000000000004 18.500000000000004 3.5000000000000004 4.6500000000000012 5.5000000000000009 1.0000000180025095e-35 1 1.5000000000000002 31.500000000000004 22.500000000000004 1.0000000180025095e-35 1.5000000000000002 38.500000000000007 33.500000000000007 1.0000000180025095e-35 37.500000000000007 16.500000000000004 22.500000000000004 4.4500000000000011 4.7500000000000009 1.0000000180025095e-35 2 3 4 5 4.8500000000000005 4.8500000000000005 1.0000000180025095e-35 35.500000000000007 10.500000000000002 4.7500000000000009 25.500000000000004 3.5000000000000004 11.500000000000002 26.500000000000004 32.500000000000007 4.6500000000000012 3.5000000000000004 13.500000000000002 3.5000000000000004 20.500000000000004 2.5000000000000004 9.5000000000000018 6 36.500000000000007 7 2.5000000000000004 1.0000000180025095e-35 1.0000000180025095e-35 1.0000000180025095e-35 35.500000000000007 2.5000000000000004 8 3.5000000000000004 17.500000000000004 1.5000000000000002
decision_type=2 10 1 8 2 2 2 2 2 10 2 2 1 2 8 2 2 8 10 8 8 10 2 10 10 10 2 1 9 9 1 8 10 2 10 2 10 10 2 2 10 8 8 2 2 2 10 2 2 9 10 9 2 2 8 2 10 2 1 2 2 2
left_child=1 -1 4 5 9 6 11 -8 -9 -3 -6 -4 13 14 23 16 17 18 26 -18 -21 33 -20 32 -24 -26 27 28 29 -16 41 58 -2 -19 -29 36 37 38 -25 40 -37 -28 43 -39 -34 46 -46 -48 -38 52 51 -33 -14 -17 -55 57 -57 -56 59 60 -32 -62
right_child=12 2 3 -5 10 -7 7 8 -10 -11 -12 -13 49 -15 15 53 19 21 22 20 -22 -23 24 35 25 -27 30 34 -30 -31 31 50 44 -35 -36 39 48 42 -40 -41 -42 -43 -44 -45 45 -47 47 -49 -50 -51 -52 -53 -54 54 55 56 -58 -59 -60 -61 61 -63
leaf_value=-0.0026575265017129389 7.7048458429185209e-05 0.014339057118304058 -0.047602007848932829 0.025122530825143319 -0.013904098783248773 -0.034799957156793349 -0.017176688795890446 0.043465237974965543 -0.015410971781495123 0.059389305796917286 0.017754923422140561 -0.017555736906463334 9.1699720775286858e-05 0.0038757297313477645 -0.01609311836655607 0.011469912364827469 -0.032328299020877846 -0.0066061050066047646 0.01185766291965934 -0.028867301683018605 0.008694808672848638 0.016068525925245894 0.011518681098678299 -0.033143188901753801 -0.056874663264661028 -0.0079238215460031569 0.037319514545999175 0.019508823429959975 0.0072625711076237777 -0.060228386339959326 0.01206464995913928 -0.025852567601871854 0.028857685830644339 -0.034622289436808014 -0.0097460005556433329 -0.017311552240823768 -0.026293725773218379 0.011770637109976062 0.00061696976262760514 -0.0022341967223302494 0.033508228624089122 0.016570592222681802 0.023881332403906625 -0.018413428274746801 0.014630108363989584 0.032203331290224145 -0.031016197571556485 0.0072638185004026299 0.00012441949639822048 0.00011019419320397439 0.010323187342836779 0.011321954242329117 0.029806411533290153 0.0012615979971133768 -0.020532459706931325 0.010475095407866101 -0.030130096513255253 -0.060445026679118018 0.011434062669609859 0.016236430487181496 -0.014459093007557065 -0.055420412661041196
leaf_weight=481.62562484294176 114.55502374470234 3.2211616337299374 4.4564592540264121 4.6213555186986914 15.016858346760275 11.405630372464655 11.167356461286547 3.3037763908505422 4.7331301793456078 2.8287694007158279 3.7688007727265349 10.236014381051062 8.775377422571184 558.56475752592087 12.804362282156942 5.666580691933631 8.553202345967291 18.028373822569847 11.452732250094412 6.2888508439064053 20.10551643371582 8.4176191687583906 5.1866048872470882 12.417812511324884 5.8635082095861462 10.607605889439581 12.075361952185629 25.584426999092102 8.9995276182889956 4.7192098945379284 5.4875140786170986 16.210839048027992 11.439420327544211 8.9439392983913439 6.8606504201889029 6.2297138571739223 27.832345694303513 18.992803350090984 8.5443803668022138 349.91723823547363 10.837091550230978 70.086704760789871 10.23767253756523 12.170667886734007 14.675908431410791 6.9036169052124015 7.6554785668849927 7.6799195259809494 7.5768148303031913 4862.3417977392673 9.5816171765327436 7.8072948306798962 9.1774807274341565 9.5118685066699999 4.9688730984926224 5.4135758131742477 5.7830952107906342 4.9034009128808975 103.18099097907543 12.689988523721693 5.5834018737077695 4.8202487975358963
leaf_count=3675 455 25 43 34 135 101 90 24 42 21 28 96 35 2194 53 22 37 73 44 27 78 32 20 54 27 43 43 96 35 22 21 69 42 39 28 26 119 73 34 1398 39 265 38 51 56 25 33 30 30 19279 37 30 34 38 21 21 25 23 395 48 23 22
internal_value=0.000214529 -0.00359722 -0.00965107 -0.0132471 0.00207563 -0.0200853 -0.0151341 -0.00630906 0.0087916 0.0354032 -0.00755263 -0.0266692 0.000540169 0.00164867 0.000505624 0.00306682 0.00440876 0.00557496 0.00702016 -0.00810468 -0.000254923 -0.00829327 -0.0067046 -0.00131505 -0.0165204 -0.0253497 0.00850285 0.000124226 -0.0116346 -0.027979 0.0104989 0.00562669 0.00364812 -0.0158962 0.0101839 -0.00305477 -0.00913575 -0.00260331 -0.0193822 -0.00143466 0.014958 0.0174912 0.00589218 -1.75309e-05 0.0121083 0.00691783 0.00110131 -0.0118457 -0.0206408 0.000165666 -0.00689842 -0.0137687 0.0152818 -0.0121099 -0.0164792 -0.0244885 -0.0104975 -0.0403564 0.00924767 -0.00196018 -0.0177247 -0.0334374
internal_weight=7069.1 556.385 74.7593 49.9237 24.8356 45.3024 33.8967 19.2043 8.03691 6.04993 18.7857 14.6925 6512.71 1632.42 1073.85 446.187 409.94 374.993 339.603 34.9476 26.3944 35.3899 33.1105 627.666 21.6577 16.4711 306.492 58.9682 26.5231 17.5236 247.524 165.362 162.909 26.9723 32.4451 464.757 97.7725 62.3633 20.9622 366.984 17.0668 82.1621 41.4011 31.1635 48.3543 36.9149 30.0113 15.3354 35.4092 4880.29 33.5998 24.0181 17.9529 36.2474 30.5808 21.0689 11.1967 9.87227 131.762 28.5812 15.8912 10.4037
internal_count=30116 4314 639 430 209 396 295 156 66 46 163 139 25802 6454 4260 1757 1607 1465 1321 142 105 144 134 2503 90 70 1187 234 110 75 953 645 641 112 124 1862 399 250 88 1463 65 308 162 124 186 144 119 63 149 19348 136 99 69 150 128 90 46 44 509 114 66 45
cat_boundaries=0 1 2 3 4 5 6 7 8 9
cat_threshold=34 8 52 4 1 18 2 4 1
is_linear=0
shrinkage=0.04


Tree=89
num_leaves=63
num_cat=9
split_feature=12 6 8 3 9 0 1 9 6 16 8 11 8 8 9 2 11 13 8 16 9 0 8 12 11 1 9 1 14 0 8 8 14 9 8 8 8 10 8 6 0 0 1 8 16 11 1 10 11 10 16 8 1 8 1 6 8 10 8 9 6 8
split_gain=1.69632 5.39386 6.86263 6.8448 5.13169 5.5509 5.52728 8.99322 5.66833 7.91014 5.13497 4.58662 4.55306 4.05101 5.77228 4.04586 3.8126 3.80261 4.34027 4.11484 6.42075 3.70948 3.67318 5.44024 4.6333 9.57548 3.9907 3.68258 3.66366 6.22469 4.58724 4.94069 3.58551 3.56482 3.33029 4.10729 3.32604 5.05304 4.88171 4.22171 3.78863 3.1976 3.09469 3.04737 8.65129 3.26198 5.05477 3.02085 3.0071 5.91786 4.21847 6.213 5.41851 3.56831 4.17736 4.30407 3.53219 2.95959 2.91984 3.22571 2.89702 2.70904
threshold=0 5.5000000000000009 38.500000000000007 1.0000000180025095e-35 4.6500000000000012 12.500000000000002 22.500000000000004 4.1500000000000012 2.5000000000000004 1 21.500000000000004 1.5000000000000002 25.500000000000004 28.500000000000004 3.7500000000000004 1.0000000180025095e-35 1.5000000000000002 2 23.500000000000004 3 4.5500000000000007 1.0000000180025095e-35 22.500000000000004 4 1.0000000180025095e-35 11.500000000000002 4.6500000000000012 13.500000000000002 5 1.0000000180025095e-35 33.500000000000007 28.500000000000004 6 4.7500000000000009 25.500000000000004 21.500000000000004 37.500000000000007 1.5000000000000002 28.500000000000004 1.0000000180025095e-35 1.0000000180025095e-35 7.5000000000000009 21.500000000000004 24.500000000000004 7 1.0000000180025095e-35 21.500000000000004 1.5000000000000002 1.0000000180025095e-35 1.5000000000000002 8 36.500000000000007 21.500000000000004 37.500000000000007 20.500000000000004 3.5000000000000004 34.500000000000007 1.5000000000000002 35.500000000000007 4.2500000000000009 1.0000000180025095e-35 36.500000000000007
decision_type=1 2 8 2 10 10 2 8 2 9 10 8 10 10 8 2 8 9 8 9 8 10 10 1 10 2 10 2 9 10 8 10 9 10 10 10 10 2 10 2 10 10 2 10 9 10 2 2 8 2 9 8 2 8 2 2 10 2 8 8 2 8
left_child=4 -2 13 -4 5 6 8 -8 9 10 32 -10 -11 21 -15 -14 -16 48 -19 20 -20 34 26 24 25 -24 -23 -28 29 -9 31 -30 -1 -26 35 -3 37 39 -39 -12 -41 -35 57 44 -25 -45 -47 -36 50 61 51 -7 -52 54 55 -51 -56 -27 60 -60 -21 -50
right_child=1 2 3 -5 -6 17 7 28 11 12 36 -13 15 14 16 -17 -18 18 19 58 -22 22 23 43 33 42 27 -29 30 -31 -32 -33 -34 41 47 -37 -38 38 -40 40 -42 -43 -44 45 -46 46 -48 -49 49 53 52 -53 -54 -55 56 -57 -58 -59 59 -61 -62 -63
leaf_value=-0.013498058766202921 -0.00079040905266982656 0.0028952171859706667 -0.021554900007140304 0.016621424472862287 0.0028078721409795647 0.014707560572503187 0.023272801315781494 0.0056023610723449123 -0.0032496916322976737 -0.0011332813540236321 -0.0087946319905561586 -0.01732912300656151 0.0072375250692117248 0.037476298200023295 0.0051047792726305772 0.027814257915269563 0.022038682955528934 -0.026237500831346908 -0.012983293525846887 0.021973948190042676 0.043938989632086714 -0.0024227076768742113 0.031444048845924617 -0.0070921300031158343 0.023103423830257149 -0.019169495389660701 -0.0056952209252951322 0.022676643168526335 -0.011104812873229343 -0.036197605317544637 -0.039838638404312621 0.037672453130068846 0.019971894677717882 -0.022579060573581503 -0.0093142370399379778 -0.028083873812927235 0.0066451938831858194 -0.029188095573326037 0.015273552410328973 -0.016411476883146325 -0.05440618620870593 0.011340445579937717 -0.002141547508203025 0.0080350179793641247 -0.064317449246642552 -0.0050253055214985187 -0.051231454063255216 0.026610558793406746 -0.0050901588052696383 0.017266211612786814 0.048793804470349887 -0.031629574917331107 -0.00083311563621677734 0.041303102434879641 0.012914516291042476 -0.020524197236332854 0.049600044691435044 -0.061397079196375673 0.0047188260778482814 -0.031413274538716951 -0.0034418563181570724 0.011397968614671015
leaf_weight=8.3377135321497917 3985.1576530896127 10.430411331355574 31.74980041384697 9.844244532287119 1280.9986276999116 32.156234294176102 9.02492608129978 7.1705497652292243 416.24311016499996 110.89972899854183 9.3746448978781718 40.634530670940876 159.40314798057079 9.8114132732152921 295.05470116436481 16.910977579653263 22.925845175981522 11.353025160729883 5.3629412502050391 8.7408954799175245 7.7559712380170831 26.030086509883404 7.4784237444400814 16.239736661314964 29.003056049346924 6.9163053408265132 9.0972062796354276 37.463177651166916 10.274073258042337 27.797290340065956 4.9008673578500739 4.9106102511286727 13.274123474955559 6.2075457572937038 9.1800167709588987 19.93494987487793 8.6458047926425916 6.65555561333895 9.7236756384372693 6.3220307305455234 12.504752062261103 15.676939748227595 7.457417555153369 20.439903110265732 5.7142429798841503 20.864985004067425 4.6284067630767813 6.3257114291191092 74.032771900296211 9.3507566750049609 10.764327980577944 5.4085138812661162 5.2307624518871298 7.4196307286620131 14.107886597514154 9.9566664323210698 5.9789447858929625 4.3107146769762039 6.2499106675386455 10.758305601775644 40.07269436866045 20.319955229759216
leaf_count=36 17058 44 144 39 5424 131 38 29 1808 471 39 180 660 35 1246 65 89 53 22 34 27 110 30 70 114 30 39 146 44 134 23 18 52 27 39 90 36 31 37 28 60 63 31 88 28 91 21 24 314 38 38 25 23 29 59 44 22 22 28 48 166 84
internal_value=0.000206616 -0.000245136 0.00318501 -0.0125195 0.00105514 -0.000858074 -0.00242472 -0.0137383 -0.00153947 0.00219887 -0.00938376 -0.00450191 0.00521691 0.00428993 0.00725808 0.00921112 0.00632568 0.00399547 -0.00280205 0.000213414 0.0206695 0.000596159 0.00277598 -0.000902532 0.00608414 -0.00680605 0.0101207 0.0171332 -0.0198056 -0.0276261 -0.00619056 0.00466938 0.00705939 0.013907 -0.00974092 -0.0174426 -0.0160603 -0.0204637 -0.00279304 -0.0307267 -0.0416476 0.00171916 -0.0221156 -0.00847941 -0.0219869 -0.00386948 -0.0134142 0.00534163 0.0069352 0.00422957 0.0153612 0.00803601 0.0325647 0.0158565 0.0110638 -0.00222197 0.0238341 -0.0353832 -0.00386367 -0.018136 0.00110927 -0.00153925
internal_weight=7066.97 4617.94 632.785 41.594 2449.03 1168.03 883.008 64.0783 818.93 362.052 74.8383 456.878 287.214 591.191 327.792 176.314 317.981 285.02 90.2937 78.9407 13.1189 263.399 217.528 144.938 77.0504 26.1629 72.5905 46.5604 55.0534 34.9678 20.0856 15.1847 21.6118 50.8875 45.8711 30.3654 53.2265 44.5807 16.3792 28.2014 18.8268 21.8845 18.6844 67.8873 21.954 45.9333 25.4934 15.5057 194.726 141.167 53.5598 37.5647 15.9951 46.8139 39.3943 19.3074 20.0868 11.227 65.8218 17.0082 48.8136 94.3527
internal_count=30116 19718 2660 183 10398 4974 3789 286 3503 1515 319 1988 1196 2477 1370 725 1335 1185 378 325 49 1107 910 615 317 113 295 185 248 163 85 62 88 204 197 134 231 195 68 127 88 90 83 298 98 200 112 63 807 590 217 156 61 192 163 82 81 52 276 76 200 398
cat_boundaries=0 1 2 3 4 5 6 7 8 9
cat_threshold=74 4 6 4 33 4 8 1 1
is_linear=0
shrinkage=0.04


Tree=90
num_leaves=63
num_cat=13
split_feature=7 9 4 15 6 14 10 16 12 14 9 5 1 11 9 6 9 9 16 9 1 1 4 9 9 6 1 6 9 15 10 9 4 1 9 14 9 16 10 2 10 1 6 11 16 16 4 1 6 14 14 1 9 9 1 1 9 6 9 1 10 10
split_gain=3.83939 1.64229 2.45565 1.6493 3.20515 2.35691 2.16758 1.90508 1.43383 5.55085 6.59283 4.24122 9.98156 3.59306 3.09244 3.06892 2.6048 4.82186 3.62042 2.27253 7.65663 4.72173 2.21779 2.15623 2.95548 4.15324 2.09093 3.29555 2.06397 2.91202 4.5864 6.68319 5.63429 2.83333 4.50968 5.20926 3.01164 2.59849 2.59241 2.29054 2.13676 2.56707 1.87642 1.80061 2.52704 1.79512 1.74632 2.76808 1.73566 1.71122 1.61807 3.79271 1.54662 1.93314 1.43932 4.41705 1.52359 1.43563 1.56934 1.41447 3.22141 2.04981
threshold=2.5000000000000004 3.7500000000000004 1.0000000180025095e-35 0 1.5000000000000002 1 1.0000000180025095e-35 2 3 4 4.5500000000000007 1.0000000180025095e-35 17.500000000000004 2.5000000000000004 4.9500000000000011 3.5000000000000004 4.6500000000000012 4.5500000000000007 5 4.6500000000000012 19.500000000000004 20.500000000000004 1.0000000180025095e-35 4.2500000000000009 4.1500000000000012 1.5000000000000002 18.500000000000004 1.0000000180025095e-35 4.9500000000000011 6 1.0000000180025095e-35 4.5500000000000007 1.0000000180025095e-35 19.500000000000004 4.4500000000000011 7 4.6500000000000012 8 1.5000000000000002 1.0000000180025095e-35 1.5000000000000002 16.500000000000004 1.5000000000000002 1.0000000180025095e-35 9 10 1.0000000180025095e-35 17.500000000000004 5.5000000000000009 11 12 16.500000000000004 4.8500000000000005 4.7500000000000009 10.500000000000002 9.5000000000000018 4.7500000000000009 3.5000000000000004 4.4500000000000011 17.500000000000004 1.0000000180025095e-35 1.5000000000000002
decision_type=2 10 2 1 2 9 2 9 1 9 8 2 2 8 10 2 10 10 9 10 2 2 2 10 8 2 2 2 10 1 2 10 2 2 10 9 10 9 2 2 2 2 2 10 9 9 2 2 2 9 9 2 10 10 2 2 10 2 10 2 2 2
left_child=1 2 -1 6 -5 -6 -4 -8 9 10 -3 13 54 14 16 -16 17 23 -19 20 -14 -21 -12 24 25 -11 27 -18 29 30 31 -10 42 36 -35 38 -32 49 -36 40 41 -38 -33 44 -28 -42 47 -25 59 -30 51 -29 53 -52 55 -13 -56 58 -49 61 -61 -39
right_child=-2 8 3 4 5 -7 7 -9 28 11 22 12 19 -15 15 -17 26 18 -20 21 -22 -23 -24 46 -26 -27 43 50 37 -31 33 32 -34 34 35 -37 39 48 -40 -41 45 -43 -44 -45 -46 -47 -48 57 -50 -51 52 -53 -54 -55 56 -57 -58 -59 -60 60 -62 -63
leaf_value=-0.036713161238351014 0.00059160009779588593 0.066431072225152626 0.0064891858181822405 0.041637489811175481 0.015376546879028508 -0.024469958307521824 -0.0028953496114330337 -0.045702860332155933 -0.030589911814625313 0.020496540351197155 -0.010661428253023139 -0.030040070387869468 0.049832080262506302 0.021012596297910871 -0.0090714135611289215 0.035840683516474757 0.028640821097372572 0.043022815542872045 -0.001066164803341354 0.0058701692943876928 -0.017559592781978252 0.051187126375601917 0.030188976945837061 -0.03982391439993143 0.021680027812429552 -0.03808608578472969 0.012934261090288626 -0.042655585317592622 -0.051139008068365598 0.0024242783053554191 -0.038640399231667504 0.056970231040195378 -0.018397903143694074 0.045634311923378475 -0.012070638458373003 -0.031431463230043373 0.019921753783254205 0.020742594763188033 0.031660435803169212 0.014752673426623827 -0.047765902386666469 -0.025389093073354282 0.022891978652375151 -0.038029975700713751 -0.0309379068993734 -0.0059229740440348635 -0.047847185455409336 -0.012695991649593548 -0.033276329956290748 -0.012738561748767169 -0.019203200577410224 -0.0032383657064459161 -0.03087342907480559 0.020553585278020644 -0.048119239568411402 0.034649346576454382 -0.010106774242664108 -0.028630025894999404 0.030513602712590564 -0.03823026844700643 0.0029429308910360443 -0.017180123711175083
leaf_weight=5.3063306435942676 6517.8461504727602 3.5044390186667433 2.8728763535618755 3.3447204381227538 4.9130120351910591 4.5978456251323205 2.3022046238183975 5.9946274794638139 5.841844595968726 2.8975406587123871 6.6181608587503433 5.587568983435629 4.0764323472976702 5.2270022556185713 6.4230281561613065 3.9200092554092407 2.656270511448386 3.8020807430148125 13.782779082655908 7.3131866455078107 7.9735175520181656 7.4023257717490196 3.1330714225769043 6.0325408801436442 4.3574454262852678 5.8366235345602036 3.2170719355344772 9.3197424113750476 3.5229279175400734 238.68590040504932 10.734309315681459 3.3621009960770634 5.0150441452860823 2.7193517759442356 3.923333965241909 8.8158521428704262 3.6546383947134036 7.8664188012480789 4.8502636328339577 3.9922851845622054 5.1612401977181417 4.4202316552400589 11.187773160636423 15.383800528943539 6.0532570108771324 2.4048434570431718 4.5851482078433028 2.8341735452413559 2.9809087440371504 3.9258657321333885 3.4987946227192896 6.7232577577233306 2.9532524645328522 4.4403133913874626 4.8589343428611746 2.42038793861866 2.5844323262572289 2.5470829606056213 2.5592819526791573 4.3123464435338965 10.308509841561316 3.2115750536322594
leaf_count=59 25823 23 27 24 45 46 21 68 53 21 52 48 28 29 53 21 21 25 107 53 63 44 21 52 35 59 22 82 28 1763 96 24 41 22 29 74 27 55 31 30 47 37 79 137 54 20 42 23 23 28 29 53 26 35 43 17 20 21 19 35 73 26
internal_value=0.000319706 -0.0028748 -0.0120861 -0.00664687 0.00447601 -0.0038865 -0.0123759 -0.0338246 -0.00236058 -0.00520857 0.019375 -0.00755224 0.00334095 -0.0114151 -0.0129043 0.00795026 -0.0149887 -0.0083273 0.00846646 0.0181188 0.00523864 0.0286659 0.00246381 -0.017658 -0.0052274 -0.0186514 -0.0210347 -0.0138666 -0.000773619 0.000243657 -0.00611256 0.00695414 0.0181643 -0.0138698 -0.00230418 -0.00971553 -0.0216045 -0.00985074 0.012105 -0.0122902 -0.0191928 -0.00488167 0.0307666 -0.0296385 -0.015713 -0.0344663 -0.026427 -0.0193982 -0.00438372 -0.0309002 -0.0180585 -0.0261367 -0.00616035 0.00303262 -0.0222579 -0.0104878 -0.0349208 -0.00388044 0.00780766 -0.00103235 -0.00920089 0.00974858
internal_weight=7072.6 554.752 29.3316 24.0253 12.8556 9.51086 11.1697 8.29683 525.421 174.523 13.2557 161.267 42.2168 119.05 113.823 10.343 103.48 49.2347 17.5849 26.7655 12.0499 14.7155 9.75123 31.6498 13.0916 8.73416 54.2458 29.5916 350.898 314.769 76.0831 25.4068 19.5649 50.6763 20.3088 17.5894 30.3675 36.1286 8.7736 19.6332 15.641 8.07487 14.5499 24.6541 9.27033 7.56608 18.5582 13.9731 28.6798 7.44879 26.9354 16.043 10.8924 7.93911 15.4513 8.00796 7.44337 7.94054 5.39346 25.6989 14.6209 11.078
internal_count=30132 4309 290 231 115 91 116 89 4019 1378 96 1282 316 966 937 74 863 404 132 188 91 97 73 272 115 80 459 246 2641 2373 610 197 144 413 156 134 257 268 60 161 131 64 103 213 76 67 157 115 212 56 225 135 90 64 128 65 63 63 42 189 108 81
cat_boundaries=0 1 2 3 4 5 6 7 8 9 10 11 12 13
cat_threshold=9 4 4 36 2 4 8 8 4 4 1 4 4
is_linear=0
shrinkage=0.04


Tree=91
num_leaves=63
num_cat=10
split_feature=7 9 0 1 16 10 14 12 14 9 5 1 0 9 9 9 9 0 2 1 6 11 10 0 6 4 1 6 11 16 9 16 0 6 11 14 6 0 14 1 6 1 3 0 10 10 1 6 9 1 0 0 11 11 12 14 9 1 9 0 9 9
split_gain=3.55603 1.53736 2.64745 2.35786 2.1418 3.57127 1.65324 1.33775 5.09968 5.75951 3.95009 9.21846 3.49197 7.11758 3.36503 3.16658 3.89472 3.79464 3.48354 2.54729 2.37405 2.31636 2.14401 2.22729 2.6155 2.01838 1.92163 2.27699 2.11715 3.32956 1.91709 2.45933 1.91608 1.8686 1.74589 1.66984 1.63783 1.92944 1.84808 2.3571 2.05857 1.63339 1.58975 1.56023 2.75455 1.5221 1.31338 1.30422 1.24395 3.86988 1.21065 1.20559 3.14645 2.31034 2.93939 5.07532 4.24104 4.97367 4.12199 2.60878 6.22967 4.00935
threshold=2.5000000000000004 3.7500000000000004 12.500000000000002 20.500000000000004 0 1.0000000180025095e-35 1 2 3 4.5500000000000007 1.0000000180025095e-35 17.500000000000004 12.500000000000002 4.6500000000000012 4.9500000000000011 4.6500000000000012 4.5500000000000007 inf 1.0000000180025095e-35 16.500000000000004 3.5000000000000004 1.0000000180025095e-35 1.5000000000000002 inf 2.5000000000000004 1.0000000180025095e-35 18.500000000000004 1.0000000180025095e-35 1.0000000180025095e-35 4 4.9500000000000011 5 12.500000000000002 3.5000000000000004 1.0000000180025095e-35 6 5.5000000000000009 12.500000000000002 7 17.500000000000004 3.5000000000000004 19.500000000000004 1.0000000180025095e-35 7.5000000000000009 1.0000000180025095e-35 1.0000000180025095e-35 20.500000000000004 1.5000000000000002 4.5500000000000007 20.500000000000004 12.500000000000002 7.5000000000000009 inf inf 8 9 4.6500000000000012 8.5000000000000018 4.4500000000000011 1.0000000180025095e-35 4.5500000000000007 4.4500000000000011
decision_type=2 10 8 2 9 2 9 1 9 8 2 2 10 10 10 10 10 8 2 2 2 8 2 8 2 2 2 2 10 9 10 9 10 2 10 9 2 10 9 2 2 2 2 10 2 2 2 2 8 2 8 10 8 8 1 9 10 2 8 10 10 10
left_child=1 2 -1 4 -4 -6 -7 8 9 -3 14 32 21 -14 15 16 18 19 20 -18 22 -13 23 24 43 -11 27 -17 29 50 51 35 45 34 -16 -32 37 38 39 -33 -40 -39 -21 -10 -45 -12 47 -30 -23 -50 -28 53 -53 54 56 59 57 58 -9 61 -61 -56
right_child=-2 7 3 -5 5 6 -8 30 10 25 11 12 13 -15 33 26 17 -19 -20 42 -22 48 -24 -25 -26 -27 28 -29 46 -31 31 36 -34 -35 -36 -37 -38 41 40 -41 -42 -43 -44 44 -46 -47 -48 -49 49 -51 -52 52 -54 -55 55 -57 -58 -59 -60 60 -62 -63
leaf_value=-0.036532494854713875 0.00056796717145674719 0.061296429191886326 0.012327927426894652 0.030501521761978984 0.0086139132618254059 -0.0012967983606400337 -0.039795841599536898 -0.012367142303566923 0.012147863958856576 -0.010305130742366003 -0.01021049632771864 0.0048983557435186764 -0.049316381827610827 0.027779417629345656 0.020327045118241457 0.020250979171150322 -0.032402579305104082 0.044806412901095688 0.031141700894685109 0.023756554031681011 -0.03332082435937412 0.054409959649064296 -0.035593970533281789 -0.033142699872096323 0.028154390279607786 0.028485435238274112 -0.012474291510710648 -0.016668180591831529 -0.047267939579958444 0.015732280923243133 -0.050617900344634967 -0.00037497173520542571 0.0019805290286964072 0.031521771032969818 -0.020996962887947414 -0.012318222449589718 -0.032601703543802305 0.036343441033497244 0.019739044852560408 -0.039237539888408939 -0.020266562938503884 -0.0033129247642620496 -0.0062536810445680494 -0.050542836420826645 0.0067816917733249174 -0.041080648396463443 -0.047389916000119943 -0.0093071496819307816 0.0021903987481884496 0.05288028816326662 -0.047603712834251008 0.0034314871602127749 -0.030698698214253348 0.029544002208470227 0.025738400770612211 -0.023326720371491461 0.011138776105338874 -0.016467168346490119 0.053110020701877446 -0.035925993101312004 0.015951531471805436 -0.023011702298798852
leaf_weight=5.5659421421587494 6517.4967398792505 3.6430733725428572 5.0824185013771057 2.5454517900943747 5.47950197011233 2.2898283004760742 8.0895830839872342 2.8014724850654629 3.3873289264738613 6.574016846716404 3.9448603019118291 5.6601220294833245 3.3573620915412894 4.4628322497010231 2.9198665469884855 2.9638007581234005 3.1282925084233311 3.7288973182439795 2.5162221118807784 5.5128758028149587 10.463264010846617 3.906159266829488 4.1724059954285613 3.2637322619557372 4.5961016267538062 3.1864915266633034 2.8782340809702873 27.228854574263096 2.3027432709932336 3.8002222031354904 3.4189311042428017 5.11827502399683 4.0208743140101424 4.0992706567049026 3.7197141572833061 3.8980124294757843 2.9220902472734442 3.5015858411788932 5.8395873531699252 4.8759681731462479 3.1779746785759926 3.1629086434841156 5.7911421060562134 2.7438707649707794 2.6235726773738861 7.2563590407371521 8.8654753640294057 3.9018316194415092 4.7975439727306366 4.8417303562164307 3.4523185268044472 164.44174413383007 4.4384415298700324 3.5282592996954909 3.3710663616657284 26.701081681996584 42.125247061252594 24.594743318855762 3.4117685258388519 4.4841045513749149 21.278400018811226 13.544399015605448
leaf_count=65 25823 23 43 20 50 24 88 23 29 52 32 44 28 28 22 23 26 24 18 39 94 27 39 28 36 21 25 228 22 25 28 38 32 22 32 28 23 23 43 40 22 23 45 22 19 64 84 32 33 28 32 1234 31 18 25 213 307 200 22 43 148 109
internal_value=0.00030658 -0.00277183 -0.0117284 -0.00585033 -0.010269 -0.0175107 -0.0313025 -0.00227557 -0.00503425 0.0183779 -0.00730581 0.00319047 0.0172133 -0.00531931 -0.0110619 -0.0131981 -0.00610162 0.00883558 -0.0141356 -0.000458261 -0.0177812 0.0263882 -0.00995924 -0.00352162 0.00371949 0.00235874 -0.0198506 -0.0130441 -0.0280053 -0.0138648 -0.000744071 -0.00952068 -0.021706 0.0102866 -0.00282404 -0.0302142 -0.00422621 -0.000996941 -0.00748898 -0.0193352 0.00564024 0.0175229 0.00838206 -0.0091084 -0.022523 -0.0302088 -0.0375112 -0.0233958 0.035368 0.0276515 -0.0316319 0.000233857 0.00253449 -0.00243023 -0.00322294 -0.0084334 0.00254145 -0.00838915 0.0235872 -0.00109159 0.00692197 -0.0132963
internal_weight=7070.9 553.4 29.0527 23.4868 20.9413 15.8589 10.3794 524.348 173.711 13.4036 160.308 42.2478 27.0257 7.82019 118.06 107.321 51.9277 18.1612 33.7665 14.4323 31.2503 19.2056 20.787 16.6146 13.3509 9.76051 55.3935 30.1927 25.2008 10.1308 350.636 35.9153 15.2221 10.7389 6.63958 7.31694 28.5984 25.6763 19.0118 9.99424 9.01756 6.66449 11.304 8.75477 5.36744 11.2012 15.0701 6.20457 13.5454 9.63927 6.33055 314.721 168.88 145.841 142.312 69.3791 72.9332 30.808 6.21324 42.678 25.7625 16.9155
internal_count=30132 4309 290 225 205 162 112 4019 1378 96 1282 316 188 56 966 890 419 134 285 110 267 132 173 134 106 73 471 251 220 82 2641 268 128 76 54 56 212 189 143 78 65 46 84 70 41 96 138 54 88 61 57 2373 1265 1108 1090 538 552 245 45 325 191 134
cat_boundaries=0 1 2 3 4 5 6 7 8 9 10
cat_threshold=4 2 36 2 1 4 4 4 10 4
is_linear=0
shrinkage=0.04


Tree=92
num_leaves=63
num_cat=8
split_feature=7 8 1 10 5 6 11 6 0 8 8 12 11 0 0 6 1 1 10 1 14 14 1 15 6 8 3 1 8 1 0 8 11 2 14 0 16 11 6 11 16 6 1 1 1 10 1 8 6 0 11 13 10 4 10 1 1 8 5 10 6 6
split_gain=3.29581 1.37156 3.14155 2.31459 2.36496 1.29142 1.2911 1.71017 1.4841 1.19232 1.14301 3.13133 4.36987 7.36303 7.20173 9.9885 6.35578 4.16809 5.5675 4.4874 4.10808 3.8912 5.21258 3.9734 3.66181 4.50046 3.68136 3.56907 4.36051 4.31896 4.71478 4.60183 3.5468 3.51088 3.45889 5.17279 5.34485 7.36871 3.38679 3.35269 3.34321 3.3388 8.07848 3.33759 5.02797 3.33597 5.78597 4.33291 5.33443 7.54524 3.30916 3.29856 3.1589 4.76412 3.14065 3.07044 3.91341 3.06784 3.04356 3.74621 2.96132 2.80482
threshold=2.5000000000000004 20.500000000000004 20.500000000000004 1.5000000000000002 1.0000000180025095e-35 3.5000000000000004 1.0000000180025095e-35 2.5000000000000004 12.500000000000002 44.500000000000007 22.500000000000004 0 1.0000000180025095e-35 12.500000000000002 1.0000000180025095e-35 3.5000000000000004 21.500000000000004 20.500000000000004 1.5000000000000002 21.500000000000004 1 2 20.500000000000004 3 3.5000000000000004 20.500000000000004 1.0000000180025095e-35 17.500000000000004 20.500000000000004 20.500000000000004 12.500000000000002 21.500000000000004 1.0000000180025095e-35 1.0000000180025095e-35 4 7.5000000000000009 5 1.0000000180025095e-35 2.5000000000000004 1.0000000180025095e-35 6 2.5000000000000004 8.5000000000000018 1.0000000180025095e-35 9.5000000000000018 1.0000000180025095e-35 17.500000000000004 21.500000000000004 3.5000000000000004 7.5000000000000009 1.0000000180025095e-35 7 1.5000000000000002 1.0000000180025095e-35 1.5000000000000002 11.500000000000002 19.500000000000004 20.500000000000004 1.0000000180025095e-35 1.5000000000000002 2.5000000000000004 1.5000000000000002
decision_type=2 8 2 2 2 2 10 2 10 10 8 1 10 8 10 2 2 2 2 2 9 9 2 1 2 10 2 2 10 2 10 10 10 2 9 8 9 10 2 8 9 2 2 2 2 2 2 10 2 8 8 9 2 2 2 2 2 10 2 2 2 2
left_child=1 2 3 4 6 -5 7 -1 -8 10 11 21 13 -13 15 41 51 58 20 -20 -19 24 32 40 27 55 39 38 -29 30 -30 -31 33 -23 35 50 37 -37 57 -27 -24 42 -14 -34 -45 46 61 48 49 -47 -25 52 53 -15 -17 -26 -57 -2 -16 -60 -42 -46
right_child=9 -3 -4 5 -6 -7 8 -9 -10 -11 -12 12 14 16 17 54 -18 18 19 -21 -22 22 23 34 25 26 -28 28 29 31 -32 -33 43 -35 -36 36 -38 -39 -40 -41 60 -43 -44 44 45 47 -48 -49 -50 -51 -52 -53 -54 -55 -56 56 -58 -59 59 -61 -62 -63
leaf_value=0.03411271349169976 -0.042815241414931066 -0.0022442541085527564 -0.039431087091053488 -0.0068805334363152698 0.035637174123186191 -0.048332617513076256 -0.034358546157690517 -0.011970420015164771 0.004609091173771198 0.016946008475961255 0.00031034660230204171 -0.007561969465357977 0.017774324507818424 -0.0045174793813398941 0.0039007130379539808 -0.013708539258734562 0.029514413188161854 0.019623364868559489 0.028536376437158856 -0.012978436658007624 0.047003047833492781 0.016449749095377227 -0.014786500129815913 -0.016543372054564413 -0.0031693039648867439 -0.014605648530812164 -0.020028450340436304 0.021775347171795061 -0.0037411317572665255 -0.039721822818338012 0.037566288440488441 0.0028017596764801397 0.016159469268347545 -0.010221504695136831 0.013296087018678591 -0.045458564514135685 0.016082802870418227 -0.004557017561387309 0.0078101636847948087 0.0163234853549101 0.0011005039547698323 0.029554445388105612 -0.028481038395863349 -0.024915074519525446 0.016223312289620678 0.0041147140278304743 0.020135353823184269 0.012162099165794468 0.0042320791261733805 -0.046627529534484319 -0.055892726120934981 0.010387772936847018 0.0069966987668623063 -0.045955210098179551 -0.044936623078004605 -0.05694759054796391 -0.017652428462411395 -0.010488485128902913 0.0079504650205251114 0.033704350983220922 0.030718833808901901 -0.013137086468408594
leaf_weight=2.4849446266889625 5.8676162064075497 527.68370182067156 5.227142207324504 2.3101719394326201 2.9308606162667266 2.5080552250146866 3.4612495973706245 2.6760091260075569 2.8525537177920341 7.0845887064933768 5574.8817923516035 105.22520631551743 16.32299700379372 15.198793575167658 116.61374926567078 11.905812233686447 17.773522660136223 31.970623552799225 6.2909788936376598 12.332481682300566 12.081375539302824 60.551080256700516 7.4990830272436142 6.7213478535413715 6.0029435902833965 8.9566340595483798 15.984203159809111 18.534951537847519 12.751601532101633 7.7206217050552377 6.7673195898532859 8.6157858520746231 22.419340267777443 9.0810790210962278 7.8273416310548773 9.8375731855630857 10.785587593913077 24.848279118537903 12.654802769422529 14.997027724981306 10.587382540106779 8.492535859346388 9.5908663868904096 12.270871445536612 7.1342561095953014 7.6604685187339809 31.788698807358742 15.679661631584166 15.815809175372122 12.086389750242232 6.9608217775821695 31.451362520456314 15.678742229938505 6.2708448916673651 9.08478082716465 7.8502258956432369 8.387817054986952 23.545383915305138 26.793910726904869 13.63630999624729 11.026021420955656 19.260950073599815
leaf_count=20 26 4114 44 18 19 22 29 21 22 29 22101 426 62 61 457 49 65 120 23 51 42 229 31 28 24 37 67 69 51 34 24 34 85 37 30 44 41 100 49 57 42 31 41 52 27 30 119 60 62 54 32 121 61 28 41 36 35 96 104 49 40 79
internal_value=0.000293888 -0.0026734 -0.0119349 -0.00445848 0.00356854 -0.0284578 -0.00462237 0.0102181 -0.0167531 0.000545277 0.000527429 0.0018215 0.00409266 -0.000457656 0.00741037 -0.00547839 0.00819725 0.01066 0.0193808 0.00104521 0.0271323 -0.000517414 0.00208003 -0.00565783 -0.00562323 -0.0131925 -0.00516183 -0.000743928 0.00602286 -0.00212019 0.0105804 -0.017295 0.00555869 0.0129714 -0.0101733 -0.0149987 -0.00851025 -0.0161575 -0.00949284 0.00475862 0.00612267 0.00778822 0.000654955 0.00197711 -0.000635602 0.00208706 0.00864131 -0.00535507 -0.0130784 -0.0269429 -0.0365624 0.00267419 -0.00524172 -0.0166206 -0.0272241 -0.0276131 -0.0366495 -0.0169374 0.00717954 0.0166367 0.0162102 -0.00520138
internal_weight=7069.29 552.135 24.451 19.2238 14.4056 4.81823 11.4748 5.16095 6.3138 6517.16 6510.08 935.194 466.715 191.598 275.116 55.397 86.3733 219.719 62.6755 18.6235 44.052 468.479 309.842 96.0934 158.637 62.1789 39.9379 96.4581 54.3903 35.8553 19.5189 16.3364 213.749 69.6322 66.981 59.1536 45.4714 34.6859 42.0678 23.9537 29.1125 34.4064 25.9139 144.116 121.697 109.426 58.1839 51.2423 35.5627 19.7469 13.6822 68.5997 37.1484 21.4696 20.9906 22.241 16.238 29.413 157.044 40.4302 21.6134 26.3952
internal_count=30132 4309 195 151 111 40 92 41 51 25823 25794 3693 1832 762 1070 224 336 846 236 74 162 1861 1222 388 639 256 161 383 212 143 75 68 834 266 275 245 185 144 171 94 113 134 103 568 483 431 225 206 146 84 60 271 150 89 90 95 71 122 610 153 82 106
cat_boundaries=0 1 2 3 4 5 6 7 8
cat_threshold=35 4 8 1 4 1 4 12
is_linear=0
shrinkage=0.04


Tree=93
num_leaves=63
num_cat=8
split_feature=7 9 0 1 8 16 10 14 12 14 9 6 1 8 1 9 8 8 0 0 9 8 0 16 4 8 6 0 1 1 8 0 16 10 4 0 0 8 6 9 8 8 6 15 10 9 0 8 9 9 1 9 14 9 10 8 6 0 0 10 1 0
split_gain=3.04394 1.43689 2.53595 2.15779 3.37424 2.07935 3.15569 1.98614 1.2566 4.70971 5.0518 3.65703 8.51675 3.95688 6.48877 4.19578 5.91329 4.2862 8.91362 3.15897 6.70486 3.37326 2.70614 3.81364 3.57569 2.91891 2.75109 3.31105 3.07289 2.59334 4.3335 3.33554 1.89596 2.24493 1.83241 1.82096 1.80591 4.56254 1.80251 1.78874 3.26138 3.49967 3.39552 2.70362 4.22623 6.09951 7.28173 5.66827 7.16548 3.36129 2.69198 4.09126 4.9042 2.88712 2.34227 2.27142 4.54148 2.49422 1.78743 1.48601 1.48402 1.46641
threshold=2.5000000000000004 3.7500000000000004 12.500000000000002 20.500000000000004 17.500000000000004 0 1.0000000180025095e-35 1 2 3 4.5500000000000007 4.5000000000000009 17.500000000000004 38.500000000000007 14.500000000000002 4.9500000000000011 35.500000000000007 34.500000000000007 7.5000000000000009 12.500000000000002 4.6500000000000012 27.500000000000004 7.5000000000000009 4 1.0000000180025095e-35 21.500000000000004 3.5000000000000004 inf 17.500000000000004 19.500000000000004 25.500000000000004 12.500000000000002 5 1.5000000000000002 1.0000000180025095e-35 12.500000000000002 7.5000000000000009 34.500000000000007 3.5000000000000004 4.9500000000000011 27.500000000000004 25.500000000000004 2.5000000000000004 6 1.0000000180025095e-35 4.5500000000000007 inf 29.500000000000004 4.7500000000000009 4.7500000000000009 19.500000000000004 4.4500000000000011 7 4.6500000000000012 1.5000000000000002 32.500000000000007 3.5000000000000004 7.5000000000000009 12.500000000000002 1.0000000180025095e-35 11.500000000000002 7.5000000000000009
decision_type=2 10 8 2 10 9 2 9 1 9 8 2 2 8 2 10 10 10 10 10 8 10 8 9 2 10 2 8 2 2 10 8 9 2 2 10 8 10 2 10 10 10 2 1 2 10 8 8 10 10 2 10 9 10 2 8 2 10 8 2 2 10
left_child=1 2 -1 4 5 -4 -7 -8 9 10 -3 13 35 15 -15 16 17 22 -19 21 -21 -14 32 24 25 -24 27 28 -25 30 31 -27 33 -11 -12 59 -23 -38 61 43 41 42 -41 44 45 58 47 49 -49 -47 53 -52 54 -46 -53 56 -55 -58 -10 -13 -57 -17
right_child=-2 8 3 -5 -6 6 7 -9 39 11 34 12 19 14 -16 38 -18 18 -20 20 -22 36 23 26 -26 29 -28 -29 -30 -31 -32 -33 -34 -35 -36 -37 37 -39 -40 40 -42 -43 -44 -45 50 46 -48 48 -50 -51 51 52 -54 55 -56 60 57 -59 -60 -61 -62 -63
leaf_value=-0.036003369874009337 0.0005242701043500597 0.056965543172702013 0.020997450498440068 0.028857001192611975 -0.045929578577644875 0.014244652332475119 0.010128670368540068 -0.03745689017579025 -0.047252835579087195 -0.011716381468806247 -0.0098048853801278608 -0.0097915287292885313 0.04505552578530371 0.070025548245102445 -0.011116210330157012 0.019047505850532723 -0.040125466006811994 0.060852493310232063 -0.031582403687149888 -0.04888667407005326 0.026391796001109035 -0.010781106153590583 -0.037923982695914613 -0.029389464554951519 -0.0347860519919675 0.042204174007134311 -0.015259034474761696 0.054842833573411708 0.022336210087856936 0.016206708887330428 -0.026291343988405554 -0.015288465079628817 -0.048886274504515582 -0.047469793321254609 0.027034470113424493 0.0019038330837002437 -0.0088261371573162706 0.053295750242717384 0.032695154056918176 -0.047067760981789442 -0.019576204942614573 0.030127019031741288 0.0053451100623430545 0.0024219656924267859 -0.037980335192302137 0.027849895843928447 -0.035054613995211481 0.011381288093272159 0.090446119574542169 -0.021994357130096891 0.042906323684135987 -0.011499801875913592 -0.030722815935406156 -0.029806847974129382 0.030050732426156739 -0.008098374610330198 -0.0023842366960913769 0.043855211211132596 -0.00099014952142824765 -0.040529795125589685 -0.047803017281783787 -0.019227872047241888
leaf_weight=5.3925338871777084 6516.5237669795752 3.7664247825741759 4.4262733981013298 2.5899410024285308 3.4588673636317244 4.9532604068517774 1.8244698122143745 6.0807778686285019 3.5475296229124096 12.486029341816904 6.5115719214081764 3.9137357175350171 7.96416754275561 2.5134882181882849 4.2315989546477795 2.9904639646410924 13.000109806656836 3.7234593629837027 3.0254391580820084 3.2554542645812026 4.5235826596617699 3.9370079115033123 4.6341332122683552 2.7433351278305054 11.647592559456823 3.3589548245072427 6.100002907216548 2.9091997817158708 5.5659463927149773 7.5809012800455085 11.603469789028166 3.1090498566627502 4.5968193709850338 3.6258484274148932 3.2328929007053375 4.0248296558856955 3.7367561310529718 3.8309646025300026 4.0165572389960289 2.7715213969349843 20.415168583393097 5.5720185935497275 6.9043407812714577 238.62693731486797 10.406552925705912 5.1519424691796356 3.5143424794077864 3.3771809041500083 4.0136123225092888 3.7333088666200638 2.7892733514308956 3.8838528022170067 8.6179633736610413 5.5983465015888232 4.9212557151913643 2.5298516899347296 4.3035364896059036 3.2960617169737816 2.1437236368656158 7.0481695234775543 3.7223328351974487 3.4482404738664627
leaf_count=65 25823 23 36 20 39 43 19 68 35 106 52 32 51 15 41 23 123 27 26 28 28 31 39 24 104 25 50 19 39 55 99 27 40 34 21 32 28 22 21 27 164 35 42 1763 96 34 28 26 26 30 22 29 74 49 31 21 33 24 18 64 34 29
internal_value=0.000282839 -0.00257134 -0.0112812 -0.00556777 -0.00986586 -0.00264913 -0.010789 -0.0264745 -0.00209249 -0.00477352 0.0176236 -0.00697491 0.00311343 -0.0106194 0.0191204 -0.0124403 -0.014968 -0.0111963 0.0194152 0.0164348 -0.00511154 0.0250439 -0.01378 -0.00942968 -0.0159512 -0.00870767 0.00636116 0.018117 0.00525882 -0.0034297 -0.0116671 0.0145685 -0.0262272 -0.0197624 0.0024172 -0.0211066 0.0111909 0.0226215 0.0116669 -0.000615288 -0.00912227 0.00487435 -0.00966786 0.000330776 -0.00582396 0.00666654 0.0171612 0.0284358 0.0543179 0.00690688 -0.0133439 -0.00207135 -0.00927186 -0.0209752 0.0117232 -0.0118769 -0.00246858 0.0176705 -0.0298271 -0.0295553 -0.0317371 -0.00145083
internal_weight=7067.75 551.223 28.7261 23.3336 20.7436 17.2848 12.8585 7.90525 522.497 172.656 13.5109 159.145 42.2347 116.911 6.74509 110.166 99.7103 86.7102 6.7489 27.2479 7.77904 19.4689 79.9613 59.2526 41.9341 30.2865 17.3185 11.2185 8.30928 25.6524 18.0715 6.468 20.7087 16.1119 9.74446 14.9867 11.5047 7.56772 10.4553 349.841 35.663 15.2479 9.67586 314.178 75.5507 25.4816 19.7904 16.276 7.39079 8.88525 50.069 20.2123 17.4231 29.8567 8.80511 19.4501 13.1979 7.5996 5.69125 10.9619 6.25218 6.4387
internal_count=30132 4309 290 225 205 166 130 87 4019 1378 96 1282 316 966 56 910 837 714 53 188 56 132 661 481 349 245 132 82 63 206 151 52 180 140 73 128 81 50 73 2641 268 104 69 2373 610 197 144 116 52 64 413 156 134 257 60 161 106 57 53 96 55 52
cat_boundaries=0 1 2 3 4 5 6 7 8
cat_threshold=4 2 36 2 1 1 8 8
is_linear=0
shrinkage=0.04


Tree=94
num_leaves=63
num_cat=7
split_feature=7 9 0 14 16 9 10 12 14 9 5 8 9 9 8 8 0 9 11 10 4 0 16 11 0 4 8 8 6 6 16 10 3 0 9 4 9 9 8 8 6 15 10 9 0 8 9 9 8 8 6 9 8 6 9 0 0 4 0 9 9 3
split_gain=2.8221 1.3439 2.4333 1.54682 3.40911 2.59001 1.92991 1.17247 4.33279 4.45745 3.40466 3.6599 4.02818 3.91141 5.70265 3.96215 12.8703 2.92766 2.66254 3.29494 3.01529 2.57533 3.56016 3.93098 4.05555 3.43091 2.7791 2.3207 2.16985 2.01369 1.85911 2.18901 1.81241 5.79189 1.71626 1.67059 1.66223 1.66156 3.04841 3.18347 3.24865 2.51032 3.92705 5.6494 6.67003 4.93298 5.99806 3.07749 1.96097 9.507 3.46221 2.50111 2.35974 2.18416 2.92848 2.07024 1.74227 1.6986 1.89062 1.6382 3.07169 2.20538
threshold=2.5000000000000004 3.7500000000000004 12.500000000000002 0 1 3.7500000000000004 2.5000000000000004 2 3 4.5500000000000007 1.0000000180025095e-35 38.500000000000007 4.2500000000000009 4.9500000000000011 35.500000000000007 34.500000000000007 7.5000000000000009 4.2500000000000009 1.0000000180025095e-35 1.0000000180025095e-35 1.0000000180025095e-35 7.5000000000000009 4 1.0000000180025095e-35 12.500000000000002 1.0000000180025095e-35 21.500000000000004 24.500000000000004 2.5000000000000004 2.5000000000000004 5 1.5000000000000002 1.0000000180025095e-35 12.500000000000002 4.6500000000000012 1.0000000180025095e-35 4.8500000000000005 4.9500000000000011 27.500000000000004 25.500000000000004 2.5000000000000004 6 1.0000000180025095e-35 4.5500000000000007 1.0000000180025095e-35 29.500000000000004 4.7500000000000009 4.7500000000000009 31.500000000000004 29.500000000000004 3.5000000000000004 4.7500000000000009 36.500000000000007 1.5000000000000002 4.6500000000000012 7.5000000000000009 12.500000000000002 1.0000000180025095e-35 7.5000000000000009 4.6500000000000012 4.2500000000000009 1.0000000180025095e-35
decision_type=2 10 8 9 9 8 2 1 9 8 2 10 10 10 10 8 8 10 8 2 2 8 9 10 8 2 10 10 2 2 9 2 2 10 10 2 10 10 10 10 2 1 2 10 10 8 10 8 10 10 2 8 10 2 10 10 8 2 10 10 8 2
left_child=1 2 -1 5 -5 -4 -6 8 9 -3 11 13 -13 14 15 21 -17 -12 19 -19 -21 30 25 28 -25 26 -23 29 -24 -28 31 -10 36 -34 -26 -11 -20 41 39 40 -39 42 43 56 -45 47 -47 -46 49 53 -51 52 55 -44 -55 -50 -9 58 -56 60 -29 -62
right_child=-2 7 3 4 6 -7 -8 37 10 35 17 12 -14 -15 -16 16 -18 18 32 20 -22 22 23 24 34 -27 27 59 -30 -31 -32 -33 33 -35 -36 -37 -38 38 -40 -41 -42 -43 48 44 45 46 -48 -49 51 50 -52 -53 -54 54 57 -57 -58 -59 -60 -61 61 -63
leaf_value=-0.035548077508223981 0.00050332392942522165 0.052981363438558353 0.043682268183698289 0.018522434947560406 -0.045735419719105969 -0.0042154126613434409 -0.0015090531576051451 -0.04692393237881988 -0.01133613923083562 -0.0094726931673801435 -0.032258609779400656 0.061504539881304783 -0.0036788502760273464 0.011141670937092143 -0.039610035389877132 0.08866704783253479 -0.024507832833703152 0.02431165935412103 0.011453195852587616 -0.039041108595408595 0.0084907636650347097 -0.037325216919494419 0.051623012003515871 -0.047610965860998111 0.028843896295502849 -0.034204170607246918 0.037408925223699478 -0.033212867300414187 0.007252935351604272 -0.0052515974563566463 -0.0484752778101422 -0.047125931837206703 0.040308028722840686 -0.021189845074776576 -0.010528799129389723 0.025567563797572423 -0.020707101052108788 -0.046745061717230335 -0.019028200846349902 0.028456497492245478 0.0051175555782048496 0.0023257499696875158 -0.039044299902388176 -0.034409139455463117 0.026318252748615045 0.010846610362059361 0.082168673716443652 -0.021414325662353188 -0.02133141858454804 0.0076480494009299191 0.070547456426795205 -0.04094458451306305 -0.03559649572501724 -0.032624241558003912 -0.0097858905013951374 0.01937192377289864 -0.00095116734540322192 -0.022368333501418071 0.02797469748034382 -0.023871498657609957 -0.012361759321301525 0.033169194904071338
leaf_weight=5.246111202985051 6516.2114589959383 3.8851180598139754 2.1740812472999087 3.0648425966501236 4.9909229092299938 10.678141735494137 2.3090669810771942 3.4318359754979637 12.390621215105055 6.4711622223258018 3.4640835784375659 2.2814754284918299 4.5263353288173676 10.504242882132528 12.64962028712034 2.5888199284672728 4.2422250360250473 3.4583927392959586 9.9891526028513891 5.7880554273724538 3.3837884441018105 4.5224076882004764 3.4717251285910615 3.13569601625204 3.1807521581649789 11.377415895462034 3.5547639727592495 3.0894904136657724 3.5839751660823822 3.5267534703016281 4.4532623887062082 3.5085812211036691 9.3808691725134832 3.3166123330593118 3.997797779738903 3.2806312292814255 3.4627992212772378 2.6808589994907361 20.168079130351543 5.6612649187445632 6.9225120395421982 238.96556458994746 5.6785885617137017 3.4386011809110668 5.2320044115185746 3.4014026597142211 4.2363178282976151 3.6821050494909295 3.6294392943382281 2.6847115829586974 2.9263739213347435 7.4778205975890151 4.2967732548713675 6.3696419522166279 3.937581039965151 4.4514129385352135 2.1423482596874237 3.5485448464751235 4.599888451397419 8.360968813300131 2.8723900616168985 4.1777972802519798
leaf_count=65 25823 23 17 25 57 101 25 35 106 52 34 17 39 73 123 17 36 26 75 52 23 39 22 29 21 104 27 26 28 29 40 34 57 23 32 21 26 27 164 35 42 1763 52 28 34 26 26 30 31 21 19 69 40 56 32 33 18 27 33 71 25 28
internal_value=0.000271103 -0.00248065 -0.0109444 -0.00538492 -0.0168819 0.00388696 -0.0317461 -0.00201866 -0.00461546 0.0167499 -0.00674836 -0.0102891 0.0181658 -0.0120632 -0.0145332 -0.0108462 0.018383 0.00297418 0.00612143 -0.0089596 -0.0215051 -0.0133671 -0.00912552 0.00607803 -0.00966045 -0.0154918 -0.0084198 -0.0033099 0.029085 0.016163 -0.0256323 -0.0192341 0.0134056 0.0242446 0.00691689 0.00231531 0.0031745 -0.000592836 -0.00882103 0.00466498 -0.00936032 0.000316399 -0.00563188 0.00635415 0.0162835 0.0268148 0.0504059 0.0066016 -0.012945 -0.00644698 0.0404523 -0.0226797 -0.0116451 -0.0173508 -0.010676 0.0010904 -0.029255 0.000891337 0.0105591 -0.0107636 4.49267e-05 0.014619
internal_weight=7066.12 549.905 28.4632 23.2171 10.3648 12.8522 7.29999 521.441 171.878 13.6369 158.241 115.997 6.80781 109.189 98.6851 86.0354 6.83104 42.2438 38.7797 12.6302 9.17184 79.2044 58.8519 17.3699 10.3142 41.482 30.1046 25.5822 7.0557 7.08152 20.3525 15.8992 26.1494 12.6975 7.17855 9.75179 13.452 349.564 35.4327 15.2646 9.60337 314.131 75.1654 25.5646 19.9904 16.5518 7.63772 8.91411 49.6008 29.7453 5.61109 19.8554 12.3776 24.1342 18.4557 8.08085 5.57418 12.086 8.53747 18.5006 10.1397 7.05019
internal_count=30132 4309 290 225 107 118 82 4019 1378 96 1282 966 56 910 837 714 53 316 282 101 75 661 481 132 82 349 245 206 50 56 180 140 181 80 53 73 101 2641 268 104 69 2373 610 197 144 116 52 64 413 240 40 173 104 200 148 64 53 92 65 150 79 53
cat_boundaries=0 1 2 3 4 5 6 7
cat_threshold=4 4 36 2 1 1 8
is_linear=0
shrinkage=0.04


Tree=95
num_leaves=63
num_cat=8
split_feature=7 17 8 8 1 9 15 8 1 9 6 0 9 0 6 10 6 6 9 8 1 0 1 10 8 9 8 8 8 8 9 8 16 8 10 10 16 6 6 16 8 5 6 12 8 15 9 8 6 9 15 2 1 10 9 8 8 1 2 8 0 1
split_gain=3.12053 2.7192 2.01524 1.85635 2.74622 3.10368 2.26243 4.17544 4.83828 4.76563 4.93253 4.83173 4.08958 4.08678 4.00635 4.56405 3.94303 3.845 3.06592 4.2244 3.01912 2.75737 4.39919 3.18743 2.97911 2.61612 2.58123 3.86463 2.16414 3.17145 1.90892 5.10374 2.23084 2.75381 3.14359 1.85264 2.7355 2.12833 1.84756 2.38515 1.73311 3.63339 3.45622 1.58201 4.97821 3.68632 4.97869 3.78822 5.68576 3.52558 3.06023 4.46571 4.21139 3.83832 4.76145 3.67489 3.43392 3.08672 2.97938 3.16176 3.81626 5.98022
threshold=2.5000000000000004 0 31.500000000000004 38.500000000000007 13.500000000000002 4.2500000000000009 1 23.500000000000004 12.500000000000002 4.6500000000000012 1.5000000000000002 12.500000000000002 3.5500000000000003 1.0000000180025095e-35 1.5000000000000002 1.5000000000000002 2.5000000000000004 3.5000000000000004 4.8500000000000005 35.500000000000007 18.500000000000004 12.500000000000002 18.500000000000004 1.0000000180025095e-35 36.500000000000007 4.4500000000000011 33.500000000000007 26.500000000000004 32.500000000000007 28.500000000000004 4.9500000000000011 27.500000000000004 2 25.500000000000004 1.5000000000000002 1.0000000180025095e-35 3 2.5000000000000004 2.5000000000000004 4 36.500000000000007 1.0000000180025095e-35 3.5000000000000004 5 37.500000000000007 6 4.7500000000000009 31.500000000000004 2.5000000000000004 4.2500000000000009 7 1.0000000180025095e-35 19.500000000000004 1.5000000000000002 4.7500000000000009 27.500000000000004 29.500000000000004 21.500000000000004 1.0000000180025095e-35 20.500000000000004 7.5000000000000009 20.500000000000004
decision_type=2 9 8 10 2 10 1 8 2 10 2 8 10 10 2 2 2 2 10 8 2 8 2 2 8 10 8 10 8 10 10 10 9 10 2 2 9 2 2 9 10 2 2 1 8 1 10 10 2 10 1 2 2 2 10 10 10 2 2 10 8 2
left_child=1 2 -1 6 5 -5 7 20 9 16 -11 -12 38 17 25 21 -9 -10 19 -17 -3 24 -23 -24 26 -15 27 -16 29 -27 43 32 33 34 -32 -6 37 -37 -8 -40 41 42 -33 44 45 49 58 -48 -49 -14 -45 52 53 54 -52 -53 -56 -54 59 -47 -61 -62
right_child=-2 3 -4 4 35 -7 12 8 13 10 11 -13 30 14 15 18 -18 -19 -20 -21 -22 22 23 -25 -26 28 -28 -29 -30 -31 31 40 -34 -35 -36 36 -38 -39 39 -41 -42 -43 -44 50 -46 46 47 48 -50 -51 51 55 57 -55 56 -57 -58 -59 -60 60 61 -63
leaf_value=-0.0047047690928279703 0.00027467379258512087 -0.027297233727420923 -0.045379800904801419 0.039021485052921211 -0.047027469787959533 -0.012577751445007251 -0.039127267222699949 0.068913625742931806 -0.0086341926720202942 -0.035786538459028752 0.044386537472755817 -0.0044462235909947514 -0.03266868933502632 -0.018998515511704856 0.029762654172220904 -0.048894720586833328 0.022759957880249912 0.043649829079860536 0.0062813501586897772 0.0079971344659847104 0.0023268909814627018 -0.050337885184697395 0.027528805482738773 -0.024300231499889049 -0.031191906855247625 0.009970477897755568 0.039433183381575414 -0.010292744126077584 -0.0010754564320743004 0.059457881219398968 0.032353744399173413 -0.023524830652713182 -0.0079832814910909804 0.054546912038659738 -0.012685320449987448 -0.046649970111883154 0.02607713870229739 -0.0076599689282166837 0.025698016942861914 -0.023040247521587027 0.014757960713667509 -0.048999509077291274 0.021462038788134147 0.001788604841694588 -0.046977244086526086 0.029577865245374996 -0.040475380856799116 -0.047531085146803216 0.026071484018584511 0.0085539944738740464 -0.02920560260989568 -0.01553061239200491 0.012355789018266831 -0.042224197572480006 -0.01419481169364973 0.039730250895404898 0.030917712952153113 -0.013648104450446022 -0.036477687857538313 0.01388068570752826 -0.02959293243680499 0.00760599700483011
leaf_weight=3.6761545836925507 6525.1307480037212 11.536767020821573 4.1479082256555557 2.8254387304186839 3.9940047413110724 5.4876679480075836 6.8654759824275962 4.1476324722170856 3.5338970273733121 3.745180249214175 5.6139425933361027 7.6726795285940179 3.656822443008422 2.9467542096972457 6.2745874747634032 9.3369945287704432 10.357868507504461 6.1968318372964859 3.5182574540376654 2.6898629739880571 10.527000546455382 4.0184002071619016 3.7681594863533974 3.8263529017567635 2.82833158224821 4.1546975746750796 4.4855712428688994 9.9898986965417844 4.0330926179885873 4.1333421617746353 7.1022088229656202 6.1663319393992442 3.5403218492865571 4.2615521401166925 3.8094887509942055 3.9886799529194832 2.0815367698669407 5.1094813272356987 2.1046911776065826 6.7878544069826585 3.9170131608843795 3.782318912446498 4.906690925359726 152.9513342641294 5.001430131494998 4.5039548799395552 14.157911345362665 2.8637430220842353 4.0600692480802536 35.990696392953396 13.250025510787966 3.0843217372894269 13.989363737404348 10.353293076157568 5.8818536028265935 5.1244719326496124 4.9900996685028076 15.282434411346911 4.462009258568286 11.272192008793352 16.13398760557175 12.101041622459887
leaf_count=39 25874 98 51 20 40 42 73 25 24 31 32 56 37 21 41 81 75 36 24 22 76 32 24 30 25 30 30 76 31 25 43 53 26 24 26 42 18 46 19 77 29 32 33 1146 51 32 130 27 31 274 116 26 105 100 48 36 35 119 41 88 138 87
internal_value=3.01713e-05 -0.00285483 -0.0262685 -0.00251881 -0.0135194 0.00495967 -0.00202356 0.00249159 0.0059437 0.019108 0.00475827 0.0161869 -0.00348657 0.000461873 -0.00310583 -0.00851186 0.0359569 0.0246619 -0.0265626 -0.0361706 -0.0131631 -0.000538255 -0.0164925 0.00141572 0.00731959 0.0148588 0.0125689 0.00516001 0.0229562 0.0346504 -0.00274008 0.0058254 0.020608 0.0272791 0.0166297 -0.0236434 -0.0152893 -0.0247534 -0.0235394 -0.0115049 -0.00891092 -0.0151519 -0.0035902 -0.00368692 -0.00731343 -0.00616656 -0.0108328 -0.0286178 -0.00437112 0.00379476 -0.00145555 -0.00772825 -0.0123781 -0.0218517 -0.0131077 0.0189669 0.00651131 -0.00122051 -0.00533268 -0.00217509 -0.00579504 -0.0136501
internal_weight=7078.13 553.002 7.82406 545.178 23.4868 8.31311 521.691 129.336 107.272 31.5373 17.0318 13.2866 392.355 75.735 66.0043 50.7364 14.5055 9.73073 15.5451 12.0269 22.0638 35.1913 11.6129 7.59451 23.5784 15.2679 20.7501 16.2645 12.3211 8.28804 376.597 37.4859 18.7136 15.1732 10.9117 15.1737 11.1797 9.09816 15.758 8.89255 18.7724 14.8553 11.073 339.111 114.204 109.202 69.5549 21.0817 6.92381 39.6475 224.907 71.9559 63.7471 34.4753 24.122 8.20879 10.872 29.2718 48.4732 44.0112 39.5072 28.235
internal_count=30219 4345 90 4255 208 62 4047 945 771 219 119 88 3102 552 492 385 100 60 127 103 174 258 86 54 172 107 147 117 86 55 2933 266 119 93 69 146 106 88 169 96 147 118 86 2667 936 885 574 188 58 311 1731 585 523 299 199 62 83 224 386 345 313 225
cat_boundaries=0 1 2 3 4 5 6 7 8
cat_threshold=2 2 1 1 4 36 8 5
is_linear=0
shrinkage=0.04


Tree=96
num_leaves=63
num_cat=9
split_feature=7 17 8 8 1 9 10 16 6 12 9 9 8 1 5 11 10 3 0 0 3 16 11 8 11 9 8 2 0 8 16 6 1 1 0 8 9 14 6 6 8 8 0 5 6 16 0 1 5 10 8 0 9 14 10 8 8 8 10 6 16 1
split_gain=2.89513 2.56906 1.97252 1.73581 2.59074 2.83749 1.81591 2.54778 2.08014 1.69186 3.99874 3.5589 3.47357 2.7054 3.50817 5.79873 7.5914 4.04704 5.32594 3.87753 11.7923 9.37784 3.03519 2.47956 7.44746 3.56698 3.50577 2.71769 4.49668 6.02642 3.26708 3.05979 4.56129 6.32675 3.94482 3.84009 3.38686 2.9243 2.79504 3.21192 2.47275 2.44046 2.79136 3.06334 2.58335 3.80556 8.06464 3.55674 2.40194 3.80412 3.28834 7.25523 2.4233 2.4009 2.59954 3.93239 2.71555 2.3164 2.28437 2.26776 5.70301 3.06146
threshold=2.5000000000000004 0 31.500000000000004 38.500000000000007 13.500000000000002 4.4500000000000011 1.0000000180025095e-35 1 2.5000000000000004 2 4.9500000000000011 3.7500000000000004 36.500000000000007 17.500000000000004 1.0000000180025095e-35 1.0000000180025095e-35 1.0000000180025095e-35 1.0000000180025095e-35 12.500000000000002 12.500000000000002 1.0000000180025095e-35 3 1.0000000180025095e-35 27.500000000000004 1.0000000180025095e-35 4.9500000000000011 22.500000000000004 1.0000000180025095e-35 7.5000000000000009 29.500000000000004 4 5.5000000000000009 20.500000000000004 15.500000000000002 12.500000000000002 33.500000000000007 4.1500000000000012 5 1.0000000180025095e-35 3.5000000000000004 28.500000000000004 36.500000000000007 12.500000000000002 1.0000000180025095e-35 5.5000000000000009 6 1.0000000180025095e-35 13.500000000000002 1.0000000180025095e-35 1.5000000000000002 28.500000000000004 12.500000000000002 4.7500000000000009 7 1.0000000180025095e-35 30.500000000000004 24.500000000000004 23.500000000000004 1.0000000180025095e-35 5.5000000000000009 8 11.500000000000002
decision_type=2 9 8 10 2 8 2 9 2 1 8 10 8 2 2 10 2 2 10 8 2 9 10 10 8 10 10 2 8 8 9 2 2 2 8 10 10 9 2 2 10 8 10 2 2 9 10 2 2 2 10 8 10 9 2 10 10 8 2 2 9 2
left_child=1 2 -1 9 5 -5 -6 8 -8 10 13 58 40 41 15 16 -15 -16 22 20 -18 -21 -19 24 25 26 -13 30 -29 -30 -25 36 33 35 -35 -33 38 -31 -32 -40 -12 42 44 -44 45 -3 -47 -48 49 50 51 -38 -50 -17 55 56 -55 -24 -11 -26 -61 -62
right_child=-2 3 -4 4 6 -7 7 -9 -10 11 12 23 -14 14 17 53 19 18 -20 21 -22 -23 57 27 59 -27 -28 28 29 37 31 32 -34 34 -36 -37 48 -39 39 -41 -42 -43 43 -45 -46 46 47 -49 52 -51 -52 -53 -54 54 -56 -57 -58 -59 -60 60 61 -63
leaf_value=-0.0045323565558765518 0.0002636936070717857 -0.01024871000816532 -0.045144671336617564 0.037072586557588591 -0.046709711185573266 -0.01210807258152341 -0.046352085644896832 0.024586215967661151 -0.0073928078505747698 0.0068700144823106721 0.010939519243422034 -0.0057141939175283539 0.035056835564350818 -0.030488272648315422 0.033344966499480426 0.016733681920226395 0.098831793282725636 -0.020562978074142028 -0.038703907018313694 -0.037751541817269335 0.0045527027821181702 0.057400710919459995 0.05256687556440242 -0.0087114595714919592 0.0050040074062191308 0.020609264938716256 -0.031048751938319741 -0.012094914556530896 0.079428559742995952 0.043901001536241067 0.055042215591661579 0.0060886662308789682 0.047225019223779981 -0.048410974736717051 0.012468344652458191 0.067649168852158062 -0.0057275148381919902 -0.0011627245737349579 -0.026567989576376429 0.02990437581700264 -0.025772017786628982 -0.038669081772472948 -0.038053464931716033 0.0032231242156600839 -0.0307696404321956 0.05601923399510305 -0.04831792342179609 0.020104393617742428 -0.030191652460380362 -0.0086328225753127142 0.005230973639316289 0.078800670841355031 0.001300125783888526 -0.018023470089521799 -0.029121719854888081 -0.031898611108517272 0.027768432774654739 0.010363423263986805 -0.025116039103592086 0.034113817044968617 0.00025071220005278098 -0.051276120067355713
leaf_weight=3.6636182218790054 6524.9662754535675 25.301508828997612 4.0056034661829472 2.8553000167012224 3.8629743456840506 5.4782995954155931 3.8564115911722183 2.1186652407050106 5.0829131528735161 4.7653059959411648 9.6912506744265574 14.058974638581274 6.6011593490838996 5.9471842348575619 7.7483479827642467 3.0262791588902473 3.3798972293734568 3.5753568485379228 4.5428364500403395 4.1883398815989485 5.7066548764705658 2.7423129230737686 2.8928134888410559 36.361644431948662 81.567174725234509 3.5307035222649565 23.096458926796913 5.5326402559876469 3.1194439381360981 3.6733551919460297 3.2465703636407834 3.541319817304613 6.359382063150405 3.7435968592762947 3.1241661980748177 2.9902780950069427 3.3578219562768927 6.1808023378252983 2.4724183604121208 4.6274441853165627 4.2112194970250121 5.8661851510405532 10.435053616762159 3.9717289283871642 5.8635204806923857 4.8069233819842321 2.6489826738834381 2.246368195861578 7.6813049763441068 31.955909475684166 60.008367672562599 3.1476873531937599 7.9621309265494347 3.401066914200781 21.822542943060398 6.1557391956448546 5.3025677129626274 7.4133541882038125 14.271273773163555 2.8331419676542282 2.9431125000119192 4.9444201588630676
leaf_count=39 25874 214 51 18 40 44 42 18 46 46 67 114 51 55 49 22 19 29 37 37 45 15 16 278 578 25 198 44 18 22 19 25 33 33 21 18 26 44 24 42 35 57 94 33 52 32 24 19 60 246 451 19 58 30 201 55 39 51 153 17 20 37
internal_value=2.84741e-05 -0.00275443 -0.025744 -0.00243023 -0.0131224 0.00474245 -0.0231003 -0.0148526 -0.0241998 -0.00195261 -0.0050971 -0.000281444 0.011164 -0.00767709 -0.00318025 -0.00838763 0.00810389 0.00909026 -0.00111003 0.0224332 0.0396214 -0.000101805 0.0111929 0.000674792 -0.00355459 -0.0178116 -0.0214626 0.00349968 0.0180984 0.0309745 0.00200357 0.00470515 0.0193279 0.00608788 -0.0207168 0.0342721 0.00238369 0.0156358 0.0242975 0.0102387 -0.000180831 -0.0141381 -0.0115346 -0.0266741 -0.00619756 -0.00208146 0.019217 -0.0169204 0.000396807 0.00270987 0.00815935 0.0351714 -0.0141631 -0.0175098 -0.0203349 -0.00743063 0.00987461 0.0222094 -0.0171092 0.0027308 -0.0145647 -0.0320497
internal_weight=7076.48 551.51 7.66922 543.841 23.2546 8.3336 14.921 11.058 8.93932 520.586 169.489 351.097 20.5036 148.986 87.8453 61.6726 21.9644 26.1727 18.4244 16.0172 9.08655 6.93065 13.8815 332.06 132.974 40.6861 37.1554 199.086 18.5062 12.9736 180.58 144.218 19.7587 13.3994 6.86776 6.5316 124.46 9.85416 10.3464 7.09986 13.9025 61.1403 55.2741 14.4068 40.8673 35.0038 9.70227 4.89535 114.113 98.4698 66.5139 6.50551 15.6434 39.7082 36.6819 14.8594 8.70363 10.3062 19.0366 92.2878 10.7207 7.88753
internal_count=30219 4345 90 4255 208 62 146 106 88 4047 1378 2669 153 1225 700 518 171 182 133 116 64 52 96 2470 989 337 312 1481 128 84 1353 1075 130 97 54 43 945 66 85 66 102 525 468 127 341 289 75 43 860 742 496 45 118 347 325 124 69 67 199 652 74 57
cat_boundaries=0 1 2 3 4 5 6 7 8 9
cat_threshold=2 1 36 1 4 8 1 2 4
is_linear=0
shrinkage=0.04


Tree=97
num_leaves=63
num_cat=13
split_feature=17 9 15 6 8 8 9 9 10 1 0 6 6 8 8 0 8 6 10 1 9 6 8 8 10 0 0 6 5 14 1 9 16 9 9 9 6 12 1 6 9 9 9 5 8 16 2 12 8 6 0 12 6 12 16 9 0 12 16 1 8 14
split_gain=1.48618 7.86715 3.99144 5.89357 4.45689 3.57404 3.11414 3.05335 2.86485 3.0786 2.64855 7.83876 6.2095 4.49643 3.58727 2.52186 2.61687 4.68577 1.93982 2.4923 1.69232 1.41175 1.79752 1.3884 3.91509 4.31751 8.9865 5.72642 12.167 4.88581 4.01154 5.06673 3.84672 3.8253 3.406 5.0934 5.2583 3.26387 3.17738 3.36907 8.2715 3.1219 3.06753 9.39169 2.77637 2.56233 2.53953 3.42372 2.42867 3.9477 4.1411 5.36038 3.72025 4.43242 3.48563 3.79661 3.16667 4.73717 3.51189 3.1072 4.15784 2.917
threshold=0 3.7500000000000004 1 5.5000000000000009 30.500000000000004 38.500000000000007 4.8500000000000005 4.5500000000000007 1.0000000180025095e-35 19.500000000000004 12.500000000000002 2.5000000000000004 5.5000000000000009 30.500000000000004 30.500000000000004 7.5000000000000009 24.500000000000004 3.5000000000000004 1.5000000000000002 19.500000000000004 4.6500000000000012 1.5000000000000002 34.500000000000007 22.500000000000004 1.5000000000000002 12.500000000000002 7.5000000000000009 1.5000000000000002 1.0000000180025095e-35 2 18.500000000000004 4.8500000000000005 3 4.3500000000000005 4.5500000000000007 4.7500000000000009 2.5000000000000004 4 16.500000000000004 3.5000000000000004 4.6500000000000012 4.8500000000000005 4.7500000000000009 1.0000000180025095e-35 20.500000000000004 5 1.0000000180025095e-35 6 21.500000000000004 1.5000000000000002 12.500000000000002 7 3.5000000000000004 8 9 4.8500000000000005 7.5000000000000009 10 11 19.500000000000004 20.500000000000004 12
decision_type=9 8 1 2 8 8 10 10 2 2 8 2 2 10 10 8 10 2 2 2 10 2 10 8 2 10 8 2 2 9 2 8 9 10 10 10 2 1 2 2 10 8 10 2 10 9 2 1 10 2 10 1 2 1 9 8 10 1 9 2 10 9
left_child=23 -2 5 6 -5 10 7 15 21 -10 12 13 14 -12 18 -4 -17 -18 19 -3 -13 -9 -23 24 46 26 37 -27 29 -29 31 -28 -31 -32 -35 44 -37 42 -39 41 -41 -40 43 -26 -36 -44 48 -48 49 56 51 -51 53 54 55 -50 -1 -58 59 60 -59 -53
right_child=1 2 3 4 -6 -7 -8 8 9 -11 11 20 -14 -15 -16 16 17 -19 -20 -21 -22 22 -24 -25 25 27 30 28 -30 32 33 -33 -34 34 35 36 -38 38 39 40 -42 -43 45 -45 -46 -47 47 -49 52 50 -52 61 -54 -55 -56 -57 57 58 -60 -61 -62 -63
leaf_value=-0.011648509618053325 -0.043119898282709561 0.033871219722987088 0.010083662695734248 0.042587865640265767 -0.0036880017711124697 -0.021251976398328879 0.00042789246202130769 -0.037151983007632082 -0.069085328010632385 -0.021377517935539197 -0.0012603596013853842 0.003187639475888562 -0.021004747082349808 -0.047300152364237749 0.035104587364762962 0.0058658712795624703 -0.047883071072221423 0.0036555909138258715 -0.012557099787728889 -0.0024316118477304203 0.027222799466089506 -0.024088747843112934 0.009581903015306252 -0.00011549977201481608 -0.049347339571623447 0.01984202078613136 6.7787892670850304e-05 -0.043990489079483011 0.020304710356086816 -0.017951119639459615 -0.051293568847185313 -0.020773413591440242 0.014919888076747488 0.011916864150355186 -0.055154808336650811 -0.02765684788894791 0.008530132977068795 -0.0050284596577388121 0.032932537653289018 -0.038481158195595506 0.019217741622800745 0.0035503613869007091 0.024817469166152573 0.018381030135991142 -0.024092897257742614 -0.010996511465933277 0.0052690073616455876 -0.01316170691759601 -0.00010639297003925582 0.013527489840173419 -0.0031944687705836566 0.0045057806520541694 0.0012826341289624472 0.016637024235207461 0.019372951658103248 -0.034337897671767363 0.010596399310643779 0.017111677086261965 0.01062851908057825 -0.041316082855234769 -0.027707387411418285 -0.010498598473600716
leaf_weight=50.380726397037506 7.7223999574780455 6.6431899666786212 7.739938452839854 5.6843233555555317 8.0399574190378189 7.5247360505163661 19.077341008931398 4.4636149480938938 4.7102147638797742 4.0038012862205505 6.8906147405505163 8.835592448711397 6.5395767763257018 6.6886758729815483 16.2116978764534 5.3350144401192692 7.2640267610549909 4.6161489188671112 4.8555369600653639 5.5567358620464802 9.9829733967781049 6.1916029304265958 4.2976536527276039 5909.7106706462801 7.9593756198883074 29.681367732584476 69.15707828104496 7.99545868486166 24.148488163948059 19.83989742398262 5.2881437540054312 25.562692791223526 7.9902545288205173 6.3319729045033446 6.6630041524767885 11.484469883143904 14.583126358687876 15.397902958095072 20.476629175245765 5.5092599466443088 14.277328647673128 8.0646459236741048 6.0283309817314148 5.5670835673809052 14.899326525628567 6.8037969246506673 25.010113641619682 24.461502358317375 24.542441949248317 102.44273582845926 78.939828611910343 81.902335226535797 89.186211697757244 78.858376234769821 10.440352186560629 6.5721980631351462 32.973584018647671 5.6744059547781962 8.1218162700533885 7.3483643010258666 7.9540496021509171 27.756783962249756
leaf_count=222 37 25 32 22 33 36 83 22 25 18 33 38 28 32 66 23 37 20 21 26 42 31 18 25239 41 116 299 37 97 87 28 114 34 26 32 53 58 65 76 25 55 36 23 21 67 30 104 112 105 419 340 344 384 315 40 32 137 26 37 37 37 121
internal_value=2.67109e-05 -0.00368067 -0.00179075 -0.00750147 0.0154785 0.00442694 -0.0132681 -0.0186419 -0.0289349 -0.0471652 0.00771615 -0.000775696 0.0146275 -0.0239379 0.021632 -0.00888025 -0.0174064 -0.0278573 0.00882589 0.0173363 0.0159379 -0.0183109 -0.0102932 0.000117369 0.0014987 -0.00203452 -0.00479216 0.00547214 -0.00163955 -0.0164312 -0.0106633 -0.00555677 -0.0085136 -0.0188267 -0.015645 -0.0193091 -0.00741258 0.00524255 0.00933089 0.0158367 0.0031524 0.0246303 -0.00593135 -0.0214724 -0.0336914 0.00582833 0.00327826 -0.00543956 0.00398171 0.00216721 0.00462657 0.00753739 0.00747476 0.0120611 -0.000504823 -0.00733695 -0.00419789 0.00184938 -0.00871054 -0.0203507 -0.00904632 0.000648731
internal_weight=7074.86 168.875 161.153 81.4236 13.7243 79.7293 67.6994 48.622 23.6669 8.71402 72.2046 32.3979 39.8067 13.5793 33.2672 24.9551 17.2152 11.8802 17.0555 12.1999 18.8186 14.9529 10.4893 6905.99 996.275 333.71 244.054 89.6555 59.9741 35.8256 153.97 94.7198 27.8302 59.25 53.9619 47.6299 26.0676 90.0844 63.7258 48.3279 19.7866 28.5413 26.3586 13.5265 21.5623 12.8321 662.566 49.4716 613.094 403.495 291.042 212.102 209.6 120.413 41.555 31.1146 112.453 62.0722 29.0986 20.9768 13.6285 109.659
internal_count=30219 748 711 364 55 347 309 226 114 43 311 145 166 65 138 112 80 57 72 51 80 71 49 29471 4232 1420 1049 371 255 158 677 413 121 264 236 210 111 372 257 192 80 112 115 62 99 53 2812 216 2596 1720 1224 884 876 492 177 137 496 274 137 100 63 465
cat_boundaries=0 1 2 3 4 5 6 7 8 9 10 11 12 13
cat_threshold=1 9 2 1 20 4 26 44 36 1 19 1 4
is_linear=0
shrinkage=0.04


Tree=98
num_leaves=63
num_cat=15
split_feature=7 17 6 15 9 12 9 0 16 1 1 10 1 6 3 0 0 1 14 1 9 6 3 6 9 5 14 6 16 14 16 14 3 10 6 14 12 13 0 9 13 1 15 11 1 11 9 6 6 11 7 9 9 10 6 0 9 11 9 4 10 0
split_gain=2.68492 2.40935 1.88438 1.43635 4.00108 2.84302 3.9103 2.63301 4.67307 2.5183 4.27917 3.99226 3.90853 2.14678 5.13393 2.05431 3.19577 4.71141 3.5056 2.14893 2.00009 3.44674 2.31458 2.35462 1.87456 2.68985 1.92894 1.77621 2.2874 1.75663 1.65564 1.44223 2.04799 1.44209 1.39204 2.13333 4.59075 12.7478 8.17128 6.01982 4.37275 4.32157 4.18596 8.17072 4.48833 4.13162 5.13001 3.90192 3.84096 3.57 3.38952 3.28042 3.06413 2.98971 7.42909 4.2514 2.65589 2.75713 2.50404 4.45797 2.47929 2.46466
threshold=2.5000000000000004 0 3.5000000000000004 1 3.5500000000000003 2 3.7500000000000004 7.5000000000000009 3 19.500000000000004 21.500000000000004 1.5000000000000002 15.500000000000002 1.0000000180025095e-35 1.0000000180025095e-35 12.500000000000002 7.5000000000000009 21.500000000000004 4 9.5000000000000018 4.8500000000000005 2.5000000000000004 1.0000000180025095e-35 5.5000000000000009 4.5500000000000007 1.0000000180025095e-35 5 2.5000000000000004 6 7 8 9 1.0000000180025095e-35 1.0000000180025095e-35 1.5000000000000002 10 11 12 12.500000000000002 4.6500000000000012 13 13.500000000000002 14 1.0000000180025095e-35 12.500000000000002 1.0000000180025095e-35 4.6500000000000012 5.5000000000000009 5.5000000000000009 1.0000000180025095e-35 3.5000000000000004 4.6500000000000012 4.2500000000000009 1.5000000000000002 2.5000000000000004 7.5000000000000009 4.9500000000000011 1.0000000180025095e-35 3.9500000000000006 1.0000000180025095e-35 1.5000000000000002 12.500000000000002
decision_type=2 9 2 1 10 1 10 10 9 2 2 2 2 2 2 10 8 2 9 2 10 2 2 2 10 2 9 2 9 9 9 9 2 2 2 9 1 9 8 10 9 2 1 8 2 8 10 2 2 10 2 10 8 2 2 8 8 10 8 2 2 8
left_child=1 2 -1 5 27 13 -7 8 24 12 11 -11 29 14 -3 16 17 -15 19 -18 21 -20 23 -23 -8 26 -26 -5 -29 -9 -17 -32 -33 -28 -2 -36 37 -37 39 49 41 42 43 -38 50 46 -44 53 -40 -39 60 -50 -51 -47 -55 -56 57 -41 59 61 -45 -42
right_child=34 3 -4 4 -6 6 7 9 -10 10 -12 -13 -14 15 -16 30 18 -19 20 -21 -22 22 -24 -25 25 -27 33 28 -30 -31 31 32 -34 -35 35 36 40 38 48 56 58 -43 45 44 -46 47 -48 -49 51 52 -52 -53 -54 54 55 -57 -58 -59 -60 -61 -62 -63
leaf_value=-0.045123520424626772 0.0011830445709706562 -0.0055396490163408928 -0.0050172992988811276 -0.038755638094420432 -0.0027690663204059428 0.040221686686452873 0.030259940067808706 0.020086859106992035 -0.030901775785320537 0.033089172812746481 -0.030647730205018077 -0.021149148997812922 -0.04244307686426603 0.0044154407965604145 0.054570602639675683 -0.034205346487009625 -0.033007761433786177 -0.049602984044101558 0.046721234331662739 0.0077710738085363306 0.043398029206186184 0.0030881001720676278 -0.021580788719539685 0.045760910756122292 -0.011225922242858353 -0.031921933258782932 0.001569966307035381 0.024483815069721131 -0.022956853629877726 -0.018799146041743105 0.018780232005425439 -0.036781132537117886 0.0062928013142158276 0.036861578285136962 -0.00084026873109604235 0.0097287161790207324 -0.010428092587040607 -0.013490273177854775 0.0029642461664385008 -0.015349945031949586 -0.021369961345289457 0.024654165652510499 -0.0079561268710725015 0.0098660503814696834 -0.0055321796961529199 0.0093246228584459474 0.038018639261586502 -0.035698787374813183 0.0092885020589699441 -0.021203967837663873 0.055613525937379997 -0.028696465812850864 -0.051342396794764933 0.029284617403581927 0.0081334648888262469 -0.036212577693687367 -0.026225957661476028 4.0801933446916148e-05 0.0014186483063447339 0.0068518162347814193 0.032073066637251756 -0.0017593582687018302
leaf_weight=3.768676582723856 1848.5196475088596 4.4380080327391607 3.729193639010191 6.7942494601011267 392.25932263955474 2.85779895633459 5.6770428419113186 2.9055658802390099 5.4715845510363605 5.9816408380866033 5.6530686393380156 3.4086857065558434 9.7350252494215948 13.23518965393305 4.6609925851225853 3.2137031853199005 3.0027041509747505 3.2099183574318877 4.5752709582448068 6.6395133137702942 6.1080677509307852 6.5756448060274106 3.4765251949429503 3.0186586603522301 3.938026487827301 2.8194257840514174 3.0335347279906255 2.1363917216658592 6.8086562082171422 5.1589155197143572 3.696526825428009 3.0612633004784566 4.1744427904486656 4.7585689574480057 2713.1578741967678 77.841879189014435 16.42572720348835 14.332628458738325 89.363578230142593 33.868081614375114 27.634072095155716 22.729158893227577 7.6402623951435071 13.743435174226759 7.7099863886833182 16.823268175125122 7.8971272557973862 7.1005913019180289 5.1542884558439281 9.1079307943582553 5.9667297452688208 12.363052934408186 13.248688906431196 5.2174514979124096 4.6480318158865002 13.520526945590971 13.38301922380924 41.374268934130669 1434.1898486912251 25.810102224349976 19.396405562758446 16.303788334131241
leaf_count=48 7309 33 42 75 3087 23 42 21 46 40 49 26 90 91 26 26 26 27 29 43 33 48 27 17 30 23 24 19 79 44 27 22 26 36 10793 299 67 59 352 140 116 84 31 53 31 65 28 31 20 39 20 53 60 19 18 59 57 164 5670 102 70 65
internal_value=2.75418e-05 -0.00265643 -0.025176 -0.00234518 -0.0034773 0.0012547 -0.00470048 -0.00769638 0.00189378 -0.0152003 -0.00315201 0.0134007 -0.0253829 0.00622117 0.025252 0.00448723 0.0083055 -0.00612841 0.0154131 -0.00492795 0.0236698 0.0168411 0.0063819 0.0165143 0.0107654 0.00315896 0.0115909 -0.0233374 -0.0116264 -0.00478884 -0.00896597 -0.00154645 -0.0119308 0.0231222 0.000253788 -0.000113571 0.000890939 -0.00350983 -0.00816641 -0.015448 0.00172726 0.00805809 0.00570552 0.0119546 0.0223612 -0.00214391 0.0154113 -0.00836251 -0.000393004 -0.0290738 0.0278604 -0.0175198 -0.0390642 -0.00353517 -0.0127862 -0.0248676 -0.00980721 -0.00688688 0.00105172 -0.00634251 0.0228636 -0.0140932
internal_weight=7074.45 549.982 7.49787 542.484 407.999 134.485 61.3989 58.5411 25.6982 32.8429 15.0434 9.39033 17.7995 73.0864 9.099 63.9874 49.8415 16.4451 33.3964 9.64222 23.7542 17.6461 13.0708 9.5943 20.2266 14.5496 11.7301 15.7393 8.94505 8.06448 14.1459 10.9322 7.23571 7.7921 6524.47 4675.95 1962.79 310.037 232.196 125.315 1652.76 148.819 126.09 63.2423 46.8166 62.8473 15.5374 47.3099 106.881 36.6892 39.1066 17.5173 22.3566 40.2093 23.386 18.1686 88.6254 75.2424 1503.94 69.748 33.1398 43.9379
internal_count=30219 4345 90 4255 3260 995 494 471 201 270 115 66 155 501 59 442 341 118 223 69 154 121 92 65 155 113 90 173 98 65 101 75 48 60 25874 18565 7772 1243 944 519 6529 576 492 241 174 251 59 192 425 158 143 73 99 161 96 77 361 304 5953 283 123 181
cat_boundaries=0 1 2 3 4 5 6 7 8 9 10 11 12 13 14 15
cat_threshold=2 2 89 1 8 8 4 8 4 8 4 16 8 1 6
is_linear=0
shrinkage=0.04


Tree=99
num_leaves=63
num_cat=10
split_feature=7 17 8 8 1 9 15 8 3 1 9 8 12 10 8 9 1 1 9 9 16 14 1 9 9 3 8 9 8 8 2 14 1 8 16 9 9 9 15 9 8 1 14 8 8 1 8 10 9 9 8 11 12 8 8 9 11 10 5 9 8 8
split_gain=2.48601 2.27521 1.96971 1.61279 2.4643 2.63731 1.91564 3.85003 4.25969 4.23888 4.20729 3.66769 3.59609 4.97751 4.28234 3.58231 3.43851 3.06832 3.02629 2.70375 3.06224 2.35564 3.41493 3.86261 8.4689 3.29056 2.38638 6.33226 2.84726 2.73368 3.34088 5.56748 2.96237 2.35416 4.90037 4.83462 2.30966 3.88369 2.2867 6.0463 6.60384 2.69981 2.19302 2.1698 2.14296 2.02974 1.96404 3.27527 1.94204 3.39582 3.38407 2.66613 2.26157 4.32199 4.78807 9.10299 4.87557 3.43856 3.37312 3.32473 2.87585 3.11608
threshold=2.5000000000000004 0 31.500000000000004 38.500000000000007 13.500000000000002 4.2500000000000009 1 23.500000000000004 1.0000000180025095e-35 12.500000000000002 4.6500000000000012 33.500000000000007 2 1.5000000000000002 28.500000000000004 3.5500000000000003 8.5000000000000018 20.500000000000004 4.7500000000000009 4.5500000000000007 3 4 21.500000000000004 4.7500000000000009 4.8500000000000005 1.0000000180025095e-35 21.500000000000004 4.6500000000000012 20.500000000000004 34.500000000000007 1.0000000180025095e-35 5 20.500000000000004 35.500000000000007 6 4.7500000000000009 4.6500000000000012 4.7500000000000009 7 4.7500000000000009 31.500000000000004 14.500000000000002 8 30.500000000000004 28.500000000000004 18.500000000000004 27.500000000000004 1.5000000000000002 4.9500000000000011 4.8500000000000005 22.500000000000004 1.5000000000000002 9 25.500000000000004 33.500000000000007 4.4500000000000011 1.0000000180025095e-35 1.0000000180025095e-35 1.0000000180025095e-35 4.6500000000000012 27.500000000000004 34.500000000000007
decision_type=2 9 8 10 2 10 1 8 2 2 10 10 1 2 10 10 2 2 10 10 9 9 2 10 8 2 10 10 10 10 2 9 2 8 9 8 10 8 1 10 10 2 9 10 10 2 8 2 10 10 10 8 1 10 10 10 10 2 2 8 10 10
left_child=1 2 -1 6 5 -5 7 8 -3 10 11 -9 14 33 17 -8 44 -11 -15 -16 -21 48 26 25 -25 43 27 28 -23 38 31 -31 36 34 -14 -36 -33 -38 39 46 41 -41 -10 -24 -12 -22 -28 -48 49 52 -50 -51 53 59 55 -55 -56 -58 -57 -17 -54 -62
right_child=-2 3 -4 4 -6 -7 15 9 42 12 16 -13 13 18 19 21 -18 -19 -20 20 45 22 23 24 -26 -27 29 -29 -30 30 -32 32 -34 -35 35 -37 37 -39 -40 40 -42 -43 -44 -45 -46 -47 47 -49 50 51 -52 -53 60 54 56 58 57 -59 -60 -61 61 -63
leaf_value=-0.0033712812217297646 0.00024429977287600572 -0.028440047844609732 -0.044790294192155626 0.035420359106091766 -0.022506883203922228 -0.011780708005708088 -0.02231541778813631 0.022033202493998493 0.021077901075165287 -0.031678469311115169 0.011713791037992388 0.068098143941715053 -0.02936864016378736 -0.038819504484393988 0.00013981152568225732 -0.034056533887329897 0.021771615162932891 0.013214271753848773 -0.0011255861413864755 0.004300675006447755 0.02601415895346347 0.016049986436068756 0.030363719852221967 -0.040301146019007444 0.021822733534019353 0.044346075854798883 -0.031904570892517761 -0.01327146773941521 0.066070976376631008 0.038852400404179956 0.041825171824277557 -0.019438026306258026 -0.04797303744252341 -0.019316915753863625 0.02952879190357155 -0.010380307944568208 0.047253434958123619 -0.0060510086862943435 -0.010981575083559998 0.0033912616004574186 -0.030877814795379942 0.047817599801412557 -0.019152289467616254 -0.012704816748860225 -0.03015931133563202 0.064201875138320152 0.03620759526448581 -0.022764950358722863 0.040946670374891775 -0.021524947412608984 -0.0011523232675868592 0.019189255325676349 0.00033934090909875996 0.081754656125892583 -0.047685334629746341 0.021330999505613502 0.028685965651024794 -0.021489370830497817 -0.017177743217060115 0.0026782309419423863 -0.019194192237192157 -0.0014930928908778018
leaf_weight=3.5744642503559589 6524.1367223262787 12.224633015692234 3.7794919870793819 2.9148247465491313 14.646746672689913 5.4079984202980995 15.132469322532414 11.142981521785261 6.2736849412322044 4.514048635959627 3.1652101278305071 3.6783987060189238 4.7958292588591576 10.028909623622893 4.8535006940364864 7.1249440386891338 8.7811719849705678 5.2913706079125404 5.161997362971305 3.6518820971250534 3.9253075346350652 3.8315974920988065 3.5736847668886194 5.5941613540053341 9.4284537509083748 8.3122643679380417 6.3033703714609155 7.0806246846914291 3.4692591652274132 5.1229207813739777 3.8081396818161002 7.1660664118826523 2.5692514926195136 6.7763442620635024 13.716965787112718 7.5187872573733321 3.1377396509051296 7.2172055914998063 54.703545611351728 2.9810219258069983 2.9918664395809165 8.2337645739316923 3.3127931877970695 3.9297187328338623 5.1167708858847618 5.1470798030495644 2.423719249665738 3.983241468667984 3.7530590221285847 30.213071912527084 16.425897866487503 2.8130162209272376 45.940814688801765 3.49068704992533 3.6103574261069289 14.29500148445368 5.1477295607328397 3.7974163964390755 4.8824865594506255 8.8243338838219643 42.784173548221588 25.334435567259789
leaf_count=39 25874 106 51 20 146 42 169 80 42 32 22 20 38 87 37 62 56 33 39 26 26 27 21 45 59 50 56 57 21 36 25 65 24 57 92 57 22 61 438 25 27 53 26 29 41 28 20 35 23 257 122 18 356 24 34 102 36 34 40 68 356 205
internal_value=2.67949e-05 -0.00255875 -0.0246582 -0.00225861 -0.0126306 0.00475008 -0.00179914 0.00235167 -0.0127862 0.00564897 0.0178753 0.0334657 0.000477552 -0.00586002 0.0100546 -0.00315432 0.00433323 -0.00745267 -0.0260108 0.0255408 0.0352296 -0.00246394 0.0012927 0.0132142 -0.00131112 0.0270112 -0.00164787 0.0136804 0.0398192 -0.00364027 0.00690397 0.00162956 -0.00786209 0.00168414 0.00715097 0.0153985 -0.00198028 0.0101012 -0.00738942 0.00290973 0.0219225 0.0360086 0.00717558 0.00780766 -0.0141562 0.0476794 -0.0160521 -0.000455949 -0.00514441 -0.00634766 0.00667762 -0.0180571 -0.00400722 0.00296408 0.0113656 0.0223413 -0.00845029 0.0073854 0.0115269 -0.0137321 -0.00679872 -0.0126109
internal_weight=7072.97 548.833 7.35396 541.479 22.9696 8.32282 518.509 129.078 21.8111 107.267 31.8845 14.8214 75.382 47.9988 27.3832 389.432 17.0632 9.80542 15.1909 17.5778 12.7243 374.299 155.862 30.8383 15.0226 15.8157 125.023 14.3815 7.30086 110.642 29.0213 25.2132 20.0903 32.8079 26.0316 21.2358 17.521 10.3549 81.6205 26.917 14.2067 11.2148 9.58648 7.5034 8.28198 9.07239 12.7103 6.40696 218.437 198.258 20.179 33.0261 165.232 51.173 35.2237 22.6682 12.5555 8.94515 19.1775 15.9493 114.059 68.1186
internal_count=30219 4345 90 4255 208 62 4047 945 174 771 219 100 552 370 182 3102 119 65 126 117 80 2933 1196 204 104 100 992 105 48 887 233 208 172 244 187 149 148 83 654 216 105 78 68 50 63 54 111 55 1737 1592 145 275 1317 400 270 166 104 70 142 130 917 561
cat_boundaries=0 1 2 3 4 5 6 7 8 9 10
cat_threshold=2 2 24 4 4 2 4 8 4 18
is_linear=0
shrinkage=0.04


Tree=100
num_leaves=63
num_cat=7
split_feature=7 12 8 8 8 0 16 0 9 2 15 14 8 14 0 6 9 0 8 8 8 8 0 1 8 9 1 0 9 9 6 11 0 16 11 8 6 9 11 8 8 8 8 5 9 9 8 6 8 6 1 1 0 11 8 1 1 1 8 6 8 16
split_gain=2.76207 1.66558 2.49058 3.98505 3.53313 10.0739 3.86547 3.5728 3.5596 3.48091 3.12545 3.17397 3.22489 2.98255 3.95579 3.57949 4.03788 7.75372 3.22074 2.85781 2.80449 2.57686 4.08924 5.01116 2.27101 4.7682 10.0115 4.88002 4.21165 2.31129 3.04373 2.23469 2.2528 2.18015 3.01219 2.17928 3.27539 2.10452 2.48108 3.71508 4.73424 2.97979 2.46677 2.09431 3.70973 2.56065 2.98817 5.29031 2.68095 2.11209 4.26794 4.9575 2.0322 4.37409 2.01639 2.60715 1.99512 3.97253 5.71676 5.41092 3.42606 3.43973
threshold=2.5000000000000004 0 34.500000000000007 32.500000000000007 35.500000000000007 12.500000000000002 1 12.500000000000002 4.8500000000000005 1.0000000180025095e-35 2 3 24.500000000000004 4 12.500000000000002 1.0000000180025095e-35 4.5500000000000007 12.500000000000002 37.500000000000007 38.500000000000007 23.500000000000004 30.500000000000004 12.500000000000002 21.500000000000004 23.500000000000004 4.7500000000000009 21.500000000000004 7.5000000000000009 4.3500000000000005 4.7500000000000009 2.5000000000000004 1.0000000180025095e-35 7.5000000000000009 5 1.0000000180025095e-35 36.500000000000007 1.0000000180025095e-35 4.7500000000000009 1.0000000180025095e-35 31.500000000000004 28.500000000000004 27.500000000000004 25.500000000000004 1.0000000180025095e-35 4.1500000000000012 4.6500000000000012 24.500000000000004 5.5000000000000009 33.500000000000007 5.5000000000000009 20.500000000000004 16.500000000000004 12.500000000000002 1.0000000180025095e-35 37.500000000000007 8.5000000000000018 17.500000000000004 19.500000000000004 34.500000000000007 1.0000000180025095e-35 25.500000000000004 6
decision_type=2 1 8 10 8 10 9 10 8 2 1 9 10 9 8 2 10 10 10 8 10 8 10 2 10 10 2 10 8 8 2 8 10 9 10 10 2 8 10 8 8 8 8 2 8 8 10 2 10 2 2 2 8 10 8 2 2 2 8 2 10 9
left_child=1 35 3 10 5 31 7 8 -6 13 11 12 20 19 -15 -16 54 -18 -19 -8 52 22 23 33 29 26 28 -27 -26 30 -13 -4 -33 -14 -35 43 -37 38 41 40 42 -12 -40 56 -45 48 47 -47 -46 -48 51 -51 -3 -54 -17 -56 60 59 -59 -58 -1 -62
right_child=-2 2 4 -5 6 -7 9 -9 -10 -11 37 24 21 14 15 16 17 18 -20 -21 -22 -23 -24 -25 25 27 -28 -29 -30 -31 -32 32 -34 34 -36 36 -38 -39 39 -41 -42 -43 -44 44 45 46 49 -49 -50 50 -52 -53 53 -55 55 -57 57 58 -60 -61 61 -63
leaf_value=-0.018801575331234281 0.00022529537507739851 -0.022419882222221701 0.064971086252071486 -0.022444622979340589 -0.023135718743979725 -0.036516361919439431 0.045454750684761153 0.055648426784387646 0.026091308806036544 0.024251714851225705 -0.035670594602548525 0.06842032633361167 0.036970514459009882 -0.031240496647185929 -0.04812502961969746 -0.047442298836017027 0.061256255459043889 0.020531317199261469 -0.046648212194837932 -0.011930895858281585 -0.048119040992497288 -0.016940764612638552 0.039297904936520044 -0.048496198947221639 0.011548788388426432 0.054799624884027669 0.051768771054877309 -0.0021459231678010969 -0.047856406977934036 -0.00064732745428284599 0.017657457131670096 0.0083035328111433042 0.047924239022569141 0.029393914155482911 -0.014143222305748165 -0.046613814963316402 -0.0057134840352465544 -0.019875368119075965 -0.0051054911617206726 0.045769625761935516 -0.033013963930661416 -0.00081049763026323437 0.023756853720395949 -0.032991262220291716 0.011934670771285199 0.046283536553548194 -0.015306935392070632 -0.006996479785424046 0.044275200488398447 0.0094569912079091427 0.041351026784472021 -0.048998839427942302 0.039218687993253697 -0.016900964711103163 -0.01741523143034274 0.036401902121324804 -0.018804050365663353 0.00087861892949035324 -0.035787012640996763 0.021498540635784297 -0.0063011706619236409 0.018221808941938041
leaf_weight=23.956270273774862 6532.2440353482962 11.05857059359551 3.0786106586456308 24.892093978822231 4.1540494337677929 4.1587176322937003 2.6459330320358276 2.8631046339869508 5.4125003740191469 4.6818589940667144 8.3304073363542521 2.9440017938613856 3.5230279937386513 15.933812387287615 2.7331546768546131 2.4269828349351892 4.0854860097169858 2.1862136870622635 2.3901955522596836 2.9217357821762562 3.7782805934548369 7.7868948057293883 5.6367997825145713 2.8410819619894019 2.5669704526662835 4.3611787930130941 2.8982989341020575 5.3757869228720665 7.4555352628231057 4.1971911042928705 5.2781520783901215 5.2392364740371704 4.0875403359532356 3.8861825615167707 7.3544272184371948 3.4869830161333075 30.840254213660955 31.501068361103535 12.723312564194211 2.6307346969842902 6.7592873573303214 7.4157955199480066 7.5489600524306288 3.5096419230103484 14.976624339818956 6.1371899135410768 13.076876014471056 5.7993985414505005 5.6478631794452658 8.9445516020059603 4.1392688192427149 3.1348209157586089 3.405134402215479 6.3964649140834808 6.9334579259157181 1.8179024830460546 6.6456232592463484 58.925035908818245 7.6919540315866461 26.922917567193508 38.122574351727962 12.042517021298407
leaf_count=210 25908 89 20 216 39 36 18 20 42 31 77 17 25 162 27 24 27 17 25 29 34 66 38 25 22 29 17 42 68 34 39 39 26 30 61 37 265 268 102 18 61 60 53 37 99 37 99 43 32 61 22 27 25 52 72 16 59 436 66 192 288 80
internal_value=-2.81943e-06 -0.00274048 -0.00488949 -0.0075103 0.000971971 0.0173602 -0.00346457 0.0164477 0.00471563 -0.00854086 -0.00529295 0.000300138 -0.00560514 -0.0120242 -0.0159809 -0.0052096 0.000702348 0.021202 -0.0145556 0.0153406 -0.0164093 0.00297404 0.00964635 0.000152306 0.0097573 0.00222204 -0.0137072 0.0233599 -0.0326415 0.0235046 0.0358335 0.0354215 0.0256676 0.00951412 0.000908742 -0.000426521 -0.00986817 -0.0105583 -0.00642002 0.000392338 -0.00402382 -0.019253 0.00564223 0.000907965 0.00701389 0.00928371 0.00352777 0.0203974 0.0207909 -0.00334583 0.00629824 -0.00571338 -0.0106659 0.00259534 -0.0151824 -0.00623591 -0.0013818 0.00229913 -0.00335499 0.0135198 -0.00635709 -0.00041424
internal_weight=7076.54 544.296 270.296 192.546 77.7505 16.5641 61.1864 12.4297 9.56655 48.7567 167.654 90.744 55.6669 44.0749 38.5072 22.5734 19.8402 8.6619 4.57641 5.56767 24.6385 31.0284 23.2415 17.6047 35.0771 22.6578 12.9208 9.73697 10.0225 12.4193 8.22215 12.4054 9.32678 14.7636 11.2406 274 34.3272 76.9096 45.4085 29.6623 27.0316 15.7462 20.2723 239.673 65.3662 61.8566 41.2321 11.9366 20.6245 29.2955 16.2186 12.0794 20.8602 9.8016 11.1783 8.75136 174.307 100.186 66.617 33.5685 74.1214 50.1651
internal_count=30236 4328 2238 1568 670 121 549 101 81 448 1352 713 445 417 370 208 181 69 42 47 200 245 179 141 268 178 107 71 90 90 56 85 65 116 91 2090 302 639 371 234 216 137 155 1788 457 420 289 80 131 209 110 88 166 77 112 88 1331 753 502 251 578 368
cat_boundaries=0 1 2 3 4 5 6 7
cat_threshold=25 4 12 4 2 4 1
is_linear=0
shrinkage=0.04


Tree=101
num_leaves=63
num_cat=2
split_feature=7 12 8 8 8 0 3 15 0 1 9 9 10 9 1 9 8 6 8 6 9 11 8 8 8 8 3 8 0 10 10 9 8 10 9 9 8 0 5 8 5 9 9 8 6 10 8 6 8 6 1 1 8 0 1 8 0 6 1 1 8 6
split_gain=2.56596 1.54988 2.30883 3.75277 3.23107 9.21122 5.86474 2.90414 2.78059 3.71155 3.67691 3.32774 4.52731 2.8183 2.90875 2.48512 2.17488 2.14032 2.02118 3.16258 1.98477 2.32575 3.34135 4.45914 2.8548 2.24055 1.9736 2.14981 3.94983 2.44531 2.36292 2.22004 1.97022 3.17875 2.29845 2.10853 2.74892 3.06937 1.96441 1.93354 1.92374 3.46444 2.31991 2.72554 4.72944 2.40406 3.24524 2.54651 2.13078 1.96029 3.86615 4.7097 1.90748 1.90472 3.10915 1.88924 3.89235 1.84844 1.84534 3.63364 5.40477 4.94068
threshold=2.5000000000000004 0 34.500000000000007 32.500000000000007 35.500000000000007 12.500000000000002 1.0000000180025095e-35 1 12.500000000000002 13.500000000000002 4.6500000000000012 4.8500000000000005 1.0000000180025095e-35 4.0500000000000007 20.500000000000004 4.9500000000000011 37.500000000000007 3.5000000000000004 36.500000000000007 1.0000000180025095e-35 4.7500000000000009 1.0000000180025095e-35 31.500000000000004 28.500000000000004 27.500000000000004 25.500000000000004 1.0000000180025095e-35 25.500000000000004 12.500000000000002 1.0000000180025095e-35 1.5000000000000002 4.8500000000000005 21.500000000000004 1.0000000180025095e-35 4.6500000000000012 4.8500000000000005 29.500000000000004 7.5000000000000009 1.0000000180025095e-35 29.500000000000004 1.0000000180025095e-35 4.1500000000000012 4.6500000000000012 24.500000000000004 5.5000000000000009 1.0000000180025095e-35 29.500000000000004 5.5000000000000009 24.500000000000004 5.5000000000000009 20.500000000000004 16.500000000000004 26.500000000000004 7.5000000000000009 17.500000000000004 28.500000000000004 12.500000000000002 1.5000000000000002 17.500000000000004 19.500000000000004 34.500000000000007 1.0000000180025095e-35
decision_type=2 1 8 10 8 10 2 1 8 2 10 8 2 8 2 10 10 2 10 2 8 10 8 8 8 10 2 8 10 2 2 8 10 2 8 8 8 8 2 10 2 8 8 10 2 2 10 2 10 2 2 2 8 8 2 8 8 2 2 2 10 2
left_child=1 18 3 7 5 6 17 26 9 -6 13 12 -12 -10 -15 16 -11 -4 40 -20 21 24 23 25 -9 -23 32 29 31 -28 -31 38 34 52 -3 36 37 -35 -29 -22 58 -42 45 44 -44 47 48 -43 -47 55 51 -51 -34 54 -21 -45 -57 -18 -1 61 -61 -60
right_child=-2 2 4 -5 8 -7 -8 20 10 15 11 -13 -14 14 -16 -17 57 -19 19 53 39 22 -24 -25 -26 -27 27 28 -30 30 -32 -33 33 35 -36 -37 -38 -39 -40 -41 41 42 43 49 -46 46 -48 -49 -50 50 -52 -53 -54 -55 -56 56 -58 -59 59 60 -62 -63
leaf_value=-0.0061317254227891286 0.00021628812618514206 0.03793535413467268 0.035809261600077753 -0.021866572525276566 0.013472880613254454 -0.035913832606580334 0.069430144747017114 -0.035100634271128833 0.03620667431146779 -0.041045612262948887 0.079302025961143205 -0.0082744610099176729 0.014781169445835636 -0.0038779721813067135 -0.048204483583348438 0.018696618001547333 0.01742293569818416 -0.0056605203246461802 -0.046318356357346387 0.0028327197544605475 -0.014466826197467506 -0.0049173687276459314 0.042798228956674622 -0.032418874936388252 -0.00077848695380290352 0.022487830320464145 -0.039752026965597972 -0.028630023195813613 0.028076402500302595 0.007625164000787275 -0.028734320935753527 0.022388679304090161 -0.031676370858069965 -0.023756975401975466 0.00096187107594109455 -0.010976408022919285 0.038706664479246769 0.016381259775577636 0.0070488929713321234 -0.039782773803080915 -0.03242483257597556 0.025463265310578284 0.043407843136007832 -0.037484535016487429 -0.0067444400094690037 0.028936607296943469 0.047335334788408491 -0.023543628872482462 -0.016820268548807606 0.009032785872898217 0.039024116883291021 -0.048580260706736031 -0.0012131495599002123 0.00042636519213207425 -0.046897313279856072 0.017979433188574753 -0.035586457991467611 -0.023715312424695555 -0.018273965717330223 0.000843038347623228 -0.035172358203681794 0.020375870694429855
leaf_weight=73.799339920282364 6532.1083423793316 5.7185006737709019 3.5860327258706111 24.535447996109724 6.3288125619292286 4.0613322220742694 4.5876288190484038 8.1311066001653636 2.3952899537980583 8.6202936172485405 2.7275147773325417 3.6780834197998056 4.806202694773674 18.438622634857897 2.717769391834735 2.169717349112033 2.3646868430078012 4.4777586683630943 3.3711948841810218 3.9920102357864398 25.127256214618686 12.682507067918786 2.6993781775236121 6.6110517978668204 7.4119755700230607 7.6537477076053611 5.2889599353075054 7.8916033245623112 6.4194371849298468 7.0830716937780362 4.7962725982069969 2.7767749428749093 5.9244588166475269 4.0465723425150015 5.0798196420073518 6.5915826186537734 5.7084947749972335 12.355867221951483 3.5932809114456177 5.9749111831188193 3.4297429583966723 3.2929841801524189 6.2789885103702527 4.049801968038083 5.775963231921196 3.701876148581503 7.4328546226024628 3.4992262348532677 2.9070679880678654 8.9890957996249217 4.2091535404324523 3.0373280346393576 7.3922509104013452 22.679797917604446 4.054565466940403 5.1641412302851668 3.7441207095980653 6.6963151916861534 6.566491186618804 58.954885061830282 7.5168868005275717 27.26289127022028
leaf_count=578 25908 39 26 216 48 36 26 77 20 88 17 31 40 170 25 16 22 33 37 34 215 102 18 61 60 53 45 71 44 54 38 19 51 35 42 53 41 94 27 53 37 21 37 32 43 23 41 25 21 61 22 27 60 189 42 36 31 72 59 436 66 192
internal_value=-3.31576e-06 -0.00264575 -0.00472464 -0.0072594 0.000917487 0.0164981 0.0333233 -0.00511281 -0.00335525 -0.0132009 0.00405934 0.0229138 0.0381404 -0.00491632 -0.0095722 -0.0217049 -0.0266627 0.0127814 -0.000413768 -0.00954081 -0.0102145 -0.00620096 0.000369598 -0.00388058 -0.0187336 0.00539685 0.000276172 -0.00666484 0.00202092 -0.0171278 -0.00705494 -0.00970713 0.00530243 0.00138608 0.020542 0.00887989 0.0147993 0.00647894 -0.0174671 -0.0193302 0.000867767 0.00671051 0.00887254 0.00337723 0.0193781 0.0197525 0.0292027 0.000215783 0.00880959 -0.00323001 0.00603002 -0.00551765 -0.0147659 -0.0055057 -0.0222256 -0.0148322 -0.00453418 -0.0129793 -0.0013308 0.00220161 -0.00322972 0.0128737
internal_weight=7074.97 542.861 269.15 191.494 77.6561 16.7128 12.6514 166.959 60.9433 26.1798 34.7635 11.2118 7.53372 23.5517 21.1564 19.851 17.6813 8.06379 273.71 34.0976 76.2919 45.1898 29.6467 26.9473 15.5431 20.3363 90.6669 37.8494 20.6811 17.1683 11.8793 14.2617 52.8175 42.0192 10.7983 28.7025 22.1109 16.4024 11.4849 31.1022 239.613 65.5123 62.0826 41.2486 12.055 20.834 14.0418 6.79221 6.60894 29.1936 16.2356 12.0264 13.3167 30.7264 8.04658 12.9581 8.90826 9.061 174.1 100.301 66.4718 33.8294
internal_count=30236 4328 2238 1568 670 121 85 1352 549 246 303 88 57 215 195 198 182 59 2090 302 639 371 234 216 137 155 713 298 161 137 92 117 415 334 81 223 170 129 98 268 1788 457 420 289 80 131 85 46 44 209 110 88 111 265 76 99 67 94 1331 753 502 251
cat_boundaries=0 1 2
cat_threshold=25 12
is_linear=0
shrinkage=0.04


Tree=102
num_leaves=63
num_cat=4
split_feature=7 12 8 8 8 0 3 15 14 8 8 0 14 1 9 9 10 9 1 8 0 1 8 9 1 0 9 3 9 3 0 4 11 6 6 8 0 6 8 11 6 6 4 1 9 5 5 11 9 11 8 0 8 1 0 3 0 0 9 8 0 9
split_gain=2.38155 1.43895 2.14032 3.53437 2.95512 8.43802 5.09747 2.7024 2.81086 2.90208 2.70794 2.58769 3.67688 6.26631 3.34377 2.9729 3.88107 2.56096 2.79757 2.42722 3.50899 4.73269 2.0654 4.31396 9.19513 4.37325 4.04718 2.38092 1.99153 4.51861 3.59118 2.15788 1.93928 3.44073 2.92516 2.7974 2.46432 1.92041 1.87597 3.05772 2.07286 1.86408 1.85584 1.83526 2.00639 2.81439 2.66884 2.86331 2.21139 2.77656 2.20126 2.843 2.50659 4.04397 6.20637 2.89215 3.25602 3.38763 2.28179 2.02435 1.81687 3.27992
threshold=2.5000000000000004 0 34.500000000000007 32.500000000000007 35.500000000000007 12.500000000000002 1.0000000180025095e-35 1 2 24.500000000000004 23.500000000000004 12.500000000000002 3 13.500000000000002 4.6500000000000012 4.8500000000000005 1.0000000180025095e-35 4.0500000000000007 20.500000000000004 30.500000000000004 12.500000000000002 21.500000000000004 23.500000000000004 4.7500000000000009 21.500000000000004 7.5000000000000009 4.3500000000000005 1.0000000180025095e-35 4.8500000000000005 1.0000000180025095e-35 12.500000000000002 1.0000000180025095e-35 1.5000000000000002 2.5000000000000004 5.5000000000000009 29.500000000000004 12.500000000000002 3.5000000000000004 36.500000000000007 1.5000000000000002 1.0000000180025095e-35 3.5000000000000004 1.0000000180025095e-35 1.0000000180025095e-35 4.1500000000000012 1.0000000180025095e-35 1.0000000180025095e-35 1.5000000000000002 3.6500000000000008 1.0000000180025095e-35 33.500000000000007 12.500000000000002 25.500000000000004 21.500000000000004 7.5000000000000009 1.0000000180025095e-35 7.5000000000000009 12.500000000000002 4.7500000000000009 28.500000000000004 7.5000000000000009 4.6500000000000012
decision_type=2 1 8 10 8 10 2 1 9 10 8 8 9 2 10 10 2 8 2 10 10 2 10 10 2 10 8 2 10 2 8 2 10 2 2 10 10 2 10 10 2 2 2 2 10 2 2 8 8 10 10 8 10 2 10 2 8 10 8 10 10 8
left_child=1 38 3 7 5 6 37 8 9 10 28 12 -6 -14 17 16 -16 -13 -19 20 21 -11 27 24 26 -25 -24 -10 29 31 -30 -3 33 42 35 36 -35 -4 43 40 -40 -38 -9 -1 45 48 47 -46 -45 -50 52 58 53 54 -48 56 -54 -58 -52 -49 61 -42
right_child=-2 2 4 -5 11 -7 -8 32 22 19 -12 14 13 -15 15 -17 -18 18 -20 -21 -22 -23 23 25 -26 -27 -28 -29 30 -31 -32 -33 -34 34 -36 -37 41 -39 39 -41 60 -43 -44 44 46 -47 50 59 49 -51 51 -53 55 -55 -56 -57 57 -59 -60 -61 -62 -63
leaf_value=-0.00891066586445915 0.00020764085627807314 -0.013182625678275771 0.03362290473315542 -0.021298131909145122 0.026417000920439939 -0.035320033619384981 0.064323176218100075 -0.019439967206185595 0.036203663584669095 0.0092018179176495407 -0.04763588845350375 0.033954844103337371 0.01628796331404174 -0.031321820249318774 0.072889882418623431 -0.0079851774816657971 0.014053927400518465 -0.003732700615962778 -0.047829187453198467 -0.01666888133143889 0.036158503779540371 -0.048044867990613048 0.01072869091076357 0.050837714358055418 0.048128744724313173 -0.0025308411845005904 -0.047520384223011781 0.00065159157430810062 -0.019739065097239387 -0.048503717863459722 0.043123041637411444 0.02965671596178359 0.017071498429188269 0.010510891558676589 -0.026792635207998492 -0.021014201327884834 0.012772588578753302 -0.0054520620883837349 -0.046005238339280323 0.034608079702107761 -0.047025588929197615 -0.029334464780975553 -0.047023340575752304 0.028761252150108069 0.0015353189174758587 -0.045907665956685433 0.062173138849599976 -0.050547366537692658 0.026406769127833827 -0.02853071193328803 0.025973342196982968 0.046971098408635337 -0.018507965145473398 -0.017925339915514829 0.0069395820707389656 -0.017799814474501671 0.041892284037998072 -0.0080785540271960093 -0.018074433373023571 -0.0077643626798166174 0.00054690180767614648 -0.0061191291337322562
leaf_weight=27.412474293261766 6531.9779250174761 7.1733196154236847 3.6647725403308886 24.189783956855536 3.331492941826582 3.9663609936833373 4.7502720803022376 17.674729287624363 7.5971799269318563 14.812267810106286 3.6164671182632437 2.4507937096059349 6.0365279540419641 16.550571005791426 2.8461724258959276 3.6592682749032974 4.851752981543541 18.390968114137653 2.6312781423330298 7.7336229272186747 5.8002756610512725 2.7376721426844588 2.5941897630691537 4.5015300214290601 2.9772209972143164 5.4082651287317276 7.2206562682986268 4.9959025457501411 3.1084866896271697 5.0772551521658889 2.7319769188761711 2.5501243770122528 3.695904813706874 22.801952041685585 9.3910073488950712 9.4346715211868268 2.4887934774160376 4.4633069932460785 2.7046416029334095 2.3678526729345313 4.6693602614104757 5.1904359981417656 5.0086361914873114 2.6454166099429104 135.45195395871997 3.1610221192240706 5.2033092901110676 2.826294567435979 2.0122848972678193 5.4815527871251106 5.030416645109649 5.4260833263397226 4.3828289881348601 4.0217144712805739 8.6930835470557195 10.770536806434393 5.8388292863965034 3.4550498649477959 3.0061937570571908 4.7327438145875931 14.571556780487297 9.5512881204485893
leaf_count=227 25908 59 26 216 25 36 26 157 53 116 34 20 45 176 17 31 40 170 25 66 38 25 22 29 17 42 68 37 23 45 21 18 27 174 83 83 20 33 31 18 48 45 50 25 998 38 27 23 18 57 30 29 31 24 60 82 36 25 21 37 125 80
internal_value=-3.6877e-06 -0.00255279 -0.00456104 -0.00701201 0.00086893 0.0156932 0.0314045 -0.00493425 0.000258558 -0.00533839 -0.0157073 -0.0032416 -0.0128118 -0.0185978 0.00387996 0.0216976 0.0358075 -0.00474091 -0.0092521 0.00275343 0.00918612 0.000271721 0.00910767 0.00190089 -0.0134463 0.0217119 -0.0321244 0.0220995 -0.0101132 -0.0179181 0.00966576 -0.00194734 -0.00988139 -0.0126377 -0.00670644 -0.00198076 0.00391056 0.012166 -0.00040202 -0.00922898 -0.0125245 -0.0156878 -0.0255306 0.000829038 0.00208759 -0.0129534 0.00309368 0.000198261 -0.0026796 -0.0137786 0.0105107 0.0246006 0.00603326 0.0173981 0.027621 -0.0022964 0.00991268 0.0233154 0.00949673 -0.0237608 -0.00937948 -0.0195508
internal_weight=7073.5 541.522 268.106 190.512 77.5935 16.8447 12.8784 166.323 90.6364 55.3415 24.2576 60.7488 25.9186 22.5871 34.8302 11.3572 7.69793 23.473 21.0222 31.0838 23.3502 17.5499 35.2949 22.7019 12.7921 9.9098 9.81485 12.5931 20.6412 14.8007 5.84046 9.72344 75.6861 71.9902 49.3069 39.9159 30.4812 8.12808 273.416 33.8647 31.4968 7.67923 22.6834 239.552 212.139 13.3003 198.839 143.011 10.1393 7.49384 55.828 13.4627 42.3654 17.9181 13.8964 24.4472 13.6767 9.29388 8.03661 7.55904 28.7922 14.2206
internal_count=30236 4328 2238 1568 670 121 85 1352 713 445 200 549 246 221 303 88 57 215 195 245 179 141 268 178 107 71 90 90 166 122 44 77 639 612 405 322 239 59 2090 302 284 65 207 1788 1561 138 1423 1058 100 75 365 80 285 111 87 174 92 61 51 60 253 128
cat_boundaries=0 1 2 3 4
cat_threshold=25 12 4 2
is_linear=0
shrinkage=0.04


Tree=103
num_leaves=63
num_cat=3
split_feature=7 12 8 8 8 0 3 16 2 0 9 9 9 0 9 5 8 6 0 1 1 9 5 5 11 9 11 8 6 8 1 0 3 0 0 8 1 8 8 6 8 0 8 8 8 0 3 8 1 0 3 1 10 9 16 8 1 8 0 6 11 9
split_gain=2.21142 1.33781 1.98596 3.32523 2.70567 7.80851 4.2328 3.54485 2.95176 2.84053 3.21757 2.34043 1.95577 5.85602 4.42751 3.98379 1.74186 2.99519 1.728 3.03887 1.69711 1.86394 2.71845 2.44187 2.67617 2.02245 2.58971 1.99281 2.55529 2.28627 3.67967 5.47894 2.68118 2.9787 3.03272 1.96231 1.61811 3.67391 3.07174 1.57316 2.12045 1.84111 1.5592 4.19907 1.54884 3.28013 2.8647 1.89556 6.13884 4.25406 4.03428 3.02671 4.05799 4.52722 3.94952 4.16163 3.76448 2.57469 2.58272 2.32896 2.98644 2.12245
threshold=2.5000000000000004 0 34.500000000000007 32.500000000000007 35.500000000000007 12.500000000000002 1.0000000180025095e-35 1 1.0000000180025095e-35 12.500000000000002 4.8500000000000005 4.6500000000000012 4.4500000000000011 inf 4.5500000000000007 1.0000000180025095e-35 36.500000000000007 1.0000000180025095e-35 7.5000000000000009 17.500000000000004 1.0000000180025095e-35 4.1500000000000012 1.0000000180025095e-35 1.0000000180025095e-35 1.5000000000000002 3.6500000000000008 1.0000000180025095e-35 33.500000000000007 5.5000000000000009 25.500000000000004 21.500000000000004 7.5000000000000009 1.0000000180025095e-35 7.5000000000000009 12.500000000000002 28.500000000000004 18.500000000000004 37.500000000000007 37.500000000000007 1.5000000000000002 33.500000000000007 7.5000000000000009 28.500000000000004 34.500000000000007 21.500000000000004 7.5000000000000009 1.0000000180025095e-35 23.500000000000004 17.500000000000004 12.500000000000002 1.0000000180025095e-35 19.500000000000004 1.0000000180025095e-35 4.5500000000000007 2 27.500000000000004 17.500000000000004 34.500000000000007 1.0000000180025095e-35 2.5000000000000004 1.0000000180025095e-35 4.6500000000000012
decision_type=2 1 8 10 8 8 2 9 2 10 8 8 10 8 10 2 10 2 8 2 2 10 2 2 8 8 10 10 2 10 2 10 2 8 10 10 2 8 8 2 10 8 10 8 10 10 2 10 2 10 2 2 2 10 9 8 2 8 10 2 10 8
left_child=1 16 3 -3 5 6 -4 9 12 10 -6 -7 -9 14 -14 -16 20 -18 19 -19 42 22 25 24 44 -22 -27 29 -29 30 31 -25 33 -31 -35 -26 38 -38 -20 40 -5 -41 -1 -44 45 46 -23 48 -46 50 -50 52 54 -54 55 -49 -57 58 -53 60 -60 -61
right_child=-2 2 4 39 7 11 -8 8 -10 -11 -12 -13 13 -15 15 -17 17 18 36 -21 21 23 -24 27 35 26 -28 28 -30 32 -32 -33 -34 34 -36 -37 37 -39 -40 41 -42 -43 43 -45 47 -47 -48 51 49 -51 -52 57 53 -55 -56 56 -58 -59 59 61 -62 -63
leaf_value=-0.0011869068559716891 0.00019933911967274582 -0.004765858389797502 0.015565019075137645 -0.029830683439826707 -0.022039476128136243 0.0004058235074168977 0.067722100394025209 -0.021368953708872453 0.021705036795414891 0.049848135478907041 0.025106340845887747 -0.048140750650499504 0.038028232794962251 0.032426608937582001 -0.033923119090632926 0.007700431204913513 -0.045860341789610078 0.0033651316322673226 -0.036428223952333728 -0.046498873689945118 0.027078911411187775 -0.017821039904684425 -0.045651267168035865 0.058058974961154697 -0.050050354073687506 0.024921937629595364 -0.027958086013651122 0.00028786177609960373 0.03638812503142011 -0.017944784329338423 -0.017348608300433336 0.0066359663860782216 -0.017270192182138301 0.039376470940685672 -0.007790883263568903 -0.007488504318590862 0.049021658137614013 -0.0047956480184663444 0.0045953873262218024 -0.047643667595461646 0.015917450485848052 -0.018786287466194311 -0.041104591817147831 0.011621273643019877 -0.023788672676452471 -0.029555781380418741 0.034059221662383989 -0.023657044762507209 0.046260991001111272 0.067542331968279537 -0.018552852011081405 -0.030150712725476862 0.031075260646948273 -0.0062087575885238343 0.05917870450888521 0.0096316419560496889 0.054247064992704423 -0.031502096669280021 -0.014508091656640831 -0.036609784785032649 0.020031289455643427 -0.0019908528390367663
leaf_weight=17.028441440314058 6531.8525823652744 165.65187789872289 6.1485106498003024 2.8829549476504353 4.0165459662675831 3.9872698187828055 4.1834412515163422 18.149493265897036 4.7975001931190482 2.9916845560073861 5.4708761610090741 2.6415606252849102 2.2829981893301072 5.4799422398209563 12.061170909553768 5.2938968464732161 3.1811942383646956 3.957122094929221 4.2379013076424608 3.865934032946825 2.6962993368506405 3.3000442385673505 3.0537893846631041 5.3460732251405743 2.7418922111392012 2.0461709611117849 5.3723044469952583 4.9080724269151661 8.6947327330708504 4.3404392302036277 3.9898524656891814 8.7264867871999723 10.65909942612052 5.960806131362915 3.4396390095353127 4.7112488150596619 3.0919900499284241 5.9067207276821145 9.3933736532926559 4.9648931473493603 3.7035591080784798 12.303499370813368 6.320042617619035 3.9130105674266824 4.2001696676015845 7.3599613904953003 3.5186632424592972 3.864922001957896 3.0360104516148549 3.7442086413502693 3.1111681535840034 4.9274577423930159 6.1265992596745482 34.86054814606905 3.5731246620416668 10.019967615604399 4.3350289463996878 5.8849681913852683 5.6643499732017526 3.8825754597783062 13.676056012511253 10.487321771681309
leaf_count=145 25908 1352 44 27 39 30 22 193 31 20 42 25 17 38 127 42 37 34 37 42 25 28 38 27 23 18 57 33 47 31 24 60 82 36 25 37 23 54 75 49 27 113 54 28 38 59 23 31 17 20 24 38 41 269 19 68 27 51 43 31 96 75
internal_value=-4.06952e-06 -0.00246374 -0.00440544 -0.00677657 0.000823778 0.0149442 0.0366836 -0.00313189 -0.00806364 0.0158634 0.00514693 -0.0189398 -0.0113644 -0.0041354 -0.0143379 -0.0212265 -0.000390156 -0.00892844 -0.00507044 -0.0212763 0.000792523 0.00199918 -0.0125755 0.0029632 0.000189664 -0.00258947 -0.0133727 0.0100387 0.0233627 0.00577034 0.016558 0.0261712 -0.00221538 0.00946296 0.0221179 -0.0231463 0.000531812 0.0136962 -0.00815867 -0.0207392 -0.00410677 -0.0270832 -0.0086026 -0.0209428 0.00147256 -0.0110375 0.00895077 0.00293371 0.0167266 0.0339306 0.0134579 0.00112236 0.00677979 -0.000635688 0.0207264 0.0131855 0.0231049 -0.00685502 -0.00310099 0.000852889 0.00991552 -0.0113445
internal_weight=7072.02 540.167 267.012 189.507 77.5049 16.9608 10.332 60.5441 48.065 12.4791 9.48742 6.62883 43.2675 25.118 19.6381 17.3551 273.156 33.6342 30.453 7.82306 239.522 212.26 13.1686 199.091 143.026 10.1148 7.41848 56.0652 13.6028 42.4624 18.0624 14.0726 24.4 13.7409 9.40045 7.45314 22.63 8.99871 13.6313 23.8549 6.58651 17.2684 27.2615 10.2331 135.573 14.1787 6.81871 121.394 14.0916 9.89139 6.14718 107.303 62.7802 40.9871 21.793 18.2199 14.355 44.5227 38.6378 33.7103 19.3404 14.3699
internal_count=30236 4328 2238 1568 670 121 66 549 448 101 81 55 417 224 186 169 2090 302 265 76 1788 1561 138 1423 1058 100 75 365 80 285 111 87 174 92 61 60 189 77 112 216 54 162 227 82 998 110 51 888 99 61 41 789 455 310 145 126 95 334 283 245 139 106
cat_boundaries=0 1 2 3
cat_threshold=25 4 1
is_linear=0
shrinkage=0.04


Tree=104
num_leaves=63
num_cat=12
split_feature=7 12 6 1 1 11 17 0 11 14 16 11 0 6 16 3 9 6 9 9 14 1 0 9 6 9 1 6 6 9 4 6 6 14 9 9 3 9 14 1 9 11 3 9 11 9 0 14 9 1 1 0 16 9 16 0 1 11 0 14 3 1
split_gain=2.0531 1.23606 1.45317 3.13869 7.45003 2.51052 1.60404 1.47537 1.59174 1.42163 4.34076 6.08099 2.06874 5.20573 4.82257 7.96835 4.20653 3.03459 2.98863 2.52299 3.37103 2.54807 1.88129 2.35246 1.68758 1.56261 6.13799 5.51691 2.38155 1.3184 1.18022 5.94607 2.66905 3.12753 5.80705 3.133 2.6161 2.59501 2.35068 7.23435 2.54309 1.93669 2.02251 1.81177 1.64196 3.85565 3.85105 1.58719 1.8369 1.48307 3.86441 3.97644 3.43428 2.27101 1.58905 1.6034 1.99902 1.53602 6.30418 2.67616 1.19394 1.17923
threshold=2.5000000000000004 0 5.5000000000000009 20.500000000000004 15.500000000000002 1.0000000180025095e-35 1 7.5000000000000009 1.0000000180025095e-35 2 3 1.0000000180025095e-35 1.0000000180025095e-35 1.0000000180025095e-35 4 1.0000000180025095e-35 4.7500000000000009 3.5000000000000004 4.6500000000000012 4.8500000000000005 5 13.500000000000002 12.500000000000002 4.8500000000000005 3.5000000000000004 4.1500000000000012 20.500000000000004 1.5000000000000002 2.5000000000000004 4.6500000000000012 1.0000000180025095e-35 1.0000000180025095e-35 1.0000000180025095e-35 6 4.4500000000000011 3.3500000000000001 1.0000000180025095e-35 4.8500000000000005 7 20.500000000000004 4.1500000000000012 1.0000000180025095e-35 1.0000000180025095e-35 4.9500000000000011 1.0000000180025095e-35 4.7500000000000009 inf 8 4.6500000000000012 19.500000000000004 17.500000000000004 inf 9 4.5500000000000007 10 7.5000000000000009 20.500000000000004 1.0000000180025095e-35 7.5000000000000009 11 1.0000000180025095e-35 10.500000000000002
decision_type=2 1 2 2 2 10 9 10 8 9 9 8 10 2 9 2 10 2 8 8 9 2 10 8 2 8 2 2 2 10 2 2 2 9 10 10 2 10 9 2 10 10 2 8 8 10 8 9 10 2 2 8 9 10 9 8 2 10 10 9 2 2
left_child=1 2 6 4 7 -5 30 29 -9 10 11 24 13 -11 16 18 17 -15 61 21 -21 -20 23 -13 -3 26 28 -28 -14 -4 31 36 41 35 -35 -34 -1 44 39 -33 -40 -32 -43 -39 46 -46 -36 -38 -49 50 -42 52 -52 -51 55 56 -55 58 -54 -59 -37 -16
right_child=-2 9 3 5 -6 -7 -8 8 -10 12 -12 22 25 14 15 -17 -18 -19 19 20 -22 -23 -24 -25 -26 -27 27 -29 -30 -31 32 38 33 34 37 60 47 43 40 -41 49 42 -44 -45 45 -47 -48 48 -50 53 51 -53 57 54 -56 -57 -58 59 -60 -61 -62 -63
leaf_value=-0.039947717104547795 0.00019136917682071168 0.067615668158590464 0.019029610323375336 0.0022406886943090983 -0.028823681199747146 0.042176631218190853 -0.029714280682707903 0.049507645667789701 0.014012432158951663 -0.037539633763536626 -0.028217584468581542 -0.025579101075594992 -0.035693222467254503 0.065790105001745341 -0.039771184669999009 0.039307443734161431 -0.013874771924654004 0.018845469650434189 0.032387419642623247 0.0011784797632143091 -0.046307609665433173 -0.014723656939608334 0.022981018282097018 0.017182111060830445 0.02618559058593839 -0.0083139760343822616 0.081258714224240705 0.0023205311402007774 0.0028156283769578505 -0.0090254098155944547 -0.015596807829450547 -0.031186841413505893 0.016897104901798979 -0.045815887756134883 -0.018065640607402046 -0.014739071065997304 0.010406169673150176 0.038186006863412267 -0.016131558130546567 0.045869610799343472 0.0029516818707487321 0.0032195978828221078 0.040848274804083984 0.0022198755816098511 0.0057904739874717857 -0.049923517207218382 0.045207538771148699 -0.0007085871675523754 -0.046726765146607549 -0.026838698330490719 0.041391809202849468 0.064158342257225831 0.040196295249323707 0.048543429284471862 -0.015224169887218687 0.00061881189654221637 0.0044688139685448618 -0.0061437135420381421 -0.036975729374086906 0.028551685134102629 -0.03084120992885506 -0.0062176251602880737
leaf_weight=7.1423740088939676 6531.7321271896362 2.969552434980872 5.0076294913888031 4.3082562088966352 9.6505015753209573 6.0629245638847351 3.2035277076065531 3.0402934700250599 6.0317168384790429 4.8297343589365473 5.0291809290647533 6.2980094328522656 4.4520963132381457 4.3404558748006803 6.1624690070748347 6.2069912850856772 2.8589752763509759 4.4742421135306358 5.0198117494583157 7.2044873088598251 3.5807815827429277 2.8970017805695534 3.4427555650472632 3.0579217597842225 3.3451498225331306 175.77837005630136 2.5856233015656462 3.1331232413649559 6.076883252710104 5.7660136222839355 3.080316245555875 8.7116160169243795 4.0270953588187686 3.6280895546078709 3.0436836108565339 20.449266910552979 4.2165912166237831 5.9724535122513744 8.3695398308336717 2.511373609304429 56.001363940536976 4.8193006590008736 4.346857026219368 3.5867817774415025 5.9134265333414078 2.9934790283441544 3.1134058386087418 2.9838443845510483 2.5947532542049885 4.6322388052940395 6.5133142322301865 3.0093366652727118 2.7726198136806568 3.0981010124087325 5.4715654626488748 12.083213225007055 3.5140210092067719 5.6846065372228622 4.3522919192910194 9.5039789080619794 11.517494421452286 2.3018510118126869
leaf_count=72 25908 19 35 27 81 30 40 20 39 46 43 53 46 27 57 44 23 33 39 65 40 23 24 25 25 1484 12 32 59 42 27 74 40 42 22 165 33 34 91 14 416 37 27 23 39 24 20 23 27 39 41 16 18 21 38 90 23 41 37 61 101 19
internal_value=-4.3932e-06 -0.00237768 -0.000383081 0.00665943 4.28584e-06 0.025587 -0.00160525 0.0140227 0.0259079 -0.00424831 0.00484761 0.0135478 -0.00533173 0.00192638 0.00615774 -0.00158278 0.0282868 0.0419615 -0.0109254 -0.00199993 -0.0145872 0.0151481 -0.00230007 -0.0116029 0.0456685 -0.00721694 0.00465145 0.0380109 -0.0134675 0.00401467 -0.00121315 0.000813247 -0.00527082 -0.00853307 0.00142868 -0.016352 -0.021538 0.00838989 0.00359221 -0.0139439 0.00516659 0.011843 0.0210642 0.0246909 -0.00195434 -0.0129342 0.0139292 -0.00811421 -0.0221129 0.00669489 0.00927759 0.0204052 0.0158376 -0.00118233 0.0037354 0.0092843 0.0251199 0.00837833 -0.00694466 0.0155663 -0.0205406 -0.0306464
internal_weight=7070.51 538.775 272.729 39.8673 29.4962 10.3712 232.862 19.8457 9.07201 266.045 24.1426 19.1134 241.903 49.8768 45.0471 33.3734 11.6737 8.8147 27.1664 18.7021 10.7853 7.91681 12.7987 9.35593 6.3147 192.026 16.2477 5.71875 10.529 10.7736 229.658 153.167 76.4917 64.2452 28.2513 35.9939 16.9376 24.6232 136.229 11.223 125.006 12.2465 9.16616 9.55924 15.064 8.90691 6.15709 9.79519 5.5786 116.637 87.8375 31.8361 28.8268 28.7991 24.1669 18.6953 6.61212 22.3135 7.12491 15.1886 31.9668 8.46432
internal_count=30236 4328 2090 274 217 57 1816 136 59 2238 189 146 2049 416 370 287 83 60 243 167 105 62 102 78 44 1633 149 44 105 77 1776 1175 601 510 204 306 155 162 1020 88 932 91 64 57 105 63 42 83 50 841 630 214 198 211 172 134 44 157 55 102 266 76
cat_boundaries=0 1 2 3 4 5 6 7 8 9 10 11 12
cat_threshold=25 1 2 1 4 4 4 2 8 4 1 8
is_linear=0
shrinkage=0.04


Tree=105
num_leaves=63
num_cat=11
split_feature=7 11 12 1 8 14 3 9 16 14 5 16 1 1 6 6 1 0 9 1 8 1 1 9 10 1 14 0 8 8 6 8 12 0 5 8 12 8 9 16 0 10 14 15 9 1 6 8 10 11 11 9 6 8 9 1 6 0 6 6 1 1
split_gain=1.438 1.25611 4.01813 6.28707 5.14541 5.88308 4.55729 4.18614 3.55911 6.34706 4.43217 3.19113 6.18807 3.83318 3.68713 3.09026 4.26014 5.44296 3.51767 3.07144 2.91455 4.97104 3.45075 3.81352 5.1528 4.14299 3.20625 2.68943 2.5068 2.22226 3.24621 3.30481 3.3982 3.18039 3.99519 3.07066 2.7812 3.79086 2.82482 2.73064 2.58749 3.95161 4.70789 2.77393 3.41686 2.98016 2.94505 2.782 3.01825 2.56852 2.55739 2.56884 2.27835 4.17409 2.68621 2.25628 4.24401 4.09622 6.71631 3.19852 2.73593 2.25595
threshold=2.5000000000000004 1.0000000180025095e-35 0 13.500000000000002 28.500000000000004 1 1.0000000180025095e-35 4.8500000000000005 2 3 1.0000000180025095e-35 4 8.5000000000000018 16.500000000000004 1.5000000000000002 3.5000000000000004 18.500000000000004 7.5000000000000009 4.6500000000000012 17.500000000000004 35.500000000000007 16.500000000000004 8.5000000000000018 4.7500000000000009 1.0000000180025095e-35 18.500000000000004 5 7.5000000000000009 27.500000000000004 27.500000000000004 1.0000000180025095e-35 25.500000000000004 6 7.5000000000000009 1.0000000180025095e-35 20.500000000000004 7 34.500000000000007 3.9500000000000006 8 inf 1.0000000180025095e-35 9 10 4.6500000000000012 21.500000000000004 1.5000000000000002 37.500000000000007 1.5000000000000002 1.0000000180025095e-35 1.5000000000000002 4.2500000000000009 3.5000000000000004 26.500000000000004 4.7500000000000009 20.500000000000004 5.5000000000000009 7.5000000000000009 2.5000000000000004 1.0000000180025095e-35 19.500000000000004 16.500000000000004
decision_type=2 8 1 2 10 9 2 10 9 9 2 9 2 2 2 2 2 10 10 2 10 2 2 8 2 2 9 10 10 10 2 10 1 8 2 8 1 10 10 9 8 2 9 1 10 2 2 8 2 10 8 10 2 10 8 2 2 10 2 2 2 2
left_child=1 2 3 -1 11 -6 8 -8 9 10 -5 15 -13 -14 -15 16 17 18 -4 -17 22 -22 -7 24 -24 -25 -26 -21 -10 30 39 32 33 34 -32 -35 55 49 -39 -3 43 -42 -43 44 45 -40 -46 48 -48 -38 51 -45 54 -54 -33 59 57 -57 -59 -31 -61 -51
right_child=-2 29 4 6 5 20 7 -9 28 -11 -12 12 13 14 -16 19 -18 -19 -20 27 21 -23 23 25 26 -27 -28 -29 -30 36 31 52 -34 35 -36 -37 37 38 40 -41 41 42 -44 50 46 -47 47 -49 -50 61 -52 -53 53 -55 -56 56 -58 58 -60 60 -62 -63
leaf_value=-0.035312781324534227 6.2971667875755735e-05 -0.048327045642373223 -0.045827301764143992 -0.047676980315652741 0.046692204844379637 -0.030224253914032207 -0.030650740612811395 0.011277737886349682 0.047428483504971045 0.028523727766756796 0.019524343123014817 0.048743781457099067 -0.048476891934384141 0.038368757991550602 -0.011480927549963564 -0.041623055693768729 -0.023623801957039781 0.055864339654910618 0.0197517300442283 0.01039692897448379 0.02346712904766883 -0.029477731187956106 -0.0077220279139492889 0.023317681611442688 0.019630881137016366 -0.028655649009630201 0.06090158204203789 -0.034482197706000924 0.00041762583421469035 -0.035200742693805936 -0.02136461161471075 0.04850633547747106 -0.0070505350697657714 -0.015000032915503314 0.02657438755938385 0.015678838420077092 0.022892163703410184 -0.033774505688877444 -0.018159068428770832 -0.0061205846879556301 -0.013211731930492921 0.0022400899879971288 0.063514155272257886 0.010348871384584903 0.052434740595414565 0.024908194043540718 0.0081030946205957553 -0.018836253710305628 0.057208842343767045 -0.0042523615628976118 0.015540079532854023 -0.028305447828909373 0.021594319177611877 -0.018774268564246334 0.011698993938695839 -0.016174772579934493 0.057525886205440878 0.04916335261594252 -0.0088666512789333969 0.0048127371637531726 -0.023558562480165669 -0.018483014976331921
leaf_weight=16.740404091775417 6534.114212974906 3.0288252755999565 2.3138173595070857 5.5470509231090546 6.0501961633563042 2.8775208219885853 14.735578045248987 5.1384877637028685 4.5830864161252984 5.1899953708052635 2.1903533451259136 4.0896602943539646 2.8600999489426604 3.3774170503020269 7.9908513426780701 9.9233067482709902 8.1383379027247411 3.4311392828822136 3.0127585045993328 4.9270923025906068 4.2915560603141776 8.3737927302718145 4.7810564488172593 4.6840970888733846 5.7262579202651978 5.1543372608721256 6.3537324517965299 3.7720356211066246 3.0046882256865501 4.1204993650317183 10.770151294767855 6.1301273703575143 38.102095603942871 5.8886188790202132 3.7499756067991248 45.975147146731615 3.1804013624787322 3.6672943234443656 10.090386919677259 12.891697432845829 4.0642840415239325 3.7351132482290268 4.3345552012324315 3.3957970142364564 3.5044054500758675 3.4496790468692771 6.9090568199753726 3.5962794758379468 2.8201223462820053 26.680859640240669 3.707534607499837 14.482794988900421 11.587071888148786 6.3409266471862784 6.5751632899045953 7.6712787412107053 3.0478118658065787 6.5301555842161161 6.2409458607435226 45.475643638521433 6.1770471073687068 53.69211084023118
leaf_count=158 25926 28 27 52 37 26 136 43 29 40 17 28 26 22 64 101 71 27 26 36 37 84 38 34 41 46 41 34 22 41 89 40 303 47 23 340 18 41 93 111 32 25 27 29 28 29 51 36 18 209 28 126 75 46 48 62 15 44 49 334 55 469
internal_value=-0.000101099 -0.00208319 -0.00506711 -0.0125115 0.000293544 0.00980197 -0.00615871 -0.01981 0.007066 -0.00569824 -0.0286532 -0.0081812 0.00537949 -0.00708471 0.003329 -0.0151749 -0.00278816 0.0165739 -0.00873522 -0.0264133 0.00451833 -0.0115378 0.0113938 0.0158792 0.0274268 -0.00391105 0.0413381 -0.00906314 0.0288126 -0.000837907 0.00293352 0.00494642 0.00155921 0.00657286 -0.00898386 0.0121956 -0.00330842 -0.00624934 0.000368336 -0.0141502 0.00232202 0.0189531 0.0351529 -0.00156205 0.00584658 -0.00718658 0.019806 0.0112251 0.022337 -0.0123639 -0.0100419 -0.0209636 0.0164997 0.00731641 0.029458 0.00274749 0.0134931 0.0069281 0.0208054 -0.00128565 0.00141987 -0.013759
internal_weight=7074.99 540.873 159.259 57.1296 102.129 48.2925 40.3892 19.8741 20.5152 12.9274 7.7374 53.8365 18.318 14.2284 11.3683 35.5185 16.8961 8.75772 5.32658 18.6224 42.2424 12.6653 29.577 26.6995 16.861 9.83843 12.08 8.69913 7.58777 381.614 151.04 135.119 104.486 66.3839 14.5201 51.8638 230.574 151.311 67.7573 15.9205 64.09 12.134 8.06967 51.9561 30.3699 13.5401 16.8299 13.3255 9.72918 83.5534 21.5861 17.8786 30.6333 17.928 12.7053 79.2634 23.4902 20.4424 12.7711 55.7732 51.6527 80.373
internal_count=30278 4352 1343 497 846 384 339 179 160 109 69 462 140 112 86 322 151 80 53 171 347 121 226 200 120 80 82 70 51 3009 1150 1011 802 499 112 387 1859 1259 563 139 522 84 52 438 255 122 133 105 69 696 183 155 209 121 88 600 170 155 93 430 389 678
cat_boundaries=0 1 2 3 4 5 6 7 8 9 10 11
cat_threshold=48 2 1 4 1 8 53 24 4 8 9
is_linear=0
shrinkage=0.04


Tree=106
num_leaves=63
num_cat=8
split_feature=7 8 10 6 9 9 6 1 16 9 0 8 12 6 0 8 9 6 12 9 5 8 6 9 12 10 7 6 0 9 1 1 9 9 0 9 0 10 8 8 10 1 0 7 10 1 6 5 8 10 17 9 10 0 17 8 5 17 0 15 8 9
split_gain=1.34539 0.89489 4.91402 1.72532 3.04737 1.955 1.36239 0.879168 3.42191 5.05123 4.52596 3.72157 8.11714 5.98525 5.52509 5.1698 3.52859 4.03025 3.27528 5.17392 3.38527 3.23637 3.21768 3.14736 3.06381 2.99066 2.8614 3.91435 2.85825 2.78812 6.51729 3.96426 2.6349 7.19242 4.20908 2.61361 2.59449 5.28065 2.57677 2.57041 3.92537 2.7122 2.754 2.45892 4.63191 3.62866 4.80006 4.21854 3.89458 3.5334 2.34694 2.7948 3.63556 2.33149 4.05222 4.23893 4.09634 3.74731 3.92882 3.63391 4.78442 4.97898
threshold=2.5000000000000004 20.500000000000004 1.5000000000000002 1.5000000000000002 4.6500000000000012 4.6500000000000012 3.5000000000000004 17.500000000000004 0 4.1500000000000012 12.500000000000002 36.500000000000007 1 2.5000000000000004 12.500000000000002 38.500000000000007 4.6500000000000012 1.0000000180025095e-35 2 4.4500000000000011 1.0000000180025095e-35 29.500000000000004 5.5000000000000009 4.7500000000000009 3 1.0000000180025095e-35 3.5000000000000004 3.5000000000000004 12.500000000000002 4.4500000000000011 1.0000000180025095e-35 10.500000000000002 4.4500000000000011 4.5500000000000007 12.500000000000002 4.5500000000000007 1.0000000180025095e-35 1.0000000180025095e-35 38.500000000000007 36.500000000000007 1.0000000180025095e-35 12.500000000000002 12.500000000000002 3.5000000000000004 1.5000000000000002 1.0000000180025095e-35 2.5000000000000004 1.0000000180025095e-35 30.500000000000004 1.0000000180025095e-35 4 3.6500000000000008 1.5000000000000002 12.500000000000002 5 38.500000000000007 1.0000000180025095e-35 6 7.5000000000000009 7 38.500000000000007 4.0500000000000007
decision_type=2 8 2 2 10 10 2 2 9 8 8 10 1 2 10 8 8 2 1 10 2 10 2 8 1 2 2 2 10 10 2 2 10 10 8 10 10 2 10 10 2 2 8 2 2 2 2 2 10 2 9 10 2 10 9 10 2 9 8 1 10 8
left_child=1 2 3 4 -1 -5 -7 8 9 10 -2 -11 15 14 -14 -13 17 21 19 20 26 24 23 -15 -10 -12 27 28 -19 30 -23 -32 -26 -34 -35 39 37 -22 -21 50 41 42 -41 45 49 46 48 -48 -37 -45 -20 52 -52 57 56 -56 -55 58 -9 -59 61 -61
right_child=7 -3 -4 5 -6 6 -8 53 16 11 25 12 13 22 -16 -17 -18 18 35 38 36 29 -24 -25 32 -27 -28 -29 -30 -31 31 -33 33 34 -36 43 -38 -39 -40 40 -42 -43 -44 44 -46 -47 47 -49 -50 -51 51 -53 -54 54 55 -57 -58 59 -60 60 -62 -63
leaf_value=0.045550167275033922 -0.0375897313473844 -0.0016555304040296996 -0.039990346848307698 -0.027978636754118706 -0.011347179934290668 0.023314842849867047 -0.0094546985421858579 0.019535511433317786 -0.0069342705850488975 -0.0010882452054633014 -0.025311565122993013 -0.0024120130961064897 -0.02498143570555135 -0.019950853548945463 -0.070029778877101878 0.03216188145001514 -0.00094106417463341073 0.011145798309764801 -0.021468625904604792 -0.0091411218165407173 0.0059921193268960395 -0.011087564854344992 -0.038703036704333713 0.0089795195640053511 -0.0098735819694770327 0.012245770569887507 -0.01042892148940461 0.031272542693869025 -0.012789062676165678 0.0057290807874534255 0.049122549380924724 0.019526667703886638 0.046343546572679667 -0.02616462662391128 0.018918393085318851 0.018470889902906299 0.00082955868702962578 -0.048086822105385202 0.01308298149505607 0.0096612096996402785 -0.018045071413566555 0.022975912525312656 -0.020728180876261576 0.02296953343891087 0.037095090131264559 0.0012574513121653655 0.039506055823178517 0.0081721058237872735 -0.024301393214795772 -0.011416519050689251 0.047059098205065174 0.0020546478264905229 0.0035685741760786089 -0.023969619432879147 0.0018351464118464647 0.013382709330122262 0.014193426570181043 0.0011299713839034605 0.00013638008954811918 -0.012054611893348182 -0.013317997105605734 -0.00078568898396254511
leaf_weight=3.1606534570455613 12.469546347856523 514.2635352499783 6.2972586527466765 4.7242338210344306 2.8771667331457138 3.483860567212103 4.8640764728188515 31.155134961009026 28.997992217540741 576.98448811471462 6.0689426213502866 24.30485700070858 15.034895911812784 10.946058601140981 6.1331248879432669 9.6742096543312055 1424.2593160420656 43.979811102151871 6.399031400680542 132.3372136503458 5.5941290855407697 8.3068810105323774 5.2049484997987738 13.360605284571646 6.8012130409479168 7.6917422115802765 11.029643699526785 12.986059427261351 9.7531696110963804 36.928268849849701 10.328103780746458 24.229197010397911 8.971160814166069 5.6573458909988394 7.9975519776344308 6.3731887489557248 26.033695459365845 5.974478617310524 8.9092762619256956 10.109650179743772 26.845511242747307 8.0620900392532331 9.0359134674072248 9.1495372205972672 11.519138634204866 122.57845158874989 14.440460041165352 13.121340855956078 7.3161036670207977 10.014798045158386 5.1949824392795545 227.17140829563141 7.5376396179199219 17.718807756900791 981.57623784244061 53.641761422157288 6.0322421491146079 1185.8656201958656 36.011469915509224 66.538309141993523 56.81336373090744 1096.9060156792402
leaf_count=21 55 4143 57 39 28 27 37 117 118 2298 26 97 64 46 29 35 5663 169 27 538 22 34 23 52 28 30 45 47 40 144 36 91 31 24 30 24 103 27 34 39 112 30 38 34 41 484 51 51 31 41 18 896 31 75 3875 205 23 4689 143 274 234 4364
internal_value=-9.80842e-05 -0.00201758 -0.00934573 0.000752498 0.0184372 -0.00741578 0.00422108 6.04532e-05 -0.00044286 -0.00291985 -0.0201352 -0.00223736 -0.0100691 -0.0182096 -0.0380335 0.00574176 0.000293483 0.00226982 0.00111521 -0.00250862 0.00367885 0.00854723 -0.0101607 -0.00404874 0.00139424 -0.00431833 0.00844434 0.0115644 0.00680134 0.0137848 0.0207249 0.028372 0.00892483 0.01852 0.000240096 0.0029846 -0.00617453 -0.0219363 -0.00773931 0.000705585 -0.00719332 0.00351398 -0.00468132 0.00665718 0.0170492 0.00471086 0.0149727 0.0245889 -0.00438832 0.00500025 0.00243906 0.00307676 0.021313 0.000488183 0.00205871 0.00243351 -0.014277 -0.000184258 0.00913464 -0.000444394 -0.00196752 -0.00143017
internal_weight=7073.75 539.671 25.4072 19.11 6.03782 13.0722 8.34794 6534.08 3001.82 687.873 26.2302 661.643 84.6587 50.6796 21.168 33.9791 2313.94 889.684 751.467 256.597 115.351 138.218 29.5116 24.3067 58.4253 13.7607 77.7487 66.719 53.733 79.7925 42.8642 34.5573 29.4273 22.6261 13.6549 494.869 37.6023 11.5686 141.246 300.356 54.0532 27.2077 19.1456 194.513 30.6835 163.83 41.2511 27.5618 13.6893 19.1643 246.303 239.904 12.7326 3532.26 1058.97 1035.22 23.751 2473.29 67.1666 2406.12 1220.26 1163.44
internal_count=30278 4352 209 152 49 103 64 25926 11927 2755 111 2644 346 214 93 132 9172 3509 2973 1025 453 536 121 98 231 56 301 256 209 305 161 127 113 85 54 1948 152 49 572 1191 219 107 77 757 116 641 157 102 55 75 972 945 49 13999 4178 4080 98 9821 260 9561 4872 4638
cat_boundaries=0 1 2 3 4 5 6 7 8
cat_threshold=4 48 10 44 2 2 2 5
is_linear=0
shrinkage=0.04


Tree=107
num_leaves=63
num_cat=16
split_feature=7 11 12 1 8 14 3 9 16 14 16 1 1 8 1 1 9 10 1 14 8 9 0 8 0 1 14 1 8 1 12 0 1 15 16 14 3 11 12 9 14 1 9 8 14 1 1 2 0 12 8 9 1 9 10 9 1 16 9 8 8 10
split_gain=1.2419 1.17282 3.76457 6.01165 4.739 5.26539 4.24339 3.96979 3.24351 5.87204 2.97468 5.49806 3.66705 2.68454 4.64459 3.1949 3.43819 4.59072 3.92663 2.76119 2.45366 2.29658 2.4481 3.36664 2.11249 3.88701 4.63094 3.40676 2.06965 2.58651 3.58626 4.31104 4.77527 3.20348 4.9845 3.04388 4.219 2.83802 3.18499 3.68673 3.57358 2.81223 2.55055 2.44268 3.65707 5.00038 3.54994 2.7603 2.70556 2.60217 2.42 2.53095 2.27488 2.19276 2.19032 2.02473 2.0081 2.33795 1.99343 1.93268 1.9522 1.90364
threshold=2.5000000000000004 1.0000000180025095e-35 0 13.500000000000002 28.500000000000004 1 1.0000000180025095e-35 4.8500000000000005 2 3 4 8.5000000000000018 16.500000000000004 35.500000000000007 16.500000000000004 8.5000000000000018 4.7500000000000009 1.0000000180025095e-35 19.500000000000004 5 32.500000000000007 4.2500000000000009 12.500000000000002 22.500000000000004 7.5000000000000009 18.500000000000004 6 17.500000000000004 27.500000000000004 16.500000000000004 7 12.500000000000002 20.500000000000004 8 9 10 1.0000000180025095e-35 2.5000000000000004 11 4.3500000000000005 12 17.500000000000004 4.6500000000000012 25.500000000000004 13 11.500000000000002 17.500000000000004 1.0000000180025095e-35 inf 14 31.500000000000004 4.2500000000000009 19.500000000000004 4.3500000000000005 1.5000000000000002 4.8500000000000005 11.500000000000002 15 4.6500000000000012 28.500000000000004 38.500000000000007 1.5000000000000002
decision_type=2 8 1 2 10 9 2 10 9 9 9 2 2 10 2 2 8 2 2 9 10 10 10 10 8 2 9 2 10 2 1 10 2 1 9 9 2 8 1 8 9 2 10 10 9 2 2 2 8 1 10 10 2 8 2 10 2 9 8 10 8 2
left_child=1 2 3 -1 10 -6 8 -8 9 -5 21 -12 -13 15 -15 -7 17 -17 20 -19 -18 -4 23 -23 27 26 -26 -25 43 37 31 41 54 50 -35 36 58 38 40 -40 -30 -31 -38 47 -45 -46 -47 49 -49 -3 -32 -52 -48 -51 -33 -43 57 -41 -36 -37 -61 -42
right_child=-2 28 4 6 5 13 7 -9 -10 -11 11 12 -14 14 -16 16 18 19 -20 -21 -22 22 -24 24 25 -27 -28 -29 29 30 33 32 -34 34 35 59 42 -39 39 56 61 55 -44 44 45 46 52 48 -50 53 51 -53 -54 -55 -56 -57 -58 -59 -60 60 -62 -63
leaf_value=-0.034711624679506066 5.7790285902512426e-05 0.0059170573702589883 -0.045273016557453929 -0.028066281651324809 0.043912232692522445 -0.029591887227384872 -0.030017783287583168 0.010837406610885414 0.027323615467017507 0.026878318089078031 0.045347111665320211 -0.04807084663347231 0.0033095608409831707 0.022261741600205918 -0.028858768034478014 -0.0073894868906310904 -0.012022065778896663 0.018719612647285295 -0.034997929736285405 0.056626974256156565 0.039832494469753586 -0.031363117862872103 -0.032811621946834235 -0.046833685070033021 0.0036791880480930412 -0.019173395400171492 0.069441160168291549 0.0068219061998016544 0.027353843285029225 -0.035065286950823171 -0.015902425782939961 -0.013476973220760783 0.044608565640102987 -0.042991947827118952 -0.047487243755746561 -0.048311719090511372 0.024892565192209899 0.040073193740209352 0.025215800646208139 0.004243549395947079 0.0069546630275636682 -0.0056250488399946161 -0.0086754780884019736 0.051929231871599611 0.036245207994652827 -0.036012739656437705 0.023392480622423217 -0.038196707872305252 0.013599139014951245 0.022432540039729304 -0.01986110630988578 0.017001074229673441 -0.0048237692601592452 -0.010540072266163531 0.031090144155923993 0.021288312916590345 0.0026692436499670836 -0.026234434612937424 -0.0070249603212040185 -0.013341545185536111 -0.046334618152262266 -0.020317178475206688
leaf_weight=16.304503560066223 6533.5864577293396 70.878658667206764 3.5284668691456309 7.5798322111368179 6.1822999492287636 2.8163326457142857 14.415668312460186 5.1700969636440268 7.6962954699993142 5.2800193727016449 4.2080104649066952 2.7631258442997924 11.359112814068792 4.3545038923621169 8.1958885230123979 4.7541999667882981 2.6270755156874639 5.783959724009037 3.8774612322449684 6.5630713962018472 3.2865734472870827 6.0806236416101518 6.6471642926335326 2.9402610212564486 3.964701235294342 3.5784263461828232 3.0171810090541822 5.3175170570611954 12.932717502117157 4.2186920195817974 7.7146316692233112 5.7257984988391382 7.3189925588667384 9.4943059422075748 3.3366817831993094 3.1807159632444373 9.4006976857781392 3.1270765960216513 4.60143769532442 5.1979435607790947 21.019157499074939 21.141491960734133 5.8911725282669076 3.3585540950298309 7.5659263283014324 3.8979681730270412 7.3353246673941639 5.4678590819239608 2.2890796363353729 3.5596696659922591 3.628536973148587 16.67850873991847 12.13449317216873 34.533766038715839 2.5502808764576912 5.6725510135292998 9.2746461406350118 17.876326385885481 4.6813852116465577 36.811042867600918 3.112030003219842 5.086149036884307
leaf_count=158 25926 522 44 69 37 26 136 43 51 40 28 26 86 37 84 38 21 41 36 41 23 57 62 30 35 32 22 40 88 42 65 48 49 90 33 29 74 16 33 36 155 183 47 20 50 33 47 52 15 28 37 130 88 295 20 41 63 150 36 318 35 41
internal_value=-9.44495e-05 -0.0019399 -0.00483354 -0.0120876 0.000340357 0.00943345 -0.00590966 -0.0192332 0.00678488 -0.00550704 -0.00784393 0.00521482 -0.00674342 0.00438937 -0.0111219 0.0109421 0.0151871 0.0260092 -0.00371496 0.0388693 0.0167967 -0.0146686 -0.0112454 -0.00548792 0.00287304 0.0147243 0.0320979 -0.0122827 -0.000736721 -0.0031283 -0.0062054 0.00322314 0.0210715 -0.00980244 -0.0140335 -0.0120068 -0.000361975 0.00272746 0.0011906 -0.00652034 0.00808769 -0.00470769 0.0119605 0.00290038 0.0122861 0.00798189 -0.00116909 0.000143092 -0.0229117 0.0017842 0.00233563 0.0104144 0.00580681 -0.005908 0.000256422 6.85132e-05 -0.0130502 -0.0193687 -0.0238632 -0.0183041 -0.0159134 0.00164124
internal_weight=7072.57 538.987 158.292 56.4464 101.846 48.4414 40.1419 19.5858 20.5561 12.8599 53.4046 18.3302 14.1222 42.2591 12.5504 29.7087 26.8923 17.1012 9.79111 12.347 5.91365 35.0743 31.5459 24.8987 18.8181 10.5603 6.98188 8.25778 380.694 229.673 150.558 46.6278 15.5951 103.93 75.908 66.4137 23.3099 79.1155 75.9884 36.9504 39.038 31.0327 15.2919 151.021 34.2923 30.9337 23.3678 116.729 7.75694 108.972 28.0217 20.307 19.4698 38.0934 8.27608 26.814 32.3489 23.0743 8.01807 43.1038 39.9231 26.1053
internal_count=30278 4352 1343 497 846 384 339 179 160 109 462 140 112 347 121 226 200 120 80 82 44 322 278 216 159 89 57 70 3009 1859 1277 383 117 894 662 572 190 582 566 282 284 266 121 1150 238 218 168 912 67 845 232 167 135 323 68 224 249 186 69 382 353 196
cat_boundaries=0 1 2 3 4 5 6 7 8 9 10 11 12 13 14 15 16
cat_threshold=48 2 1 4 1 8 4 48 1 4 8 14 8 2 57 4
is_linear=0
shrinkage=0.04


Tree=108
num_leaves=63
num_cat=7
split_feature=7 11 12 1 8 3 9 6 8 16 8 1 6 6 4 1 6 6 8 3 6 9 8 8 6 8 12 8 16 12 8 9 11 1 3 9 6 6 9 1 8 13 10 5 6 8 9 10 4 9 6 8 15 1 9 1 8 9 3 9 6 6
split_gain=1.15098 1.0962 3.50622 5.75627 4.37124 3.96068 3.75808 2.96132 3.26545 2.94387 2.80288 4.14242 3.42447 2.67988 7.04513 6.05963 2.50334 2.13257 2.61063 5.11882 2.34618 2.26961 2.15565 1.92248 3.03704 2.74313 3.1181 2.69999 2.61736 2.50655 3.41975 2.64014 2.36707 2.26319 3.14468 2.7561 4.55083 3.5718 3.26027 2.34468 2.4187 2.06193 2.70739 3.55104 2.04309 3.86769 2.33447 2.02602 3.08617 2.35363 2.88617 3.19271 1.99263 6.409 2.63614 2.99648 3.73403 2.78059 5.92062 3.9439 2.69009 2.74935
threshold=2.5000000000000004 1.0000000180025095e-35 0 13.500000000000002 28.500000000000004 1.0000000180025095e-35 4.8500000000000005 1.0000000180025095e-35 25.500000000000004 1 35.500000000000007 16.500000000000004 3.5000000000000004 4.5000000000000009 1.0000000180025095e-35 21.500000000000004 2.5000000000000004 5.5000000000000009 24.500000000000004 1.0000000180025095e-35 2.5000000000000004 4.8500000000000005 22.500000000000004 27.500000000000004 1.0000000180025095e-35 25.500000000000004 2 20.500000000000004 3 4 34.500000000000007 3.9500000000000006 2.5000000000000004 16.500000000000004 1.0000000180025095e-35 4.4500000000000011 2.5000000000000004 1.0000000180025095e-35 4.2500000000000009 14.500000000000002 28.500000000000004 5 1.0000000180025095e-35 1.0000000180025095e-35 3.5000000000000004 26.500000000000004 4.7500000000000009 1.5000000000000002 1.0000000180025095e-35 4.9500000000000011 2.5000000000000004 20.500000000000004 6 1.0000000180025095e-35 4.6500000000000012 20.500000000000004 37.500000000000007 4.3500000000000005 1.0000000180025095e-35 4.1500000000000012 1.5000000000000002 3.5000000000000004
decision_type=2 8 1 2 10 2 10 2 8 9 10 2 2 2 2 2 2 2 8 2 2 10 10 10 2 10 1 8 9 1 10 10 8 2 2 10 2 2 10 2 10 9 2 2 2 10 10 2 2 10 2 10 1 2 10 2 8 10 2 10 2 2
left_child=1 2 3 -1 7 9 -7 8 -4 -5 13 -12 -13 14 -6 -15 -16 18 19 20 -9 -20 -22 24 28 26 27 -26 -3 41 32 -32 33 39 -35 37 -37 -36 -39 40 -31 42 -25 -44 46 -46 -27 49 -49 50 51 -28 53 -33 57 56 -56 58 59 -54 -59 -62
right_child=-2 23 4 5 10 6 -8 17 -10 -11 11 12 -14 15 16 -17 -18 -19 21 -21 22 -23 -24 29 25 44 47 -29 -30 30 31 52 -34 34 35 36 -38 38 -40 -41 -42 -43 43 -45 45 -47 -48 48 -50 -51 -52 -53 54 -55 55 -57 -58 60 -60 -61 61 -63
leaf_value=-0.034159668522337983 5.54789971522406e-05 -0.047942948704956939 -0.0089838504840961415 -0.0053194385199682708 0.037113839844577598 -0.029427616173768462 0.0103291959215092 0.042049812416055821 0.055171690300356742 0.025840711725122662 0.024103088417764172 -0.046639687612362542 0.001749236907775901 -0.030922208774007264 -0.027379413364370456 0.038813459230042556 0.014193472523281474 -0.031803170376880512 -0.023833364712269201 -0.022984235407139168 -0.01363851392507766 0.0088009626166237684 0.027115551376981038 0.0057279648454168029 -0.015426840975289331 0.044676310086803277 0.051335201751320274 0.010201091294180672 -0.006037207419512961 0.021248444822562652 -0.033115361697907131 0.04597851267637644 0.014794686740848679 -0.031372589714051567 0.034941490379976618 -0.047660708691940327 -0.0069537390155168747 -0.033832520831679307 0.021034721930168625 0.024574593014754623 -0.014586581126373437 0.0060625921164302269 -0.040614993491781284 0.016382884799709764 0.020047505044877775 -0.018722687732741668 0.010728683680316967 -0.036511184685787117 0.0044250598569066397 0.031661529082045843 -0.015322786072207488 -0.0071630326749594006 0.0033818294334810933 -0.024699223122712166 0.010664458661802032 -0.0061506746614095331 0.048058425084197158 -0.048255855583404596 -0.019860102225151749 0.067139838037187705 0.023441800912220315 -0.022138886038656626
leaf_weight=15.91320379078388 6533.5514986366034 2.9278975687921047 2.6791291683912268 12.804280627518892 16.663693264126778 14.122570671141149 5.2067255452275267 4.4043561629951027 2.4123980030417442 7.8100332170724878 4.8460800126194945 4.4941352903842908 4.8820375576615334 5.2357233017683011 4.5895199552178401 3.219692088663578 4.6813826188445091 6.5905114859342566 16.748169634491209 7.6362866312265387 4.3214999139308912 4.2813860252499572 3.9975758567452431 7.9879343286156681 7.4007633700966826 6.3240283355116862 2.5356506705284181 59.122400965541601 12.854328934103249 3.5800207033753457 3.5521631799638262 2.4566413760185251 5.0660658031702033 18.776863507926464 4.0985749587416667 6.3377590179443386 14.328322954475878 4.3191477991640568 2.8937274664640427 3.9246129542589179 19.047393068671227 61.945073451846838 6.8642663769423944 2.3467804864048958 11.763038620352747 6.3336844444274893 6.6484154537320137 8.0308560505509359 4.6543671712279311 2.9538255706429473 15.975728724151848 3.6295338124036789 2.8777564875781554 12.487240362912415 11.568287644535308 7.0860440991818896 6.7748388163745394 3.0835486613214007 5.2467183992266655 3.3702711388468742 3.3959483653306943 5.6234955638647079
leaf_count=158 25926 28 26 109 116 136 43 33 17 51 39 49 44 45 38 18 35 65 155 64 37 32 33 58 60 40 19 439 111 26 41 14 33 179 28 61 114 51 21 26 157 458 64 20 75 46 48 69 41 17 128 29 24 110 85 63 51 30 50 22 25 48
internal_value=-9.09256e-05 -0.00186976 -0.00467537 -0.0117178 0.00031461 -0.00571073 -0.0187183 -0.00759188 0.0214135 0.00648604 0.00901106 -0.0059245 -0.0214443 0.0151878 0.0215635 -0.00436794 -0.006387 -0.0106699 -0.00730477 0.00290504 0.0184431 -0.0171894 0.00594509 -0.000707207 0.00279413 0.00473007 0.00162241 0.00638947 -0.0138115 -0.00301791 -0.00583383 0.000450087 -0.0116932 -0.013429 -0.0183792 -0.0107496 -0.0194375 0.00512325 -0.0118204 -0.00396658 -0.0089169 0.00271003 -0.00715433 -0.0260931 0.0151629 0.0064783 0.0272781 -0.00669152 -0.0214912 -0.0018769 -0.00635127 0.0168964 0.00231391 -0.00783649 0.00581929 0.0159413 0.0244755 -0.00262224 0.0114671 0.0377738 -0.0160035 -0.00497711
internal_weight=7071.29 537.734 157.54 55.8568 101.684 39.9436 19.3293 53.0713 5.09153 20.6143 48.6123 14.2223 9.37617 34.39 25.9346 8.45542 9.2709 47.9798 41.3893 20.3597 12.7234 21.0296 8.31908 380.194 151.155 135.372 104.303 66.5232 15.7822 229.039 149.895 67.523 82.3725 77.3064 50.7544 31.9775 20.6661 11.3115 7.21288 26.552 22.6274 79.1441 17.199 9.21105 31.0692 18.0967 12.9724 37.78 12.6852 25.0947 22.1409 6.16518 63.9708 14.9439 49.0269 25.4292 18.3431 23.5977 11.4947 6.24803 12.103 9.01944
internal_count=30278 4352 1343 497 846 339 179 462 43 160 384 132 93 252 189 63 73 419 354 167 103 187 70 3009 1150 1011 802 499 139 1859 1259 563 696 663 454 275 175 100 72 209 183 600 142 84 209 121 88 303 110 193 176 48 522 124 398 199 136 199 96 46 103 73
cat_boundaries=0 1 2 3 4 5 6 7
cat_threshold=48 1 53 4 24 8 2
is_linear=0
shrinkage=0.04


Tree=109
num_leaves=63
num_cat=8
split_feature=7 11 15 1 9 8 8 12 8 1 8 3 8 6 6 8 8 6 10 1 6 16 16 8 1 1 9 9 8 9 0 10 9 1 8 6 16 8 12 0 5 8 12 8 9 0 10 8 15 9 1 6 8 10 11 9 11 6 5 1 3 9
split_gain=1.06634 1.02199 3.27336 4.03346 3.98552 3.4241 5.96121 3.34926 4.68118 3.75084 3.05384 2.83225 3.76242 5.00304 3.98914 4.10732 2.83059 3.86184 3.07189 3.79766 2.8087 2.73044 2.31456 3.79733 2.19266 2.12988 4.71883 2.01841 3.68156 2.014 1.87233 2.33094 1.9512 1.86188 1.76931 2.81196 2.52962 2.49854 2.87508 2.8872 3.70144 2.48962 2.34155 3.18901 2.48705 2.30395 3.50418 3.05549 2.41068 2.92832 2.73725 2.55544 2.59978 2.56193 2.32927 2.28614 2.19981 2.18163 3.73881 2.14168 3.01783 2.58055
threshold=2.5000000000000004 1.0000000180025095e-35 0 13.500000000000002 4.8500000000000005 27.500000000000004 32.500000000000007 1 25.500000000000004 19.500000000000004 29.500000000000004 1.0000000180025095e-35 33.500000000000007 4.5000000000000009 3.5000000000000004 29.500000000000004 29.500000000000004 1.5000000000000002 1.5000000000000002 21.500000000000004 3.5000000000000004 2 3 23.500000000000004 13.500000000000002 22.500000000000004 4.5500000000000007 4.8500000000000005 22.500000000000004 4.8500000000000005 7.5000000000000009 1.5000000000000002 4.7500000000000009 14.500000000000002 27.500000000000004 1.0000000180025095e-35 4 25.500000000000004 5 7.5000000000000009 1.0000000180025095e-35 20.500000000000004 6 34.500000000000007 3.9500000000000006 1.0000000180025095e-35 1.0000000180025095e-35 37.500000000000007 7 4.6500000000000012 21.500000000000004 1.5000000000000002 37.500000000000007 1.5000000000000002 1.5000000000000002 4.2500000000000009 2.5000000000000004 5.5000000000000009 1.0000000180025095e-35 16.500000000000004 1.0000000180025095e-35 4.4500000000000011
decision_type=2 8 1 2 10 10 10 1 10 2 10 2 10 2 2 10 10 2 2 2 2 9 9 8 2 2 10 10 8 10 8 2 10 2 10 2 9 10 1 8 2 8 1 10 10 10 2 10 1 10 2 2 8 2 8 10 8 2 2 2 2 10
left_child=1 2 3 4 5 21 -7 8 -4 20 -11 12 14 -14 15 22 29 -18 19 -19 33 -1 -5 -24 -22 26 -9 28 -16 -13 31 32 -28 -10 35 36 -3 38 39 40 -37 -41 -36 56 -45 46 -46 -48 49 50 -47 -51 53 -53 55 -50 59 58 -43 -44 -61 -62
right_child=-2 34 7 11 -6 6 -8 25 9 10 -12 16 13 -15 27 -17 17 18 -20 -21 24 -23 23 -25 -26 -27 30 -29 -30 -31 -32 -33 -34 -35 42 37 -38 -39 -40 41 -42 57 43 44 45 48 47 -49 54 51 -52 52 -54 -55 -56 -57 -58 -59 -60 60 61 -63
leaf_value=-0.037619135936481606 5.326011239609978e-05 -0.047581625448429254 -0.029282776634592986 0.049223614920499918 -0.046621686808548869 0.047758473881297794 -0.021717530361387821 -0.00018614000395592218 0.060015700094964687 0.019587477007482784 -0.03577962742835606 -0.020700398167275331 -0.035676205044943982 0.037697255995396084 0.034444942432446717 0.07432988868491909 -0.029257128282209891 0.034475937369473714 0.047975751299147551 -0.030766489940854822 -0.025823262137535826 0.0062854803458841993 0.039298740785238082 -0.028218743268771811 0.027033712941750068 0.0043012004201701086 -0.023278558116592511 0.035482925627476986 -0.019108319551827221 0.011545647088209569 -0.036238424547688053 -0.036056055186769471 0.027769220519484827 0.020336528317165824 0.0026243900633987809 -0.020896314894133797 -0.0058180395144341781 0.014435535962682138 -0.0064584448032134825 -0.0135292516110441 0.025100512577316891 0.011588313913032696 -0.0038227438239749763 -0.032560702797440222 -0.012756658153112166 -0.017576732204915776 0.00783680466423726 0.056618932454063464 0.009219300155992283 0.047801160325750616 0.023563017066908165 0.0074521338154039897 -0.019001792222349458 0.051999415399876993 0.014853618625598142 -0.027225123305692552 0.014103700637393541 -0.0062546913879923194 0.041335354259261596 -0.030786293162089022 0.0049029352743044218 -0.018913430559766423
leaf_weight=5.8745247721672067 6533.5179241299629 2.8340223580598831 5.3438648506999042 3.4295473322272301 4.5424788296222678 4.1744291335344306 3.752036951482296 11.632325381040571 3.977655842900278 2.823307789862155 3.6603744849562645 12.828618973493581 4.509719628840684 2.2182488963007927 2.9749179482459995 3.5978564172983161 2.8589329198002806 3.043357562273739 4.5195105336606503 2.6885999403893948 2.3312345147132874 3.6899596154689833 2.7962472736835533 2.5466263890266418 2.721758171916008 5.5809279754757872 2.2128021195530909 2.9125848039984694 6.6341845393180856 4.0861343890428534 22.351350329816341 4.3342743925750256 2.6124088503420353 3.6087141633033752 79.223336737602949 10.649120680987833 12.806017491966484 31.314163953065872 37.569786407053471 5.713244564831256 3.7973711192607871 31.067084882408381 26.473827481269836 3.4698442816734305 4.0279435291886321 9.9257649742066878 4.0172816067934018 4.2044870555400848 3.4270708300173345 3.6470864601433304 3.500205732882022 6.9670543819665873 3.6077101342380056 2.9360838085412979 3.7050207816064349 14.022048521786926 5.1009653285145751 6.9345911666750899 8.6405005045235139 18.377232044935226 11.31749787554145 20.399988245218992
leaf_count=64 25926 28 50 20 47 30 34 107 22 20 33 112 45 14 20 20 29 25 31 25 21 30 20 23 23 44 23 19 54 30 218 41 21 28 600 89 111 209 303 47 23 234 209 41 32 93 27 25 29 28 29 51 36 18 28 126 33 53 53 179 100 175
internal_value=-8.75148e-05 -0.00180173 -0.00451766 0.00129547 -0.013239 -0.00456933 0.0148716 -0.00997753 0.00270814 0.013064 -0.0116701 0.00670057 0.0150554 -0.0114846 0.0222288 0.0383394 -0.00209804 0.0118522 0.0233167 0.00387369 0.0257521 -0.0206808 0.0235786 0.00711722 0.00264777 -0.0157241 -0.0219591 0.00631303 -0.00252857 -0.0129106 -0.0299967 -0.0147654 0.00435913 0.041141 -0.000679601 0.00267468 -0.0133857 0.00452591 0.00155277 0.00611042 -0.0088057 0.0113933 -0.00290246 -0.00563659 0.000421564 0.00221008 0.0178088 0.0327832 -0.00148314 0.00538117 -0.00685143 0.0180894 0.010069 0.0206595 -0.00947302 -0.0200673 -0.0113307 0.0144461 0.0180614 -0.0130251 -0.0178883 -0.0104152
internal_weight=7070.06 536.546 156.87 83.6785 22.0334 17.491 7.92647 73.191 24.4669 19.123 6.48368 61.6451 31.6199 6.72797 24.892 12.3703 30.0252 13.1104 10.2515 5.73196 12.6394 9.56448 8.77242 5.34287 5.05299 48.7241 43.1432 12.5217 9.6091 16.9148 31.5108 9.15949 4.82521 7.58637 379.676 151.326 15.64 135.686 104.372 66.8019 14.4465 52.3554 228.35 149.127 67.4576 63.9878 12.2497 8.22177 51.738 30.5839 13.426 17.1579 13.5108 9.90314 21.1541 17.4491 81.6695 46.6422 39.7076 76.5685 50.0947 31.7175
internal_count=30278 4352 1343 692 205 158 64 651 197 147 53 487 235 59 176 83 252 110 81 50 94 94 63 43 44 454 410 93 74 142 303 85 44 50 3009 1150 139 1011 802 499 112 387 1859 1259 563 522 84 52 438 255 122 133 105 69 183 155 696 340 287 663 454 275
cat_boundaries=0 1 2 3 4 5 6 7 8
cat_threshold=12 10 1 4 4 53 24 9
is_linear=0
shrinkage=0.04


Tree=110
num_leaves=63
num_cat=9
split_feature=7 8 8 9 12 9 1 14 6 6 1 6 8 1 1 3 4 6 1 10 10 11 6 10 11 6 4 8 10 9 9 4 10 16 1 16 11 1 1 1 9 6 1 8 10 14 12 9 1 1 8 9 1 12 8 8 1 15 9 6 1 14
split_gain=3.24895 1.39884 1.37768 2.62856 2.34598 4.15743 7.72783 5.31089 4.27867 3.70592 4.8171 4.03881 3.74457 3.26879 2.76972 4.06019 2.546 2.33932 2.27424 2.19143 2.09254 1.67543 1.75217 1.64507 1.52087 1.52158 4.49509 4.02577 2.79831 3.99932 2.57458 2.58264 3.02411 3.0631 2.93579 3.11605 2.95873 2.9062 5.7064 6.17661 2.89809 2.75057 4.38616 3.70971 3.10518 2.81706 3.74886 3.13016 2.63259 2.61391 2.5152 2.43169 3.02488 2.56937 7.10316 4.70404 4.31875 3.61512 5.68896 3.69505 5.13129 6.16707
threshold=2.5000000000000004 44.500000000000007 23.500000000000004 3.1500000000000008 0 4.6500000000000012 19.500000000000004 1 2.5000000000000004 4.5000000000000009 17.500000000000004 5.5000000000000009 17.500000000000004 8.5000000000000018 20.500000000000004 1.0000000180025095e-35 1.0000000180025095e-35 1.0000000180025095e-35 15.500000000000002 1.0000000180025095e-35 1.0000000180025095e-35 inf 2.5000000000000004 1.5000000000000002 2.5000000000000004 1.0000000180025095e-35 1.0000000180025095e-35 27.500000000000004 1.5000000000000002 4.6500000000000012 4.1500000000000012 1.0000000180025095e-35 1.0000000180025095e-35 2 19.500000000000004 3 1.5000000000000002 17.500000000000004 9.5000000000000018 10.500000000000002 4.2500000000000009 5.5000000000000009 21.500000000000004 38.500000000000007 1.0000000180025095e-35 4 5 4.6500000000000012 22.500000000000004 18.500000000000004 29.500000000000004 4.3500000000000005 18.500000000000004 6 24.500000000000004 24.500000000000004 8.5000000000000018 7 4.6500000000000012 3.5000000000000004 18.500000000000004 8
decision_type=2 10 10 10 1 8 2 9 2 2 2 2 10 2 2 2 2 2 2 2 2 8 2 2 10 2 2 10 2 10 10 2 2 9 2 9 8 2 2 2 10 2 2 10 2 9 1 8 2 2 8 10 2 1 10 10 2 1 10 2 2 9
left_child=2 -2 4 -4 5 6 13 -7 -8 10 12 16 20 -1 17 -16 -11 -12 -13 -17 -6 24 -23 -15 25 26 27 -5 29 -28 -27 32 34 51 35 36 40 38 -35 -40 -32 43 -43 45 -44 -33 47 -47 -48 -42 -51 52 -34 55 -55 -53 -57 -58 -59 60 61 -60
right_child=1 -3 3 21 9 7 8 -9 -10 11 14 18 -14 23 15 19 -18 -19 -20 -21 -22 22 -24 -25 -26 30 28 -29 -30 -31 31 41 33 37 -36 -37 -38 -39 39 -41 49 42 44 -45 -46 46 48 -49 -50 50 -52 53 -54 54 -56 56 57 58 59 -61 -62 -63
leaf_value=0.023564045459488571 4.0092447747831008e-05 0.017579260416640135 -0.045305873113496535 -0.03796982500964026 0.034057466332986841 -0.0020072451400361254 0.070080721253167916 -0.033733045452877551 0.01397337117940544 0.056178445436184055 -0.0012065361730916936 0.018564029455515978 -0.027093045217589005 -0.03360221749895425 0.041851938862404736 -0.047761284100988788 0.012114895878982953 0.039474163417012924 -0.030797714687969855 -0.0012392295713028901 -0.0093724237844942642 -0.011614642403497508 0.023221096141526853 -0.0017772177210376499 -0.032692132648985302 -0.017233989604712049 0.0053518946644937823 0.00070494063632231421 -0.0010165511214279839 0.057433485933006213 0.036078850144348425 -0.022047401307146105 0.042900153458330204 -0.039099704080257862 -0.010171329487914398 0.025561487006695232 0.041276274272367283 -0.026617162938497474 0.052753289141978764 -0.0061031635706604763 -0.0066283686287201991 -0.032793458015077083 -0.010476823596164262 0.019913490487907276 0.036491324456897338 -0.022723429119601422 -0.013458162038540838 0.021698531238119857 -0.048548395275682381 0.04749135421624312 0.0013234468713680468 -0.047855474144735066 -0.0021808390022100398 0.035684734184404189 -0.016126498945645551 0.047667670507054782 0.011222402913248584 -0.040609508993397152 0.037445650920779401 -0.013659489258391855 0.061148252304204197 -0.047588135175130913
leaf_weight=3.4420948550105122 6516.1432900726795 7.2837591916322699 2.4845821447670451 5.3772848695516613 3.096393100917342 22.605149075388908 3.6717159375548345 13.474716525524853 5.3335498198866844 5.9355950206518155 3.1740185357630271 3.7435887381434432 12.261738378554581 6.6389149576425535 2.5799224004149419 2.4082295671105385 3.245136946439743 7.8685177117586136 2.4845314100384712 4.94997788220644 4.1597128547728062 3.442844979465006 7.022082157433033 4.2703820317983627 3.0283125191926947 25.921483881771564 4.3562068939208967 21.623627193272114 6.1836031861603251 5.1455759853124619 3.5126710385084143 40.60344722494483 4.1965635791420919 5.8033104240894344 17.191539447754622 13.431792110204695 3.1496571227908126 17.980964682996273 3.6724453568458584 12.783443264663218 33.767483592033386 3.3252015560865393 3.4409858360886556 5.2078224346041671 6.5187593027949333 3.2010773867368689 12.151245683431627 12.252450309693813 4.7611856982111922 3.0336539596319172 4.9996671676635751 2.7855163216590872 5.5059299245476723 4.6804800331592551 44.356074314564466 3.6176143139600745 24.137772064656019 6.9863634258508709 2.9000759050250053 11.424464389681814 3.2060815989971161 2.5774549096822756
leaf_count=25 25856 30 33 53 25 193 19 124 36 31 29 30 115 57 16 23 25 52 20 37 48 23 40 36 28 279 31 191 48 35 25 362 26 53 146 84 19 151 21 105 261 30 24 44 37 23 94 80 42 19 40 26 49 33 377 25 168 66 20 94 22 24
internal_value=-0.000184401 5.96759e-05 -0.00320516 -0.00428752 0.000658596 -0.00457447 0.00780429 -0.0138559 0.03685 0.00597202 0.000687801 0.023736 -0.0136152 -0.0104214 0.0139936 -0.00132616 0.0406032 0.0277811 -0.00112743 -0.0164652 0.00916038 -0.0040385 0.0117605 -0.0211445 -0.00445308 -0.00423701 0.00289613 -0.00699722 0.0199266 0.0335561 -0.00509937 -0.00413793 -0.00192408 -0.00514376 0.00445185 0.00851349 0.00378855 -0.0146569 -0.0049954 0.00703178 0.00118285 -0.00984311 0.00698405 -0.0127026 0.0202643 -0.0150304 -0.00622755 0.00758719 -0.0146654 -0.00174959 0.018758 -0.00185429 0.0173178 -0.00359811 -0.00928724 0.0024317 0.00542884 0.00244627 -0.00694929 0.00128968 0.0209573 -0.00256704
internal_weight=7050.52 6523.43 527.093 411.749 115.344 59.4365 23.3567 36.0799 9.00527 55.9074 40.4985 15.4089 19.5178 14.3514 20.9807 9.93813 9.18073 11.0425 6.22812 7.35821 7.25611 409.264 10.4649 10.9093 398.799 395.771 42.6863 27.0009 15.6854 9.50178 353.085 327.163 235.701 156.615 79.0865 61.8949 48.4631 40.2402 22.2592 16.4559 45.3135 91.4622 13.2849 78.1772 9.95975 72.9694 32.366 15.4535 16.9124 41.8008 8.03332 116.374 9.70249 106.672 49.0366 57.6353 54.8498 51.2322 27.0944 20.1081 8.68361 5.47753
internal_count=30178 25886 4292 3351 941 490 173 317 55 451 345 106 188 118 157 76 56 81 50 60 73 3318 63 93 3255 3227 358 244 114 66 2869 2590 1854 1260 594 448 364 330 179 126 345 736 91 645 61 601 239 103 136 320 59 930 75 855 410 445 419 394 226 160 66 44
cat_boundaries=0 1 2 3 4 5 6 7 8 9
cat_threshold=7 4 1 1 4 40 26 6 8
is_linear=0
shrinkage=0.04


Tree=111
num_leaves=63
num_cat=5
split_feature=7 8 14 9 0 9 9 1 11 5 8 9 8 11 9 8 1 8 8 6 2 0 9 11 15 0 6 6 0 15 9 3 1 7 6 0 1 10 8 8 15 8 9 6 13 6 10 8 1 9 3 11 10 1 9 1 8 0 8 9 6 6
split_gain=3.00277 1.29963 2.07318 3.69535 5.06088 5.46505 5.31235 6.93409 5.03688 3.58613 6.74751 5.55896 4.68541 5.92464 3.23726 6.09763 3.75117 4.64461 3.35013 3.67511 5.80758 7.70903 3.555 3.68931 3.21382 6.47564 4.65959 4.638 3.17872 5.49685 7.28052 3.60557 3.39431 3.38919 3.144 3.33183 3.5262 3.14183 3.08354 3.06422 3.04687 4.57927 7.48088 4.26365 3.71076 4.67554 4.11173 5.32017 3.81056 3.19536 3.03867 2.90388 2.90229 9.03624 4.69406 3.36975 3.22732 2.86222 3.04061 2.71854 2.67894 6.1316
threshold=2.5000000000000004 22.500000000000004 0 4.6500000000000012 12.500000000000002 3.7500000000000004 3.8500000000000001 17.500000000000004 inf 1.0000000180025095e-35 24.500000000000004 4.5500000000000007 25.500000000000004 1.0000000180025095e-35 4.0500000000000007 37.500000000000007 8.5000000000000018 31.500000000000004 25.500000000000004 5.5000000000000009 1.0000000180025095e-35 7.5000000000000009 4.9500000000000011 1.0000000180025095e-35 1 7.5000000000000009 5.5000000000000009 5.5000000000000009 12.500000000000002 2 4.3500000000000005 1.0000000180025095e-35 20.500000000000004 3.5000000000000004 1.0000000180025095e-35 1.0000000180025095e-35 18.500000000000004 1.0000000180025095e-35 23.500000000000004 25.500000000000004 3 24.500000000000004 4.6500000000000012 1.5000000000000002 4 1.0000000180025095e-35 1.0000000180025095e-35 23.500000000000004 19.500000000000004 4.9500000000000011 1.0000000180025095e-35 1.0000000180025095e-35 1.5000000000000002 10.500000000000002 4.7500000000000009 13.500000000000002 28.500000000000004 7.5000000000000009 27.500000000000004 4.6500000000000012 1.0000000180025095e-35 2.5000000000000004
decision_type=2 8 9 10 8 8 10 2 8 2 10 10 10 10 8 10 2 10 10 2 2 10 8 10 1 8 2 2 10 1 8 2 2 2 2 10 2 2 8 10 1 10 10 2 9 2 2 10 2 10 2 8 2 2 10 2 8 10 10 10 2 2
left_child=-1 -2 14 4 6 -6 7 -4 9 10 11 -8 13 -12 15 16 17 -3 19 28 21 22 23 -21 25 26 -11 39 40 31 -31 51 -33 38 35 36 -5 -25 -32 -26 41 -16 43 -43 45 -42 -47 59 -49 -44 -45 -30 53 -37 56 -54 -55 58 -57 -48 -40 -62
right_child=1 2 3 34 5 -7 8 -9 -10 24 12 -13 -14 -15 18 -17 -18 -19 -20 20 -22 -23 -24 37 27 -27 -28 -29 29 30 33 32 -34 -35 -36 52 -38 -39 60 -41 44 42 49 50 -46 46 47 48 -50 -51 -52 -53 55 54 -56 57 -58 -59 -60 -61 61 -63
leaf_value=-0.0030862678469953699 0.0014423866142251405 -0.014001246644211826 -0.044599595211329959 -0.0097008295509740505 0.02059344656811728 0.0041090895616524422 -0.042238997529670669 -0.0058898606967098532 -0.029307344309603127 -0.012710109779492017 -0.0069340080418707943 -0.0041764923996722965 -0.00036353663903780669 0.038637553409320215 -0.0004538963466315651 0.012510859677166322 -0.01132921332977687 0.028256638722421231 0.00016298324043733582 -0.054704184505591037 0.030493920526775301 -0.00023564943182191928 -0.012439052716435138 -0.0046005127246281745 0.040323649470332533 -0.024597112699516251 0.028575274702141017 0.0020964833777431715 -0.0013782373075284168 0.022860744368642841 -0.0015392027119400448 -0.033871721219584282 0.0080412411670362331 -0.037293275289829078 0.00012092774629132563 -0.041462048081317378 -0.040167539381816678 -0.041093698833520077 0.0035147025106258252 0.015125291904660139 -0.035749832497524808 0.017693721774918989 0.029116817483436103 -0.02972024065439325 0.00088867672672753029 0.0015132893345348722 -0.013963210176208385 -0.017398767191695114 -0.056022171588237309 -0.0027597398567942668 0.0049876512508292324 0.028520142242000893 0.012475680062702695 -0.041203547233759442 0.0075153474083450283 0.0025789420165620962 -0.0025080857668642008 0.0018070005630628125 -0.027624801840706953 0.018921420240710956 -0.042558350906605591 -0.011520858510918662
leaf_weight=525.33391528204083 929.44996528327465 7.7299213707447079 8.9347183406352979 26.006904751062393 34.30841951072216 518.41418586671352 10.8243288397789 43.218265429139137 8.6083532273769361 7.5382252931594858 7.6561773121356973 14.184286057949066 259.33660298585892 11.303526267409325 162.36766842007637 24.236522689461708 134.26172630488873 9.0148353874683362 2422.9615471214056 9.1534272730350494 5.2243635058403006 40.690050512552261 21.915618821978569 7.6864385157823563 9.6308979839086515 14.639946386218069 10.42007514834404 43.112813249230385 8.2838707864284533 8.3457821160554868 24.337413400411606 5.2742878049612028 7.4702393412590027 10.73501034080982 1108.8372904360294 11.754649847745894 7.9320683926343909 7.4170557856559753 7.388596460223197 38.943938255310059 10.51801824569702 9.286937281489374 30.731640547513962 10.241760998964311 126.20763710141182 39.669369667768478 10.904465198516847 9.8468187302351016 6.9870995581150046 6.0165420621633521 6.6607455909252158 13.950957253575323 29.279129385948181 6.5761821269988987 28.350435554981232 8.886301517486574 7.2511461675167093 48.165289849042892 13.336073622107504 6.3730387091636649 15.751468226313589 28.813006222248077
leaf_count=4292 3676 32 40 106 129 2036 48 175 37 31 31 57 1029 40 646 93 551 33 9607 42 19 162 91 31 34 62 38 170 33 31 97 23 29 47 4396 52 35 33 29 148 46 35 112 44 500 157 45 41 32 24 26 51 112 29 110 35 29 190 57 24 70 118
internal_value=-0.000176995 5.72921e-05 -0.000172847 0.000736066 0.00251083 0.0051323 -0.00045618 -0.0125215 0.00098638 0.00159626 -0.000748669 -0.0206509 0.00103981 0.0202352 -0.000825256 -0.00611357 -0.00910278 0.00874903 -0.000524484 -0.003055 -0.0104659 -0.0129294 -0.024116 -0.0346658 0.00731878 -0.00371272 0.0112452 0.0105006 -0.0018496 -0.00732996 -0.0116099 0.00595578 -0.00930432 -0.0162497 -0.000689187 -0.00547907 -0.0168214 -0.0225217 -0.0132887 0.0201214 -0.000210438 0.00296491 0.0122559 -0.00407972 -0.00357981 -0.00965458 -0.00724305 -0.0174261 -0.0334298 0.0238979 -0.016043 0.0173811 -0.0029729 -0.0104475 -0.00180392 0.0010718 -0.0209114 -0.00367187 -0.0155469 -0.00183327 -0.0187927 -0.0224912
internal_weight=7048.69 6523.35 5593.9 2337.45 1041.07 552.723 488.352 52.153 436.199 427.591 303.305 25.0086 278.296 18.9597 3256.45 175.243 151.006 16.7448 3081.21 658.249 92.087 86.8626 46.1725 24.2569 124.286 32.5982 17.9583 91.6876 566.162 130.351 95.3713 34.9794 12.7445 87.0255 1296.38 187.538 33.939 15.1035 76.2905 48.5748 435.812 225.305 62.9376 26.1894 210.506 84.2988 73.7808 34.1114 16.8339 36.7482 16.9025 22.2348 153.599 53.9324 42.1778 99.6668 13.8273 70.3877 22.2224 17.2775 51.9531 44.5645
internal_count=30178 25886 22210 9256 4105 2165 1940 215 1725 1688 1205 105 1100 71 12954 709 616 65 12245 2638 378 359 197 106 483 131 69 352 2260 528 392 136 52 361 5151 755 141 64 314 182 1732 887 241 105 845 345 299 142 73 136 70 84 614 220 168 394 58 282 92 69 217 188
cat_boundaries=0 1 2 3 4 5
cat_threshold=4 2 8 5 3
is_linear=0
shrinkage=0.04


Tree=112
num_leaves=63
num_cat=9
split_feature=7 1 11 13 16 10 1 8 9 6 9 0 1 9 9 6 14 6 11 9 12 9 6 10 1 8 6 12 0 14 0 9 8 1 1 10 9 0 12 1 6 10 8 6 1 0 8 14 1 17 2 9 1 8 1 9 9 0 6 8 10 8
split_gain=2.7732 1.30742 4.0098 5.63356 5.31397 3.84643 3.35208 2.94115 4.39833 3.26561 2.73996 2.68402 2.58452 3.96151 4.99547 5.92561 3.77569 2.26696 2.25909 2.10311 4.75653 4.43671 3.39135 2.96546 6.75957 4.92262 3.60161 6.03579 8.01062 7.1012 6.40438 5.35844 4.7612 4.68493 4.20978 3.46821 3.43502 3.34487 4.14553 5.85841 3.11244 3.04754 2.79573 3.24892 2.77966 5.84432 2.68925 4.67872 4.63126 2.68723 2.65134 9.44332 3.72263 3.08043 2.89184 3.39187 5.37282 2.5281 2.78825 5.97572 6.62954 3.55327
threshold=2.5000000000000004 17.500000000000004 1.5000000000000002 0 1 1.5000000000000002 9.5000000000000018 24.500000000000004 4.7500000000000009 1.0000000180025095e-35 2.7500000000000004 12.500000000000002 12.500000000000002 4.8500000000000005 4.7500000000000009 4.5000000000000009 2 2.5000000000000004 2.5000000000000004 4.6500000000000012 3 3.9500000000000006 1.0000000180025095e-35 1.0000000180025095e-35 12.500000000000002 38.500000000000007 1.0000000180025095e-35 4 7.5000000000000009 5 7.5000000000000009 4.8500000000000005 29.500000000000004 13.500000000000002 13.500000000000002 1.5000000000000002 4.9500000000000011 12.500000000000002 6 12.500000000000002 1.5000000000000002 1.5000000000000002 21.500000000000004 1.5000000000000002 14.500000000000002 12.500000000000002 33.500000000000007 7 9.5000000000000018 8 1.0000000180025095e-35 4.7500000000000009 11.500000000000002 23.500000000000004 16.500000000000004 4.8500000000000005 4.9500000000000011 12.500000000000002 5.5000000000000009 33.500000000000007 1.5000000000000002 24.500000000000004
decision_type=2 2 8 9 9 2 2 8 8 2 8 8 2 10 8 2 9 2 8 10 1 10 2 2 2 10 2 1 8 9 8 10 10 2 2 2 10 8 1 2 2 2 10 2 2 10 10 9 2 9 2 10 2 10 2 10 10 8 2 10 2 10
left_child=-1 2 10 7 12 6 -6 18 9 -9 -2 -10 13 14 15 16 -5 -14 -4 20 -12 22 -22 24 -21 36 27 30 -29 -30 -25 32 -31 41 37 -34 44 -28 40 -40 -39 -33 43 -24 45 -26 47 -42 -48 -23 51 -32 -52 -53 55 -55 -57 -36 61 60 -60 -59
right_child=1 -3 3 4 5 -7 -8 8 11 -11 19 -13 17 -15 -16 -17 -18 -19 -20 23 21 49 42 26 25 -27 34 28 29 31 50 33 35 -35 57 -37 -38 38 39 -41 46 -43 -44 -45 -46 -47 48 -49 -50 -51 52 53 -54 54 -56 56 -58 58 59 -61 -62 -63
leaf_value=-0.0029684821020974461 0.025202667385579396 0.00057722239650858428 -0.015669324895295444 -0.045606532015277076 -0.005396567897498491 0.0067888815239871272 -0.045819058500894592 0.015654866345494879 -0.011983034327333776 -0.014135721226644991 0.0030698097081859237 -0.038923053542226527 0.04158267331885946 -0.021044972137227235 0.024769723053039636 0.02380223082121018 -0.0045513101110092749 0.0065749311762542994 0.015559845372120495 0.0059831773244513522 0.0087706228461671594 -0.00064867066946580523 -0.030603178801609787 0.019248302205357625 -0.0059917288210655515 -0.035265382731336226 -0.0066389008868533318 -0.040154744281376484 0.021854172452176766 -0.042665713156910069 -0.041883862789400705 0.024684822866691762 -0.02686548275023258 -0.030212567275114757 0.0057252940956168561 0.012640801404141514 0.0099808677053869338 -0.0091215210437471227 -0.0018928053904155822 -0.036539612054986327 0.0293894476012635 -0.0071080828795636701 -0.030926507934024669 -0.0060434379560950482 -0.0027426878377050457 -0.049510139046676338 -0.019780043811165819 0.00090008747978760888 0.029683135092973753 0.024758331815682353 0.029240483866232451 0.016557275733246165 -0.011274334123034762 -0.023196674109241585 -0.035302913970698784 0.025819568429042851 -0.022603948672018231 -0.011868210598588636 0.029343886766206626 -0.055926582984036466 -0.033338143020604227 0.0047839601013795578
leaf_weight=524.35180551931262 6.7823230326175681 3526.0639436990023 6.4785065054893467 4.924910768866539 5.6887174397707003 7.6615268588066092 7.7596780955791473 6.8199184238910666 8.7853938639163989 43.058888077735901 720.35029697418213 18.123808369040489 5.9463736414909345 8.7912487387657148 17.826290413737297 9.1287901848554593 13.164631366729742 5.8923447877168655 8.6610440909862518 241.24481710791588 13.195067450404165 464.25067596137524 10.225803717970846 21.855378195643425 19.133293196558956 7.8287796825170508 263.5946873575449 17.701916381716728 9.6503984779119492 15.115524902939798 11.514977589249609 9.1925483942031896 8.6874556690454465 6.9875999540090552 171.91781622171402 6.0186219066381446 28.035185575485229 12.309526368975638 304.29180988669395 8.014266684651373 24.16217052936554 10.151032969355583 11.987909346818922 54.814972713589668 119.58773159980774 6.654849410057067 8.5849356055259687 14.917515784502028 4.6796243637800208 6.7576302587985984 7.417883947491644 11.615667298436163 7.103440061211586 8.0562964975833946 5.0569092184305182 10.324645966291429 5.6847032755613318 27.619077548384666 5.4935460090637189 4.5934673994779578 5.3084630072116852 79.56913186609745
leaf_count=4292 27 13972 27 22 23 30 35 26 36 179 2837 81 21 37 66 34 53 23 33 941 51 1845 44 82 77 34 1064 78 36 67 51 34 37 30 670 23 108 50 1214 35 88 41 52 222 477 30 36 59 17 25 27 44 29 34 22 38 24 113 20 21 23 311
internal_value=-0.000169827 5.51498e-05 -0.000559136 -0.00636935 0.00145769 -0.0158327 -0.0287202 -0.0125517 -0.017094 -0.0100625 -0.000190668 -0.0301276 0.00723735 0.00351628 0.00830984 -0.00247035 -0.0157287 0.0241587 0.00219628 -0.000251931 0.000943342 -0.00180849 -0.00996665 -0.00125335 0.00159775 -0.0042396 -0.00234128 -0.00765845 -0.0145285 -0.00984264 0.000407637 -0.01529 -0.0269009 -0.0021401 -0.00136243 -0.0106971 -0.00283892 -0.00318229 -0.0007652 -0.00269558 0.00777394 0.00800069 -0.0131764 -0.00990476 -0.00531117 -0.017222 0.0132323 0.0185145 -0.00232985 -0.000284152 -0.00569789 -0.00989967 0.00942173 -0.000859094 -0.00780569 -0.00202771 0.00862503 0.00259584 -0.00179308 -0.017711 -0.00146013 0.000493212
internal_weight=7047.17 6522.82 2996.75 178.712 86.7845 21.1099 13.4484 91.9276 76.788 49.8788 2818.04 26.9092 65.6746 53.8359 45.0446 27.2183 18.0895 11.8387 15.1396 2811.26 1281.58 561.232 90.2238 1529.68 422.485 181.24 1107.19 172.135 83.5051 65.8032 88.6299 56.1528 29.8216 26.3312 935.056 14.7061 173.411 640.555 376.96 312.306 64.6538 19.3436 77.0287 65.0408 145.376 25.7881 52.3442 39.0797 13.2646 471.008 66.7745 52.2532 14.5213 40.7382 29.1226 24.0656 16.0093 294.502 122.584 15.3955 10.802 107.188
internal_count=30178 25886 11914 726 344 88 58 382 322 205 11188 117 256 212 175 109 75 44 60 11161 5076 2239 369 6085 1667 726 4418 697 346 268 351 232 127 105 3721 60 692 2563 1499 1249 250 75 318 266 584 107 200 147 53 1870 269 213 56 162 118 96 62 1158 488 64 43 424
cat_boundaries=0 1 2 3 4 5 6 7 8 9
cat_threshold=10 1 8 101 13 2 8 8 1
is_linear=0
shrinkage=0.04


Tree=113
num_leaves=63
num_cat=7
split_feature=7 8 6 1 5 0 1 0 15 6 10 10 11 3 10 6 6 8 1 11 11 17 1 0 6 10 8 8 4 8 0 0 8 1 11 13 16 10 1 8 0 8 5 1 1 0 6 6 11 11 8 1 8 1 8 12 10 11 10 12 6 16
split_gain=2.56125 1.27374 2.19322 4.37412 4.30778 4.65397 2.78432 3.56185 2.78427 8.20145 2.75705 2.6097 2.5943 2.65969 1.717 1.58258 2.8762 2.00032 1.54735 1.46236 2.00814 1.69092 2.55828 1.67285 3.12691 3.06438 2.48555 5.90793 5.01131 3.65114 1.70749 1.36502 1.26026 1.2959 3.64258 5.19227 4.89784 3.53883 3.07938 2.70991 2.55548 2.50071 3.43301 2.39582 2.88294 3.48814 5.53006 2.11672 2.08322 2.05771 2.01336 2.98927 2.22907 1.77458 2.5159 6.81733 3.27896 5.91335 2.87414 2.75985 7.13223 4.40566
threshold=2.5000000000000004 23.500000000000004 5.5000000000000009 18.500000000000004 1.0000000180025095e-35 12.500000000000002 17.500000000000004 12.500000000000002 0 1.5000000000000002 1.0000000180025095e-35 1.5000000000000002 1.0000000180025095e-35 1.0000000180025095e-35 1.0000000180025095e-35 3.5000000000000004 1.0000000180025095e-35 20.500000000000004 20.500000000000004 2.5000000000000004 1.5000000000000002 1 19.500000000000004 7.5000000000000009 2.5000000000000004 1.5000000000000002 25.500000000000004 31.500000000000004 1.0000000180025095e-35 34.500000000000007 12.500000000000002 7.5000000000000009 44.500000000000007 17.500000000000004 1.5000000000000002 2 3 1.5000000000000002 9.5000000000000018 24.500000000000004 12.500000000000002 30.500000000000004 1.0000000180025095e-35 12.500000000000002 9.5000000000000018 7.5000000000000009 1.5000000000000002 2.5000000000000004 2.5000000000000004 inf 33.500000000000007 16.500000000000004 27.500000000000004 18.500000000000004 33.500000000000007 4 1.5000000000000002 2.5000000000000004 1.5000000000000002 5 2.5000000000000004 6
decision_type=2 10 2 2 2 10 2 8 1 2 2 2 10 2 2 2 2 8 2 10 8 9 2 8 2 2 10 10 2 8 10 10 10 2 8 9 9 2 2 8 8 10 2 2 2 8 2 2 8 8 10 2 10 2 8 1 2 8 2 1 2 9
left_child=1 2 4 14 6 12 7 10 9 -9 -1 -11 -6 -14 -4 16 -8 -17 -19 20 21 22 -3 24 -22 26 -25 -28 29 -29 -27 -20 33 34 -2 39 43 38 -38 48 41 -41 -43 44 45 -37 -47 -45 -36 -46 51 52 -42 54 56 58 57 59 -56 60 -35 -61
right_child=32 19 3 -5 5 -7 15 8 -10 11 -12 -13 13 -15 -16 17 -18 18 31 -21 23 -23 -24 25 -26 30 27 28 -30 -31 -32 -33 -34 53 35 36 37 -39 -40 40 50 42 -44 47 49 46 -48 -49 -50 -51 -52 -53 -54 -55 55 -57 -58 -59 -60 61 -62 -63
leaf_value=-0.001007805496039643 -0.00022593036087529078 0.052171522113505543 0.027449055664407741 -0.050597188352981402 0.0026707585358617986 -0.02118204248633122 -0.0069936595285753972 0.054532361672476347 -0.010545430477264797 0.0088805405927051759 -0.040741078093877774 -0.033691212593448698 0.021017240777209293 0.061939028725153368 -0.010596901394382838 -0.033346891900222109 0.019496148423362267 -0.015722948189112559 -0.003856338154851386 -0.031940635382651829 -0.011248150800823102 -0.0047947067999930901 -0.014077034655231366 0.045515812404949382 0.043070887750246867 -0.048409853823675013 -0.036910997710269233 0.063699864136444295 -0.031154476555072676 0.01231154360558721 -0.0046026979373354222 0.032471314382317304 0.016760900911085681 0.015830417845361499 -0.015027014877932164 0.040146041901975266 -0.0051788482343887166 0.0065205225863313281 -0.043903214797175724 0.011841210757232481 -0.036576696661684893 -0.024792694334332958 0.010603771489217042 0.040208915286922844 -0.00020230437881472364 -0.019229128526252061 0.018125518472309306 0.0063159948060968309 0.014964812328656372 -0.027917681519478418 -0.013163134770567695 -0.053481076817135847 -0.009430991952857605 0.00015853915999624249 0.023846118321115536 0.00012326549864996223 0.0058043927810463988 0.035968551647138559 0.0048132197290583576 -0.0098255517164986938 -0.0075235788316690604 0.0051407433565886654
leaf_weight=4.3439250290393812 2810.6194019764662 2.058245744556189 2.6562445014715177 3.8144659996032706 3.7095172181725511 3.357051193714141 9.57236295938492 5.3343204408884057 12.642440646886826 6.1509157381951791 7.8321716487407684 3.6837060563266277 5.015539538115263 5.151125468313694 6.6478121280670166 3.1167636737227413 20.827106684446335 4.294982373714447 3.1724272593855858 2.9544133991003028 2.7050218805670729 369.69450600072742 1.7054015733301637 2.5368710346520009 4.5440488420426846 2.6293348632752886 4.3746526464819935 3.4409693107008907 2.6823224388062945 6.1946987397968778 3.1044263765215874 3.4598169475793839 7.2154957503080359 39.085073113441467 6.4850654006004307 5.3844283521175376 5.6907150745391863 7.6578471511602393 7.7740355134010315 8.0777602791786212 8.9507263898849541 14.841243654489519 6.2219928056001654 5.9044052064418775 14.556288257241251 9.7880108356475848 18.006004512310028 5.8886332660913467 8.6455279886722565 6.0748535990715018 21.795361340045929 6.359540030360221 10.538430616259573 2952.0863959789276 45.155962973833084 118.93461740016937 136.03938800096512 6.4384215623140326 17.659025147557259 123.17607936263084 45.026361227035522 42.270008593797684
leaf_count=39 11158 20 21 31 27 24 85 37 132 51 78 37 38 26 59 27 152 33 23 28 26 3031 26 16 28 25 39 21 24 45 22 21 30 148 27 19 23 30 35 31 40 63 24 21 58 41 68 23 33 26 91 29 44 11716 167 471 530 23 69 501 182 165
internal_value=-0.000162811 -0.00285499 0.000868114 -0.0145242 0.0028543 0.0210794 -0.000865631 -0.00852355 -0.00062443 0.00879687 -0.0265659 -0.00706535 0.0313037 0.041751 0.000264959 0.00602449 0.0111549 -0.0050807 0.00298164 -0.00390081 -0.0036966 -0.00452314 0.0221527 0.00588592 0.0228015 0.00097382 0.00862654 0.00302028 0.0172016 0.0306627 -0.0246914 0.0150946 5.32317e-05 3.4728e-05 -0.000577954 -0.00611647 0.00140124 -0.0151896 -0.0275368 -0.012051 -0.0164109 -0.00708031 -0.0143367 0.00695671 0.00337814 0.0106791 0.00497061 0.0232851 0.00211013 -0.00836312 -0.0221179 -0.0296685 -0.0218981 0.000554164 0.00258963 0.00647971 0.000786171 -0.00188057 0.0159554 -0.00285706 0.00297492 -0.00565971
internal_weight=7045.75 523.408 114.783 13.1185 101.664 17.2332 84.4309 39.9875 27.8114 15.1689 12.1761 9.83462 13.8762 10.1667 9.30406 44.4435 30.3995 14.044 10.9272 408.625 405.67 373.458 3.76365 32.2123 7.24907 24.9633 19.2295 16.6926 12.318 9.63567 5.73376 6.63224 6522.35 6515.13 2989.26 178.641 86.7252 21.1226 13.4648 91.9156 76.7851 29.141 21.0632 65.6026 53.8096 33.1784 27.794 11.793 15.1306 20.6311 47.6441 25.8487 19.4892 3525.87 573.785 181.75 392.035 255.996 62.815 249.558 84.1114 165.446
internal_count=30178 4292 941 111 830 115 715 374 257 125 117 88 91 64 80 341 237 104 77 3351 3323 3077 46 246 54 192 145 129 90 66 47 44 25886 25856 11884 726 344 88 58 382 322 118 87 256 212 128 109 44 60 84 204 113 84 13972 2256 707 1549 1019 236 996 330 666
cat_boundaries=0 1 2 3 4 5 6 7
cat_threshold=6 2 10 1 18 9 1
is_linear=0
shrinkage=0.04


Tree=114
num_leaves=63
num_cat=11
split_feature=7 8 1 11 0 8 14 16 7 14 1 9 1 10 6 9 6 8 11 8 1 9 9 0 8 1 11 0 12 1 1 8 11 6 9 10 6 13 8 16 10 6 9 10 14 9 11 1 6 10 8 12 0 6 14 14 16 6 10 8 8 8
split_gain=2.38479 1.16946 1.19438 3.35801 4.87949 5.55923 4.89262 5.17638 4.49383 4.50223 9.47114 4.25638 3.82792 3.43732 2.74881 2.55758 2.5518 3.48599 2.3779 3.43346 2.18132 2.11732 2.06457 2.7433 4.93902 5.38706 4.76214 4.58021 3.48252 8.66392 4.98914 4.07954 5.53197 6.35735 4.1604 4.01058 3.75604 4.50138 7.1771 2.90775 3.74192 2.77942 4.60661 5.28431 4.42805 4.03096 2.82575 2.73509 4.27409 4.24033 4.17133 3.25091 4.38043 3.21594 3.76657 3.68584 3.66897 3.70247 8.57631 3.49279 3.1655 3.37658
threshold=2.5000000000000004 44.500000000000007 17.500000000000004 1.5000000000000002 12.500000000000002 21.500000000000004 0 1 3.5000000000000004 2 16.500000000000004 4.6500000000000012 9.5000000000000018 1.0000000180025095e-35 2.5000000000000004 2.7500000000000004 2.5000000000000004 30.500000000000004 inf 36.500000000000007 8.5000000000000018 4.6500000000000012 4.6500000000000012 1.0000000180025095e-35 38.500000000000007 11.500000000000002 1.0000000180025095e-35 7.5000000000000009 3 12.500000000000002 8.5000000000000018 25.500000000000004 1.0000000180025095e-35 1.5000000000000002 4.8500000000000005 1.0000000180025095e-35 1.0000000180025095e-35 4 17.500000000000004 5 1.5000000000000002 2.5000000000000004 4.8500000000000005 1.5000000000000002 6 4.8500000000000005 1.0000000180025095e-35 11.500000000000002 1.0000000180025095e-35 1.0000000180025095e-35 21.500000000000004 7 12.500000000000002 1.5000000000000002 8 9 10 5.5000000000000009 1.5000000000000002 34.500000000000007 22.500000000000004 24.500000000000004
decision_type=2 10 2 8 8 10 9 9 2 9 2 10 2 2 2 8 2 8 8 8 2 8 8 10 8 2 10 10 1 2 2 8 10 2 10 2 2 9 10 9 2 2 8 2 9 8 10 2 2 2 10 1 10 2 9 9 9 2 2 10 10 10
left_child=-1 2 3 15 5 -5 11 16 9 10 -7 14 -11 -10 -6 -2 18 21 19 -8 -13 -18 -17 28 47 27 -27 -26 29 30 31 32 34 -34 -24 36 -30 -38 -39 41 -41 42 44 -44 -33 46 -43 49 50 -25 -49 -50 -53 54 -54 -55 -57 58 59 -58 -51 -62
right_child=1 -3 -4 4 6 8 7 -9 13 12 -12 20 -14 -15 -16 22 17 -19 -20 -21 -22 -23 23 24 25 26 -28 -29 35 -31 -32 39 33 -35 -36 -37 37 38 -40 40 -42 45 43 -45 -46 -47 -48 48 51 60 -52 52 53 55 -56 56 57 -59 -60 -61 61 -63
leaf_value=-0.0027578282286543671 0.024428303175004312 0.016198800787800359 0.0005320899982816968 0.038139439349757859 -0.0050292495225134331 -0.00044591253984649847 -0.0085277643911715884 -0.040061097910006394 -0.00033362366125110353 0.029944476038620535 -0.061399039780489301 -0.030188703848785168 -0.0038455801018016096 0.043458361466455563 0.026943195421535733 0.0011354004281636724 -0.059602874239875585 -0.0108869673331919 -0.023152634089735096 0.02529553445239642 0.0044189656995599277 -0.02204874332831493 -0.015441035704865408 0.0030454381743111238 -0.022382110834994525 -0.0016890708037286273 -0.036655252216453563 0.0077431437600213463 0.025526072348123017 -0.031132513322407004 0.020266278430008625 -0.057128057340145678 0.032345457144097034 -0.017103621495726046 -0.05874127744512344 0.00061302213349302324 -0.002367111550569039 -0.0044417994592819464 0.02756314107046923 0.019070660405034419 -0.0072452147858597295 0.033982770618628498 -0.014348239855127872 0.0217705588455358 -0.011990028804422841 -0.006581870122810315 0.0043884107174015467 -0.033684800643429796 0.006258645220368151 0.0020882881631326322 -0.0049640793418402017 0.0027071763067430129 -0.0098351482237580973 -0.023282641010098394 0.024044084697709401 0.017347627710821826 -0.036558120028457451 0.011925044120851262 0.017921785691758053 0.0023727079237579854 -0.018490724598712947 -0.0058800494241352157
leaf_weight=522.31083561480045 6.7211814522743216 7.1682156622409812 3525.6217869371176 6.163800671696662 7.1406969726085725 11.068903520703318 14.10666330158711 13.116972669959067 5.7610914111137372 6.3105001598596564 6.4587756842374793 7.3190191835165006 35.771489828824997 5.7103743851184845 10.824316605925558 1042.0406934916973 4.6749471276998529 19.538098856806755 7.5291132777929297 7.2801886051893225 4.8417435139417648 4.9407794326543817 8.1813042014837247 113.56519797444344 12.321372911334036 9.0332970470190066 20.096026837825775 23.430786371231079 18.73432020843029 16.710279926657677 16.034970641136169 5.655670166015625 6.0797219574451473 13.173360869288443 6.2723371982574454 338.68793874979019 56.030998557806015 17.358482271432877 31.654208451509476 23.804537937045097 13.575623989105223 8.3493814766407013 18.674983456730843 9.925591707229616 9.0283394902944547 32.093515977263451 13.523431807756424 9.2369395941495878 156.7048097550869 68.451510593295097 65.22012759745121 196.38416218757629 11.047933608293533 27.059861347079277 10.005609706044197 9.5397618263959885 19.034869745373729 9.3901847600936872 8.4600813984870893 4.5731463879346839 38.546406432986259 286.26489871740341
leaf_count=4292 27 30 13972 22 29 44 58 59 23 23 30 32 144 20 40 4122 22 81 32 27 19 21 34 446 52 36 88 91 69 72 60 26 22 55 29 1342 224 70 116 90 55 30 77 37 37 130 53 40 609 270 262 772 45 114 37 36 83 36 32 18 161 1153
internal_value=-0.000157121 5.11549e-05 3.33878e-05 -0.000554801 -0.00587389 0.00169887 -0.0116477 -0.017366 -0.00146107 -0.00587314 -0.0229065 0.00186462 0.00122148 0.0214656 0.0142349 -0.000216889 -0.0122396 -0.0205904 -0.00382006 0.00298585 -0.0164098 -0.0403067 -0.000275964 -0.00111068 -0.00233746 -0.0130428 -0.0258119 -0.00263901 0.000919999 -0.00338472 -0.00105343 -0.00308423 -0.0155291 -0.00148863 -0.0342317 0.00280427 0.00902662 0.00608398 0.0134782 3.15018e-05 0.00951333 -0.00361301 -0.0111637 -0.00181351 -0.0293753 0.00244312 0.0156853 -0.00166539 0.000353256 -0.00376301 -0.00852709 0.00181545 -0.000727993 -0.00760805 0.00626582 -0.0113501 -0.00501858 -0.0101652 -0.0166336 -0.0290168 -0.00572914 -0.0073766
internal_weight=7044.34 6522.03 6514.86 2989.24 178.557 77.2449 101.313 71.1868 71.0811 59.6097 17.5277 30.1258 42.082 11.4715 17.965 2810.68 58.0698 29.1538 28.916 21.3869 12.1608 9.61573 2803.96 1761.92 1098.37 64.8815 29.1293 35.7522 663.549 201.083 184.373 168.338 33.7067 19.2531 14.4536 462.466 123.778 105.044 49.0127 134.631 37.3802 97.2509 43.2846 28.6006 14.684 53.9663 21.8728 1033.49 526.657 506.828 74.4571 452.2 295.496 99.1114 21.0535 78.0579 50.998 41.4583 32.0681 23.608 393.263 324.811
internal_count=30178 25886 25856 11884 726 306 420 300 284 241 74 120 167 43 69 11158 241 124 117 85 51 43 11131 7009 4381 267 124 143 2628 807 735 675 140 77 63 1821 479 410 186 535 145 390 177 114 63 213 83 4114 2084 2030 302 1782 1173 401 82 319 205 169 133 101 1584 1314
cat_boundaries=0 1 2 3 4 5 6 7 8 9 10 11
cat_threshold=8 1 8 20 12 1 8 24 4 8 4
is_linear=0
shrinkage=0.04


Tree=115
num_leaves=63
num_cat=7
split_feature=8 1 1 11 7 12 1 11 15 15 11 0 9 9 8 8 1 9 8 10 10 9 12 1 9 8 12 6 9 6 9 6 8 15 11 1 9 13 9 6 10 6 8 1 8 8 6 1 6 7 1 8 9 9 9 1 10 9 8 0 1 6
split_gain=1.38607 1.02066 2.79086 3.63869 6.02594 3.5027 3.45751 4.81801 4.32217 3.49497 4.60747 4.39384 4.99651 3.40735 3.26645 6.62082 3.53383 6.83907 3.44315 3.5092 3.23205 5.56434 3.70815 3.21163 3.17311 3.22145 3.15163 3.11689 4.10341 3.11439 3.07503 5.3658 4.36385 3.16637 5.12402 3.83927 4.58763 3.66313 4.50134 3.07357 3.3771 3.0029 6.13953 5.29194 3.7041 2.97586 2.83192 2.81055 5.37494 4.61513 2.80873 3.65366 5.27223 2.73176 4.40926 2.70518 2.68525 2.65629 4.84273 3.06095 3.66479 2.65056
threshold=44.500000000000007 17.500000000000004 15.500000000000002 1.5000000000000002 3.5000000000000004 0 12.500000000000002 2.5000000000000004 1 2 1.0000000180025095e-35 7.5000000000000009 4.3500000000000005 3.8500000000000001 28.500000000000004 32.500000000000007 8.5000000000000018 4.7500000000000009 25.500000000000004 1.5000000000000002 1.5000000000000002 4.9500000000000011 3 13.500000000000002 4.6500000000000012 35.500000000000007 4 1.0000000180025095e-35 4.8500000000000005 3.5000000000000004 4.9500000000000011 2.5000000000000004 32.500000000000007 5 1.0000000180025095e-35 9.5000000000000018 4.7500000000000009 6 4.8500000000000005 1.0000000180025095e-35 1.0000000180025095e-35 2.5000000000000004 27.500000000000004 11.500000000000002 35.500000000000007 36.500000000000007 3.5000000000000004 16.500000000000004 4.5000000000000009 3.5000000000000004 14.500000000000002 23.500000000000004 4.7500000000000009 4.2500000000000009 4.4500000000000011 9.5000000000000018 1.0000000180025095e-35 4.7500000000000009 25.500000000000004 7.5000000000000009 9.5000000000000018 5.5000000000000009
decision_type=10 2 2 8 2 1 2 8 1 1 10 8 10 10 10 10 2 10 8 2 2 8 1 2 8 10 1 2 10 2 10 2 10 1 10 2 10 9 8 2 2 2 10 2 10 10 2 2 2 2 2 10 8 10 10 2 2 8 8 8 2 2
left_child=1 2 6 5 53 13 9 8 23 10 14 12 -12 -4 16 46 17 18 19 -1 22 -22 24 27 -10 -26 30 -8 -29 -15 33 32 -32 34 61 -35 -37 38 -36 40 55 44 -43 -44 -39 56 -16 48 49 -7 51 52 -24 -5 -55 -13 -14 -18 59 -59 -61 -11
right_child=-2 -3 3 4 -6 47 7 -9 20 26 11 39 45 29 15 -17 57 -19 -20 -21 21 -23 50 -25 25 -27 -28 28 -30 -31 31 -33 -34 35 37 36 -38 41 -40 -41 -42 42 43 -45 -46 -47 -48 -49 -50 -51 -52 -53 -54 54 -56 -57 -58 58 -60 60 -62 -63
leaf_value=-0.0094691622592151647 0.017552015758307279 0.00011867504790551873 -0.03082816222109298 -0.0010663786899547452 0.019054137967118273 -0.012324054673063384 0.034720499132934166 0.03128821957479215 0.0056497174602271613 0.0097636357220071499 0.013767847210223887 0.012142196154997089 -0.0060881304282719593 -0.0021248939040155591 -0.020019570203933853 -0.0065868486721471003 -0.0039277324002417466 0.019178629616017948 -0.0006694953059159217 -0.05362922908014383 0.014815984924384891 -0.020927479452537399 0.0049219483173728665 -0.011694627006309246 -0.0077437768330962196 -0.036952304501554963 -0.001194913111463672 0.0086548433304829402 -0.03058351460059118 0.0056404483875010557 -0.040362771157841294 0.0058555179428539487 0.00097421648133215401 0.0020596115202392942 0.0014954018482040577 -0.021419564579245102 0.0067530305563270844 0.0042133902985293705 -0.016014766121333856 -0.00059852055774847908 0.0018746023673943371 0.0019501823962692541 0.019429659460134498 0.064754526178616864 -0.032667769564165262 0.007038579512506451 -0.046628388232841919 -0.003651546242420992 -0.036177529476397047 0.026895509800880436 0.014764831654461782 0.0059493898245595728 -0.047384322989819809 -0.059401857023765693 -0.018375817411991961 0.044992177091611622 -0.029073989580086602 0.015588551234605803 -0.055228464820942895 0.0027928311069143636 -0.045356051599207817 0.026865968562090892
leaf_weight=7.8730273842811567 6.9492297135293475 3833.6929350718856 5.386451017111539 10.739928357303141 7.9544636607170096 29.803031355142593 4.7398937940597561 9.7298988401889783 19.774927161633968 109.13691519200802 10.332689605653284 10.234116747975351 12.034376978874205 190.74340777844191 14.982386574149134 50.464645832777023 23.520218104124069 22.968232423067093 30.843106422573328 4.5391540005803108 78.920225031673908 7.6434112563729277 7.0616631731390926 51.273965932428837 26.096909552812576 7.8616245836019507 1010.2195824086666 17.552696555852894 5.6326507031917563 145.80373617261648 10.833578288555147 19.316722750663757 6.5606071949005118 134.3947879076004 95.465117245912552 27.324025943875313 13.97974296659231 44.073084160685539 31.156108230352402 235.90501995384693 25.18981172144413 30.448286354541779 20.676506578922275 5.1476788818836203 4.8350497856736174 6.8706260025501242 11.171176642179487 303.9131792485714 12.870144106447695 5.7223825305700293 41.738218665122986 56.666658647358418 5.472710758447648 4.8791354224085799 29.739250257611275 6.5960553884506217 25.075510650873184 4.5684462934732446 5.6275673657655707 4.5808220356702805 5.6475234106183052 16.720715828239918
leaf_count=37 33 16452 28 46 30 134 17 36 82 454 42 41 53 809 66 221 110 94 130 22 324 33 29 227 111 36 4321 75 26 630 51 82 27 577 398 125 56 182 139 1021 101 132 84 18 23 29 54 1308 63 21 167 238 27 25 133 23 119 18 29 20 28 66
internal_value=-0.000303389 -0.000321063 -0.000850025 -0.0029883 -0.0130588 -0.00221496 -0.000194771 0.00354622 0.00272934 -0.000800948 -0.00361292 -0.000856708 -0.0112623 0.000713301 -0.00870885 -0.0150517 -0.00429758 0.00153824 -0.00782868 -0.0256186 0.0051956 0.0116599 0.00211301 -0.00510553 -0.005976 -0.0145057 0.000144555 0.00516454 -0.000877727 0.00123932 0.00249791 -0.00865607 -0.0247716 0.00331246 0.00538757 -0.00115274 -0.0118842 0.00201034 -0.0026072 0.0011768 0.0111437 0.00713835 0.014118 0.0284645 0.000567325 -0.0171429 -0.0313852 -0.00493709 -0.0140302 -0.00600662 0.00602638 0.00162669 -0.0179158 -0.0186904 -0.0241581 0.0250167 -0.0216199 -0.013092 -0.0236454 -0.0116336 -0.0237923 0.0120358
internal_weight=7027.68 7020.73 3187.03 747.555 53.3128 694.242 2439.48 340.165 330.436 2099.31 519.025 332.238 54.3132 341.934 186.786 76.6182 110.168 66.2235 43.2553 12.4122 251.236 86.5636 164.673 79.1992 53.7335 33.9585 1580.29 27.9252 23.1853 336.547 570.069 36.7109 17.3942 533.358 357.659 175.699 41.3038 231.802 126.621 277.925 42.02 105.181 56.2725 25.8242 48.9081 43.9805 26.1536 352.309 48.3956 35.5254 110.939 69.201 12.5344 45.3583 34.6184 16.8302 37.1099 43.9446 20.4244 14.7968 10.2283 125.858
internal_count=30133 30100 13648 3227 234 2993 10421 1428 1392 8993 2258 1429 243 1467 829 341 488 283 189 59 1047 357 690 345 229 147 6735 118 101 1439 2414 160 78 2254 1496 758 181 976 537 1186 165 439 234 102 205 201 120 1526 218 155 461 294 56 204 158 64 172 205 95 66 48 520
cat_boundaries=0 1 2 3 4 5 6 7
cat_threshold=22 4 1 17 97 6 6
is_linear=0
shrinkage=0.04


Tree=116
num_leaves=63
num_cat=12
split_feature=12 10 16 6 5 1 1 16 1 5 9 6 12 10 7 9 12 0 16 6 9 15 14 0 9 0 9 6 9 10 12 0 1 6 0 7 10 5 9 6 9 7 6 9 10 9 1 14 5 9 10 10 12 1 9 0 0 7 10 6 14 1
split_gain=1.10014 4.07856 1.90562 2.30883 1.81824 1.1675 2.3142 3.55594 4.78829 4.73495 3.61221 3.56512 5.26679 2.87595 2.86446 2.98226 2.70453 3.27614 2.70811 6.72192 2.7479 5.3286 3.28501 2.99068 2.67285 2.56422 2.55589 9.40093 2.53247 2.52779 2.43563 5.69905 3.26764 2.68268 3.91544 2.47668 4.07408 3.34061 3.60788 2.41645 3.11082 2.7484 3.23173 2.67528 3.50187 2.79646 2.43886 9.13906 3.5146 2.15767 3.20331 3.62032 2.18831 5.63828 7.22049 6.89518 4.42901 4.4281 4.17183 4.07914 2.71945 2.6915
threshold=0 1.0000000180025095e-35 1 5.5000000000000009 1.0000000180025095e-35 17.500000000000004 15.500000000000002 2 12.500000000000002 1.0000000180025095e-35 4.0500000000000007 3.5000000000000004 3 1.0000000180025095e-35 3.5000000000000004 4.6500000000000012 4 12.500000000000002 5 3.5000000000000004 4.5500000000000007 6 7 7.5000000000000009 4.9500000000000011 1.0000000180025095e-35 4.3500000000000005 1.5000000000000002 4.1500000000000012 1.0000000180025095e-35 8 7.5000000000000009 16.500000000000004 1.0000000180025095e-35 12.500000000000002 2.5000000000000004 1.5000000000000002 1.0000000180025095e-35 4.8500000000000005 1.0000000180025095e-35 3.8500000000000001 3.5000000000000004 3.5000000000000004 4.6500000000000012 1.0000000180025095e-35 4.8500000000000005 16.500000000000004 9 1.0000000180025095e-35 4.0500000000000007 1.5000000000000002 1.0000000180025095e-35 10 1.0000000180025095e-35 4.7500000000000009 12.500000000000002 1.0000000180025095e-35 2.5000000000000004 1.0000000180025095e-35 3.5000000000000004 11 11.500000000000002
decision_type=1 2 9 2 2 2 2 9 2 2 8 2 1 2 2 8 1 8 9 2 8 1 9 10 8 10 8 2 8 2 1 10 2 2 10 2 2 2 8 2 8 2 2 10 2 8 2 9 2 10 2 2 1 2 10 10 10 2 2 2 9 2
left_child=1 -1 -3 4 -4 6 7 9 -9 10 -2 -10 13 -13 24 -16 18 39 19 25 21 22 29 -24 -14 -8 27 -19 -11 -20 31 32 -22 -32 -35 36 -33 -37 -39 43 -41 46 -43 -18 -45 -46 47 48 -42 50 51 -12 53 59 55 61 57 -54 -59 -51 -60 -55
right_child=5 2 3 -5 -6 -7 16 8 11 28 49 12 14 -15 15 -17 17 26 20 -21 30 -23 23 -25 -26 -27 -28 -29 -30 -31 33 35 -34 34 -36 37 -38 38 -40 40 41 42 -44 44 45 -47 -48 -49 -50 52 -52 -53 56 54 -56 -57 -58 58 60 -61 -62 -63
leaf_value=0.032757106816760376 -0.026849863007602951 -0.0098928058910182325 0.0047185835369637913 -0.013965347657026709 0.024407630886767034 0.00011392859205434594 0.023684289059023415 -0.00030001942063419463 0.0090251346008951502 -0.036978482204244607 -0.0017691027187750599 -0.0074072303132299037 2.0488318907070413e-05 0.020615960949287419 -0.00094343912866066526 -0.037640822958739467 0.00010512280962388711 0.04809338311230256 0.019417484733067113 0.018457811228593381 0.010627811314619493 -0.0059521372188854069 0.058022933292651277 0.01890519495098069 -0.02913608134969525 -0.0074268880697501895 -0.012009079513256016 -0.01129902462950289 -0.0081178405866307347 -0.011483809534870819 0.0078081440840099634 -0.046600175206383036 -0.015211459539541927 -0.0082947461466472937 -0.031031144490672298 0.011660163435751927 0.02344386578239405 0.0063531287644289823 -0.030360848238441381 -0.032167662846231557 -0.018443172857803083 0.02813954641707472 0.0016050956514375553 -0.051250669697266486 -0.032626992403192397 0.0086398888422710672 6.7100862782109069e-06 0.024069572644036041 -0.059412196747186834 -0.015706080258876445 -0.0063410600672795135 0.032726044895536467 0.036529763777377891 0.011484161643042541 -0.004151669650435506 0.031352681213340498 -0.0089370354313953338 -0.019004231217680922 -0.002356446198930392 0.013695949843354529 0.017208136010212975 -0.0082710450702711998
leaf_weight=7.3621161580085746 8.3797686696052534 17.882309406995773 52.637729182839394 9.1965227723121625 8.7523100078105909 3833.6744610182941 4.7193988636136046 1512.8571464754641 169.02535032480955 5.0293125584721556 7.986345887184144 7.6709363162517539 43.01923294365406 24.81465507298708 5.7857675105333302 9.1413237750530243 13.438988447189333 5.5053975880146053 11.403532922267916 37.874901484698057 9.4080251008272153 35.022607732564211 5.1365667283535021 7.993493564426899 5.6967936977744094 41.623760856688023 130.39344188198447 18.912450894713402 148.58995438367128 6.7382872998714438 10.302953615784643 3.5125953890383235 46.701713591814041 46.584505185484886 16.379858210682869 62.612698152661324 2.1369316875934601 11.051416486501696 6.992231309413909 4.8861713409423819 10.957743190228937 11.209202855825422 21.298098102211952 5.1487663201987734 5.0133840292692158 5.5206096246838579 137.2993104159832 6.9536786302924165 4.8257779777050027 38.624929785728455 12.664855897426603 12.467387892305851 6.073819860816001 39.571862377226353 63.833788897842169 24.906394638121128 120.00405869632959 13.361019358038901 25.435150101780891 9.3840147331356984 20.552687957882881 15.301125295460222
leaf_count=29 38 79 228 42 35 16452 19 6483 683 23 35 33 196 103 23 40 59 20 47 156 38 149 19 33 26 183 574 82 643 30 43 37 211 203 76 240 18 43 30 22 50 41 84 27 23 24 593 28 25 169 58 48 37 159 279 98 520 56 102 42 78 69
internal_value=-0.000291301 0.00375903 0.00177079 0.00472563 0.00752563 -0.000352214 -0.000930236 -0.000313627 0.000569007 -0.00305642 -0.000851931 0.00552731 -0.000623006 0.0107038 -0.00698838 -0.0234169 -0.00286874 -0.00516463 -0.000327762 0.00595749 -0.0022166 0.00490574 0.0143731 0.0342083 -0.00338905 -0.00425865 -0.00978497 0.00209195 -0.0090627 0.00794004 -0.00440579 -0.000892355 -0.0108789 -0.00977869 -0.0142095 0.00549679 -0.020106 0.00729013 -0.00787418 -0.00223534 -0.000648744 0.000151109 0.0107547 -0.0129916 -0.0242146 -0.011 -0.00200274 -0.0141369 -0.0309694 -0.00032079 0.00946813 0.0192571 -0.00118061 0.00181347 0.00587522 0.013898 -0.00414879 0.00400008 0.000670965 -0.00995905 0.00638727 0.0059755
internal_weight=7027.24 95.831 88.4689 70.5866 61.39 6931.41 3097.74 2350.18 1778.01 572.166 418.547 265.154 96.1287 32.4856 63.6431 14.9271 747.558 381.363 366.195 84.2181 281.977 66.2945 31.2719 13.1301 48.716 46.3432 154.811 24.4178 153.619 18.1418 215.683 142.416 56.1097 73.2673 62.9644 86.3059 5.64953 80.6563 18.0436 226.552 197.43 192.544 32.5073 29.1217 15.6828 10.534 160.037 22.7372 15.7835 410.167 33.1186 20.4537 377.049 191.622 143.613 79.7794 185.427 65.4227 59.3489 48.0089 45.9878 54.873
internal_count=30133 413 384 305 263 29720 13268 10041 7587 2454 1788 1104 421 136 285 63 3227 1652 1575 358 1217 278 129 52 222 202 676 102 666 77 939 617 249 322 279 368 55 313 73 976 843 821 125 133 74 47 696 103 75 1750 141 83 1609 816 605 326 793 273 236 211 180 228
cat_boundaries=0 1 2 3 4 5 6 7 8 9 10 11 12
cat_threshold=64 4 4 10 22 4 9 4 20 4 56 8
is_linear=0
shrinkage=0.04


Tree=117
num_leaves=63
num_cat=7
split_feature=8 8 8 11 12 9 1 9 4 6 11 1 6 7 9 6 6 9 7 9 9 9 9 9 6 9 0 0 10 8 15 9 0 7 1 8 8 11 6 9 6 9 9 6 9 3 13 9 12 8 1 5 1 12 10 9 1 8 0 16 1 16
split_gain=1.29183 0.964644 4.67394 4.34207 3.53053 5.03883 4.35775 7.29238 3.70828 3.55548 3.31629 3.33802 4.64079 4.79489 4.80242 3.40337 9.4388 3.10332 2.56918 3.01459 2.52043 2.36776 2.30103 3.86221 3.85944 3.35318 2.76007 2.35548 3.14253 2.287 3.8391 7.83422 7.69684 5.41408 5.09498 4.25674 6.82194 4.2248 4.81425 6.30329 4.17343 4.66477 4.16021 4.04555 7.26793 8.83964 4.95446 10.3658 7.22471 6.66398 4.89983 5.45591 4.50319 5.66024 5.05395 4.74251 4.36846 4.44819 4.36068 8.58343 4.51455 4.00871
threshold=44.500000000000007 35.500000000000007 36.500000000000007 1.0000000180025095e-35 0 4.9500000000000011 17.500000000000004 4.2500000000000009 1.0000000180025095e-35 3.5000000000000004 2.5000000000000004 16.500000000000004 5.5000000000000009 2.5000000000000004 4.2500000000000009 3.5000000000000004 1.5000000000000002 4.8500000000000005 3.5000000000000004 4.8500000000000005 4.6500000000000012 4.4500000000000011 4.2500000000000009 4.4500000000000011 2.5000000000000004 4.5500000000000007 12.500000000000002 7.5000000000000009 1.5000000000000002 29.500000000000004 1 4.3500000000000005 12.500000000000002 3.5000000000000004 8.5000000000000018 33.500000000000007 31.500000000000004 inf 2.5000000000000004 4.7500000000000009 3.5000000000000004 4.6500000000000012 4.2500000000000009 2.5000000000000004 4.9500000000000011 1.0000000180025095e-35 2 4.7500000000000009 3 31.500000000000004 16.500000000000004 1.0000000180025095e-35 21.500000000000004 4 1.0000000180025095e-35 4.9500000000000011 20.500000000000004 33.500000000000007 7.5000000000000009 5 9.5000000000000018 6
decision_type=10 10 8 8 1 8 2 10 2 2 8 2 2 2 10 2 2 10 2 8 10 10 10 10 2 10 10 10 2 8 1 10 10 2 2 10 10 8 2 8 2 10 10 2 10 2 9 10 1 10 2 2 2 1 2 8 2 10 10 9 2 9
left_child=1 29 3 4 18 6 9 -8 -9 -6 11 12 13 -5 -15 16 -16 -17 19 21 -18 -3 26 -24 25 -25 -13 28 -27 -1 31 34 -33 40 -31 36 -35 43 39 -39 41 -34 -36 52 46 50 47 -45 -49 -50 -46 -52 56 -54 -55 -56 57 -32 -59 60 -60 -51
right_child=-2 2 -4 10 5 -7 7 8 -10 -11 -12 22 -14 14 15 17 20 -19 -20 -21 -22 -23 23 24 -26 27 -28 -29 -30 30 37 32 33 35 42 -37 -38 38 -40 -41 -42 -43 -44 44 45 -47 -48 48 49 61 51 -53 53 54 55 -57 -58 58 59 -61 -62 -63
leaf_value=-0.00073576105559683468 0.017010009091597163 -0.0038553867355031234 0.00012258563238758943 0.015236588414322282 -0.00138657018547565 -0.037358071770451348 0.034077711911088472 -0.036377862204056567 -0.0023234253979319674 0.027153881806497422 -0.032789701654810849 -0.0070598299377421158 0.010767513485544354 0.0063068458488328141 -0.016707386022206432 -0.02495228031072242 -0.042222629885428589 0.013162102137077253 0.040315223130491733 -0.015877194698996747 -0.077947876392949436 0.025092139948456146 0.014587008627014224 -0.022926373100892711 -0.011259780474518791 0.0066316982037882503 -0.03473652309957577 0.013016068408543354 -0.03045575451685557 -0.0029158050718564883 0.0023014969408034552 -0.0088761343921205087 0.028844860957171065 -0.0026843839458456716 0.0064811247884032632 0.010091048933093427 -0.066167649177421101 -0.00097752936096907449 0.0010608024569286438 -0.052888877421285861 -0.002690884526547665 0.0053371200185614821 0.026032134845332951 -0.0050664896241619925 -0.010758107480827554 0.0072742728646414791 0.0045739494862410916 0.014193773538269013 0.013424528053488512 -0.010172712974605869 -0.058785328665335791 -0.017254885491221578 -0.013019887362031041 0.017467853397894601 -0.0083840019847681337 0.028942559340241609 0.015222116228825633 0.017439035630343665 -0.025496016564107361 -0.025590881374619793 0.012769929594548906 -0.050245379051653709
leaf_weight=3360.9931873865426 6.9073310531675807 6.4764849767088952 997.99591480568051 5.9980150237679473 17.169162981212143 6.621138706803321 4.4506746828556087 12.349019505083561 8.7350969389081001 11.772617302834986 8.3753468096256238 22.330888956785206 9.9620711207389814 7.9340647011995307 18.545838877558708 9.8966322392225248 5.8697833269834536 5.2211976647377005 5.0927599668502799 5.9266353994607917 6.8435330837965012 14.973289556801317 19.327981561422348 6.9627803564071646 65.439912803471088 11.161521419882776 7.7715262919664374 32.400340661406517 5.4357360601425162 79.496187437325716 396.50655269622803 272.05214755237103 20.967254899442196 5.7577778398990649 86.412456013262272 5.7163946330547324 5.1138734072446823 6.9365210607647869 19.677415944635868 8.1276887133717537 42.966930404305458 37.954304534941912 21.808879233896732 346.69636579602957 26.46590057015419 25.239482156932354 410.66247246041894 84.923509575426579 20.073673278093338 28.782119959592819 9.5950951650738716 10.711053900420666 41.190715793520212 29.239032350480556 42.321899242699146 6.2505383193492881 68.884553525596857 72.574371121823788 5.3617240265011779 13.188318155705927 61.690345413982868 4.6377863362431517
leaf_count=14364 33 28 4325 40 72 30 16 60 40 47 40 104 43 31 77 42 26 20 18 27 33 59 80 30 287 47 36 134 24 346 1671 1195 82 23 365 22 24 29 85 40 187 164 89 1521 114 103 1763 350 81 131 48 48 183 122 184 24 277 297 24 59 246 23
internal_value=-0.000279983 -0.000296995 -0.00126191 -0.00528973 0.00205859 -0.00378837 -0.000403687 -0.012448 -0.0222692 0.0102228 -0.00804573 -0.00718618 -0.0145245 -0.0187024 -0.0224505 -0.0273703 -0.0349059 -0.0117888 0.0108775 0.00937465 -0.0614534 0.0163518 -0.00416755 -0.00202047 -0.00466453 0.00304794 -0.0142051 0.00673901 -0.00551474 -6.91393e-05 0.000897438 -0.00190938 -0.00517035 0.00333906 0.00477306 -0.0178529 -0.032546 0.00183081 -0.0119675 -0.0289856 0.00678924 0.0137024 0.0104211 0.00212271 0.000422144 -0.0118036 0.00140497 -0.00134424 0.00788185 -0.00403726 -0.0220985 -0.0368789 0.00435516 -0.00277032 0.00383575 -0.00358064 0.00572679 0.00453608 0.0103341 0.00390798 0.00971005 -0.0157337
internal_weight=7026.92 7020.02 1341.04 343.044 93.5669 61.0977 54.4766 25.5348 21.0841 28.9418 249.477 241.102 70.2711 60.3091 54.311 46.377 31.2592 15.1178 32.4692 27.3764 12.7133 21.4498 170.831 140.728 121.4 55.9604 30.1024 48.9976 16.5973 5678.98 2317.98 578.246 390.529 118.477 187.718 16.588 10.8717 1739.74 34.7416 15.0642 101.888 58.9216 108.221 1705 967.787 72.0115 895.776 485.113 138.417 53.4936 46.772 20.3061 737.208 119.002 77.8115 48.5724 618.206 549.321 152.815 80.2404 67.0521 33.4199
internal_count=30133 30100 5816 1491 397 265 235 116 100 119 1094 1054 312 269 229 198 136 62 132 114 59 87 742 602 522 235 140 205 71 24284 9920 2497 1697 502 800 69 47 7423 154 69 433 246 454 7269 4182 313 3869 2106 585 235 210 96 3087 513 330 208 2574 2297 626 329 270 154
cat_boundaries=0 1 2 3 4 5 6 7
cat_threshold=10 1 10 19 6 1 1
is_linear=0
shrinkage=0.04


Tree=118
num_leaves=63
num_cat=14
split_feature=12 10 16 6 5 1 11 13 16 9 1 9 6 14 10 0 1 0 6 6 11 6 0 6 0 10 9 1 6 9 6 0 15 11 10 9 9 11 17 0 13 12 11 6 9 9 9 9 10 12 11 1 9 9 9 16 14 1 0 15 9 14
split_gain=0.960351 3.7699 1.75854 2.13589 1.67342 1.06242 2.23981 4.51107 4.66014 3.43622 2.86112 2.73142 4.86759 2.92918 2.92467 2.68594 2.12029 4.90492 7.18794 1.85025 1.84051 1.82712 2.32284 3.05345 1.73045 1.64492 2.45371 1.45443 1.72451 1.41068 1.37998 2.68985 5.16733 3.63917 2.57361 3.56598 2.55584 2.53349 2.36746 2.53703 2.28105 3.94737 4.66873 2.8916 5.90272 4.54895 4.53571 2.63123 2.27339 4.06561 5.83287 3.14086 3.90545 4.29041 3.47895 3.16499 3.07672 3.58275 5.31454 3.21565 4.83475 3.54769
threshold=0 1.0000000180025095e-35 1 5.5000000000000009 1.0000000180025095e-35 17.500000000000004 1.5000000000000002 2 3 3.6500000000000008 12.500000000000002 4.7500000000000009 1.5000000000000002 4 1.0000000180025095e-35 7.5000000000000009 10.500000000000002 7.5000000000000009 1.5000000000000002 2.5000000000000004 inf 1.5000000000000002 12.500000000000002 3.5000000000000004 7.5000000000000009 1.5000000000000002 4.4500000000000011 15.500000000000002 3.5000000000000004 4.6500000000000012 1.5000000000000002 7.5000000000000009 5 1.5000000000000002 1.0000000180025095e-35 4.5500000000000007 4.2500000000000009 1.0000000180025095e-35 6 12.500000000000002 7 8 2.5000000000000004 1.0000000180025095e-35 4.5500000000000007 4.4500000000000011 4.0500000000000007 4.2500000000000009 1.0000000180025095e-35 9 1.0000000180025095e-35 22.500000000000004 4.7500000000000009 4.6500000000000012 4.6500000000000012 10 11 21.500000000000004 12.500000000000002 12 4.9500000000000011 13
decision_type=1 2 9 2 2 2 8 9 9 10 2 8 2 9 2 8 2 8 2 2 8 2 8 2 10 2 10 2 2 10 2 8 1 10 2 10 8 10 9 10 9 1 8 2 10 8 10 10 2 1 10 2 8 8 10 9 9 2 10 1 8 9
left_child=1 -1 -3 4 -4 6 -2 8 9 -8 16 12 14 24 -9 -15 17 -11 -19 -12 -18 -13 -23 -24 -14 26 -10 -17 -29 -20 31 32 33 34 36 37 -7 -36 40 -40 48 43 -43 46 45 -45 -42 -48 49 50 -33 52 53 -51 -53 -54 57 -50 -59 -58 61 -61
right_child=5 2 3 -5 -6 30 7 11 25 10 19 21 13 15 -16 27 20 18 29 -21 -22 22 23 -25 -26 -27 -28 28 -30 -31 -32 38 -34 -35 35 -37 -38 -39 39 -41 41 42 -44 44 -46 -47 47 -49 56 51 -52 54 55 -55 -56 -57 59 58 -60 60 -62 -63
leaf_value=0.031411138128498869 -0.00061078302866885423 -0.00960501586164411 0.0044425658049465633 -0.013534009554826136 0.023357093244617346 0.029038260291693062 0.037971746854083131 0.032299826586236494 -0.001384998755500387 0.036448144149746189 0.035855592343325082 -0.035724820987751829 -0.012490373991044742 0.0024676598946842456 -0.0030002123796813471 -0.016527935340905756 -0.0033647691355711213 -0.036671467094973494 0.0011934248263417713 0.0053962797805436674 -0.032839895156863905 0.002540571142968039 -0.0052422687637597573 -0.039318613791180894 0.016483857608884888 0.0014308818208306744 -0.035983126006400357 -0.053059443801350976 -0.022510980643918911 0.028643868782811943 -0.00033082229438274093 0.0097854223556209634 0.0074429560151814487 0.023497594741923592 -0.057218380084304216 -0.0068288455268983141 -0.0037152927641064433 -0.017883023894349526 -0.0035917641406719471 -0.034821003919440735 0.027104914545575846 -0.0074467271840821915 0.028117913464809473 0.0042080099864329513 0.015591615359619899 -0.033679747797478961 -0.033647234765430176 -0.0033776974037588274 0.015501325207158483 0.009028860548166092 -0.02370907583816596 -0.025014481726018344 -0.012980048663636725 0.042013844544445095 0.0051913577250323377 0.021431127349469677 0.011182438700790527 -0.039048958774495428 0.0044948187635018479 0.0064174658913844895 0.026160547955168589 -0.0093346136329320196
leaf_weight=7.3495878651738158 2918.9505066238344 17.888023167848587 52.582215081900358 9.2001646012067777 8.7259627580642682 4.8424354195594814 5.4360988587141028 6.8900499567389479 5.4148286283016231 6.8255546987056759 6.7053845226764661 9.3999442495405656 6.2805216759443283 6.9107486680150023 8.2540965974330884 13.255853086709976 14.576866492629053 6.6140197589993504 5.8405343443155271 6.0879532843828201 4.416598215699195 8.1217520311474818 7.8589427769184139 9.054875396192072 6.9450008347630501 7.0476100221276274 8.3177052289247495 5.2123892828822136 6.8323008269071579 6.1488250941038132 2835.6441891901195 11.959100283682345 222.91756693273783 6.5539535060524932 4.2457336857914907 34.061109289526939 17.911092828959227 6.8411828987300396 12.518542375415565 6.2353282645344725 7.5834430605173102 170.34204827994108 6.1179559454321852 14.743947848677637 53.749641381204128 7.7278138399124137 4.9137858897447577 70.781559869647026 7.2865660563111332 19.916771657764915 27.327791236341 10.411830306053163 14.982227519154549 9.2348650395870191 14.734403215348719 5.9848769903182992 103.10325456038117 9.1715112552046776 8.7760166376829147 42.901362016797066 10.928372368216513 49.010671265423298
leaf_count=29 12496 79 228 42 35 19 20 28 23 25 25 45 27 28 35 61 64 30 27 25 21 34 35 45 28 29 38 25 31 23 12201 47 937 27 22 152 75 32 58 31 29 742 24 62 220 35 24 307 31 82 121 48 65 34 60 24 432 43 35 178 45 210
internal_value=-0.000268417 0.00351732 0.00159603 0.00443774 0.00713466 -0.00032532 -0.000876739 -0.00522709 0.00190753 0.00758058 0.00469309 -0.0105792 -0.00657944 -0.0131253 0.0130601 -0.0196331 -0.000107132 0.00744543 -0.00319563 0.0213609 -0.0102187 -0.020688 -0.0150422 -0.0234852 0.00272461 -0.0142786 -0.0223409 -0.0256698 -0.035731 0.0152716 0.000119372 0.00139876 0.00458614 -0.00437864 -0.00771414 -0.0132425 0.00325536 -0.0329465 4.55541e-05 -0.0139749 0.00043127 -0.00189477 -0.00588044 0.00260147 0.00839417 -0.00882121 -0.00238795 -0.00534265 0.00266919 -0.00186148 -0.0107715 0.00372551 0.0100084 0.0194781 -0.00731541 -0.00315768 0.00502966 -0.00815325 -0.0177568 0.00664495 0.000919126 -0.00198209
internal_weight=7026.61 95.746 88.3964 70.5083 61.3082 6930.86 3097.4 178.448 83.432 62.6518 57.2157 95.0165 60.581 45.4368 15.1441 32.2113 44.4224 25.4289 18.6034 12.7933 18.9935 34.4355 25.0356 16.9138 13.2255 20.7801 13.7325 25.3005 12.0447 11.9894 3833.46 997.817 297.373 74.4555 67.9016 45.148 22.7535 11.0869 700.444 18.7539 681.69 335.96 176.46 159.5 76.2214 22.4718 83.2788 75.6953 345.73 114.552 39.2869 75.265 50.1187 29.1516 25.1462 20.9671 231.178 25.2341 17.9475 205.944 102.84 91.912
internal_count=30133 413 384 305 263 29720 13268 772 350 260 240 422 263 200 63 145 190 105 80 50 85 159 114 80 55 90 61 117 56 50 16452 4251 1264 327 300 206 94 54 2987 89 2898 1443 766 677 317 97 360 331 1455 481 168 313 205 116 108 89 974 109 78 865 433 388
cat_boundaries=0 1 2 3 4 5 6 7 8 9 10 11 12 13 14
cat_threshold=64 4 5 1 8 1 1 12 26 6 1 2 5 4
is_linear=0
shrinkage=0.04


Tree=119
num_leaves=63
num_cat=11
split_feature=12 10 16 6 5 7 6 6 6 1 1 16 5 1 11 9 6 11 9 11 12 14 6 9 15 6 10 1 10 1 9 1 11 7 12 9 6 16 5 9 9 6 1 14 9 9 1 5 14 7 2 7 9 9 10 1 15 6 5 1 1 1
split_gain=0.884965 3.48229 1.62037 1.96853 1.54844 1.07986 2.19252 5.74137 1.12037 0.983226 2.08374 3.1886 4.39935 4.30276 6.33447 3.69158 4.04911 3.6014 3.51678 3.48817 3.62106 6.09482 4.46915 3.95441 4.31067 3.92132 3.69324 4.3657 3.45694 6.21499 4.71557 3.14749 3.10817 5.35879 2.99657 3.10831 2.84676 4.96898 3.37481 5.37193 5.30799 3.13692 2.82851 3.64573 2.50788 4.14071 2.48118 4.71307 4.22191 4.14796 2.40385 2.35729 2.35017 2.33416 3.42912 2.85837 2.23834 3.89953 5.09757 2.22071 2.20259 3.17323
threshold=0 1.0000000180025095e-35 1 5.5000000000000009 1.0000000180025095e-35 3.5000000000000004 1.5000000000000002 1.0000000180025095e-35 2.5000000000000004 17.500000000000004 15.500000000000002 2 1.0000000180025095e-35 12.500000000000002 2.5000000000000004 4.9500000000000011 2.5000000000000004 1.5000000000000002 4.0500000000000007 1.0000000180025095e-35 3 4 1.0000000180025095e-35 4.5500000000000007 5 3.5000000000000004 1.5000000000000002 8.5000000000000018 1.5000000000000002 9.5000000000000018 4.8500000000000005 1.0000000180025095e-35 1.5000000000000002 3.5000000000000004 6 3.8500000000000001 3.5000000000000004 7 1.0000000180025095e-35 4.3500000000000005 4.8500000000000005 5.5000000000000009 1.0000000180025095e-35 8 4.2500000000000009 4.4500000000000011 16.500000000000004 1.0000000180025095e-35 9 3.5000000000000004 1.0000000180025095e-35 3.5000000000000004 4.1500000000000012 4.9500000000000011 1.5000000000000002 9.5000000000000018 10 5.5000000000000009 1.0000000180025095e-35 10.500000000000002 13.500000000000002 14.500000000000002
decision_type=1 2 9 2 2 2 2 2 2 2 2 9 2 2 8 8 2 10 8 10 1 9 2 10 1 2 2 2 2 2 10 2 8 2 1 10 2 9 2 10 10 2 2 9 10 10 2 2 9 2 2 2 8 8 2 2 1 2 2 2 2 2
left_child=1 -1 -3 4 5 6 7 -4 -8 10 11 12 17 -13 15 60 -17 18 -2 -20 21 25 -23 59 28 31 27 -26 -25 30 -30 -21 34 44 35 -12 -37 -38 39 -39 51 -40 -28 -44 -34 -46 47 49 -49 -36 -31 -41 -14 54 55 -24 57 58 -48 -22 -15 -62
right_child=9 2 3 -5 -6 -7 8 -9 -10 -11 32 13 52 14 -16 16 -18 -19 19 20 23 22 53 24 26 -27 42 -29 29 50 -32 -33 33 -35 46 36 37 38 41 40 -42 -43 43 -45 45 -47 56 48 -50 -51 -52 -53 -54 -55 -56 -57 -58 -59 -60 -61 61 -63
leaf_value=0.030213914979488214 -0.027288544170431122 -0.0092133114563870151 -0.010896850554005619 -0.012980308801902663 0.022482855555751351 -0.010968089204701211 -0.013627791907554554 0.03530929121865363 0.0043250565586991623 0.00011658098444051709 -0.029426724686105316 -0.00024422817924841438 -0.035566770333747694 0.011338402919740935 0.041343222974213216 0.0076546286259444188 -0.025331212503693558 -0.03395727747775476 -0.0042686441886595847 -0.0077604660079872573 0.021301451520466284 -0.017114040734100628 -0.012621994937688492 0.0033379491892289825 -0.016088725419002633 0.0073673386537998495 0.0019124336872510827 0.012895043367761967 -0.017542690379600673 0.060821800769904046 0.031436313421901396 -0.040731833258766566 -0.00041250794399315437 0.018358094690581101 -0.011496441071494799 -0.0019741559806187724 0.018478576461521103 0.051113307819062447 -0.012258275177661433 0.0013171754629011543 0.029000638063306217 0.0052472311165377948 -0.0010746616483219692 -0.046626022053520767 -0.056768167770003271 -0.016944898567690169 0.0015779948549501448 -0.052469345725556046 -0.0056443927280030578 0.025736299775069124 0.024742872747280133 -0.029153652164620888 -0.0077343842126725787 0.030269247746247414 0.027056809993529742 0.01543556198418484 -0.0051509493609189962 -0.019624930146568954 0.031477514063313804 -0.0032949006716031242 -0.0026647539762540274 0.0087087492252340623
leaf_weight=7.3354644924402228 7.591597504913806 17.902293674647808 7.056101620197297 9.2087296247482282 8.7031251788139325 6.5201732963323584 7.6621324419975307 11.026143506169319 20.289722476154566 3833.3306413665414 5.371856376528739 1512.7558491006494 5.0181448161602011 76.257909953594208 7.5709286332130423 10.713596209883692 13.403189830482004 5.1546170413494101 165.96014964953065 7.3418336063623491 36.012809794396162 12.609597839415072 15.391457810997965 38.445717252790928 13.563184648752211 6.4302591159939757 6.1412889957428005 21.489118479192257 7.3993852138519305 6.1320153772830945 5.4701914563775063 12.552912540733812 10.739785775542257 7.9226122200489035 29.808855079114437 190.68470821529627 35.451940931379795 4.5290915444493285 36.663659743964672 23.733686037361625 10.808598861098288 29.602723456919193 4.2489364817738533 8.3084941133856756 4.8603538498282424 29.736661054193974 56.045938991010189 7.7222605347633362 5.1259065270423871 5.7034530639648429 5.7025531455874443 4.9011057764291754 148.58802732825279 7.5105286985635749 8.7895150631666166 9.3317693173885328 226.39042773842812 10.639074496924875 10.897253476083277 7.017594449222087 78.083109684288502 78.918982125818729
leaf_count=29 34 79 31 42 35 27 37 45 88 16452 28 6483 23 313 27 42 61 24 717 32 144 53 66 159 62 29 25 91 32 23 21 59 46 30 134 809 144 19 162 113 44 127 18 41 25 133 239 40 23 21 22 21 643 29 37 39 979 46 44 31 335 326
internal_value=-0.000256606 0.00337822 0.00153288 0.004263 0.00685516 0.00426718 0.00642507 0.0172786 -0.000596159 -0.000311224 -0.000841706 -0.000256608 -0.00285371 0.00057934 0.00528162 0.00422084 -0.0106776 -0.000729066 -0.00031479 0.000189766 0.00327418 -0.00357703 0.00371271 0.00651571 0.00310708 -0.0197875 -0.00504031 0.00168003 0.00935812 0.0225151 0.00327575 -0.0285643 -0.00268146 -0.0119938 -0.00196689 0.000738634 0.00124233 0.00545216 0.00126297 0.00985456 0.00511702 -0.00443816 -0.0203337 -0.0312132 -0.0172978 -0.0225395 -0.0044848 -0.0130277 -0.0337881 -0.00551668 0.043437 -0.00389818 -0.00864364 0.0101144 0.00559747 -0.00203168 -0.00327321 0.00254238 0.00644515 0.0172902 0.00576119 0.00305227
internal_weight=7026.28 95.7039 88.3684 70.4661 61.2574 52.5543 46.0341 18.0822 27.9519 6930.58 3097.25 2349.91 572.202 1777.7 264.948 257.377 24.1168 418.596 413.441 405.849 239.889 79.9579 53.6329 159.931 116.901 26.325 53.751 35.0523 63.1499 24.7041 12.8696 19.8947 747.34 53.2594 694.081 341.747 336.376 145.691 110.239 43.9725 39.4434 66.2664 18.6987 12.5574 45.3368 34.597 352.333 48.3605 12.8482 35.5123 11.8346 28.6348 153.606 41.0233 33.5127 24.7232 303.973 77.5823 66.9432 43.0304 233.26 157.002
internal_count=30133 413 384 305 263 228 201 76 125 29720 13268 10041 2454 7587 1104 1077 103 1788 1764 1730 1013 344 224 669 494 120 237 153 257 98 53 91 3227 234 2993 1467 1439 630 486 197 178 289 84 59 204 158 1526 218 63 155 45 134 666 171 142 105 1308 329 283 175 974 661
cat_boundaries=0 1 2 3 4 5 6 7 8 9 10 11
cat_threshold=64 4 4 3 8 9 22 4 4 4 1
is_linear=0
shrinkage=0.04


Tree=120
num_leaves=63
num_cat=7
split_feature=16 11 9 6 16 0 12 15 9 0 1 1 1 5 1 1 0 6 11 8 11 8 8 8 6 0 8 8 8 8 0 5 8 8 6 0 0 15 8 8 0 6 11 8 6 0 17 11 6 1 0 0 11 8 9 12 9 9 8 6 8 8
split_gain=1.27371 5.864 7.23151 6.48698 5.9919 4.66252 4.13605 7.51576 4.72159 4.87803 7.50788 4.59137 4.26002 6.30297 3.811 3.80318 4.53611 3.79571 3.72559 3.64788 5.54806 3.54906 3.82986 3.48522 4.65034 3.33292 3.307 3.89556 3.11384 3.05227 4.37208 2.72825 2.72747 3.3137 3.11816 2.71141 2.53973 3.26073 2.45595 4.836 4.88675 2.66285 2.63837 2.30987 2.14127 2.61878 2.14041 3.67888 2.83325 2.73557 2.60179 2.13265 2.11554 2.06476 2.05983 2.044 4.4426 2.43215 3.89786 3.55801 2.01575 3.36546
threshold=0 1.5000000000000002 4.2500000000000009 3.5000000000000004 1 7.5000000000000009 2 3 4.7500000000000009 12.500000000000002 20.500000000000004 15.500000000000002 8.5000000000000018 1.0000000180025095e-35 15.500000000000002 15.500000000000002 7.5000000000000009 1.5000000000000002 1.0000000180025095e-35 26.500000000000004 1.0000000180025095e-35 23.500000000000004 26.500000000000004 24.500000000000004 3.5000000000000004 12.500000000000002 21.500000000000004 25.500000000000004 35.500000000000007 33.500000000000007 inf 1.0000000180025095e-35 26.500000000000004 35.500000000000007 1.5000000000000002 inf 7.5000000000000009 4 35.500000000000007 33.500000000000007 7.5000000000000009 1.5000000000000002 1.0000000180025095e-35 35.500000000000007 3.5000000000000004 7.5000000000000009 5 2.5000000000000004 2.5000000000000004 19.500000000000004 12.500000000000002 7.5000000000000009 1.5000000000000002 24.500000000000004 4.0500000000000007 6 4.5500000000000007 4.6500000000000012 30.500000000000004 3.5000000000000004 20.500000000000004 21.500000000000004
decision_type=9 10 8 2 9 8 1 1 8 10 2 2 2 2 2 2 10 2 8 10 8 8 8 10 2 8 10 10 10 10 8 2 8 8 2 8 8 1 10 8 10 2 8 10 2 8 9 8 2 2 8 10 8 10 10 1 10 10 10 2 8 8
left_child=-1 4 3 54 6 55 7 8 9 11 14 -2 13 26 -11 16 32 -10 -18 -13 -21 -15 -23 24 -19 31 -8 -28 44 30 -27 53 -9 -34 -35 -26 -29 38 39 40 41 -38 -40 -22 -25 -46 47 48 50 -50 -4 -24 60 -17 -3 56 -6 59 -59 -57 -7 -62
right_child=1 2 46 -5 5 52 12 15 17 10 -12 19 -14 21 -16 25 18 23 -20 20 43 22 51 28 35 29 27 36 -30 -31 -32 -33 33 34 -36 -37 37 -39 42 -41 -42 -43 -44 -45 45 -47 -48 -49 49 -51 -52 -53 -54 -55 -56 57 -58 58 -60 -61 61 -63
leaf_value=-2.9724952254692036e-05 0.018041169894987698 -0.035795869260512897 -0.034026585717286138 -0.0070320737201394487 -0.024162363232468353 0.030125296414826874 0.010244476595814853 0.0035750823276501265 0.023995790074433899 -0.020164685819535781 0.017791471042410439 0.010739841432197359 0.0027127699327292492 0.0053499103159769523 -0.06543557342892907 -0.043001024678779996 -0.068279143939540668 0.010016137159112813 -0.024418780020429777 -0.058321458107186946 -0.020842846761726253 -0.048076131558549083 -0.011045184037569268 0.0038930675725224379 -0.052192905601576252 0.0015098547085987805 -0.016417952290992112 -0.021383899574915696 -0.008619177947121635 -0.01763273318246749 0.045132874444109503 0.0039784388363988321 -0.04181716014345125 -0.038036619797733796 0.0012913056170687745 -0.010221312712750034 -0.025057392588825556 -0.0051923222379520765 0.01695899812930338 0.051351878743956088 0.036320066054987894 0.0087771018978007528 -0.024139833521825433 0.014126083803416335 0.05032986521411905 0.015339524917198807 -0.024010583181788839 0.028778071040920929 -0.0093398277479173602 0.02535708296325908 0.0018085896697413416 -0.037222162260705974 0.036758907032119932 -0.014907707312511093 -0.073699278325936229 0.024391499915781167 0.016912935714651713 -0.031863736518031309 0.0099825333803163479 -0.020248222601921065 -0.023500355788167872 0.010694769540204889
leaf_weight=5300.8736306354403 16.424838677048683 4.3240608572959918 7.2536155730485925 8.226989917457102 5.4045892693102386 8.0460925847291929 41.371934980154037 10.513482868671415 20.554494239389896 6.4571748152375239 4.8909764289855948 9.6692312657833117 1048.8834224753082 10.687485598027704 5.5174949988722801 5.5175574868917492 4.9825023859739277 9.8587241619825381 8.1953755170106888 4.4637559875845936 7.2901156656444055 6.7477363422512999 30.736948125064373 8.683246158063417 4.4006064236164066 13.085137382149702 26.406581103801727 7.2959775030612937 8.6105291247367841 6.8070561289787284 5.1121654212474814 9.3307763412594777 8.0177116841077822 4.5540356785058966 11.058195129036902 5.5920997038483629 5.3481383621692755 36.298745326697826 4.6506690010428402 5.5789762139320365 7.9243196398019782 12.238415487110613 5.4022331982851037 5.1626721993088722 5.6287946254014942 8.7305983975529671 6.0162880085408679 6.5653998628258696 7.4358793348073942 7.1139607578516006 5.8610614165663728 5.9424070790410033 5.1362809985876074 17.34298700094223 4.8862672857940197 6.1514150276780146 19.109374135732651 12.579749740660192 4.9680036306381217 5.3340633288025856 4.7656193524599066 136.6962166428566
leaf_count=22757 64 19 33 38 25 30 175 44 80 29 19 39 4462 45 27 27 26 39 38 22 33 33 136 36 20 55 115 32 37 31 18 39 38 21 47 25 24 156 21 19 29 54 24 21 20 36 29 26 33 28 24 28 20 77 26 24 78 57 23 24 22 560
internal_value=0.000279695 0.00121277 -0.0113298 -0.0328463 0.00163832 0.00799522 0.000751264 -0.00400343 0.00238507 -0.00573535 -0.0239676 0.00141403 0.00166534 -0.00357093 -0.0410239 -0.0115719 -0.0210678 0.00946358 -0.0410022 -0.00885832 -0.0200603 -0.0152993 -0.020381 0.00366406 -0.00947502 -0.00573866 0.000590425 -0.00300317 0.0119043 0.00521735 0.0137649 -0.0142487 -0.0133739 -0.0209149 -0.0101805 -0.0287048 0.00117725 0.0033028 0.0097017 0.017617 0.0102395 -0.0015121 -0.00512671 -0.00634544 0.0195735 0.0290555 -0.00200742 0.00185988 -0.0045284 0.00762479 -0.0180115 -0.0152861 0.0115176 -0.0216882 -0.0559044 -0.00217751 0.00558058 -0.00792165 -0.0200165 0.00366001 0.0106505 0.00954279
internal_weight=7058.71 1757.84 57.6835 17.4373 1700.16 208.191 1491.97 236.452 131.935 59.8763 16.8656 43.0106 1255.51 206.631 11.9747 104.517 47.3213 72.0591 13.1779 26.5858 16.9165 54.1146 43.4271 51.5046 19.8514 57.1957 152.516 111.144 31.6532 25.0044 18.1973 32.1913 34.1434 23.6299 15.6122 9.99271 84.7375 77.4415 41.1428 31.0898 25.5109 17.5866 10.0529 12.4528 23.0426 14.3594 40.2462 34.2299 27.6645 14.5498 13.1147 36.6794 154.644 22.8605 9.21033 53.5472 24.514 29.0332 17.5478 11.4855 149.508 141.462
internal_count=30237 7480 256 83 7224 863 6361 1008 547 254 75 179 5353 891 56 461 214 293 64 115 76 242 197 213 84 247 649 474 129 104 73 143 150 106 68 45 359 327 171 126 107 78 45 54 92 56 173 144 118 61 57 164 632 104 45 231 103 128 80 48 612 582
cat_boundaries=0 1 2 3 4 5 6 7
cat_threshold=1 4 65 10 3 1 13
is_linear=0
shrinkage=0.04


Tree=121
num_leaves=63
num_cat=7
split_feature=16 11 9 6 16 0 1 5 15 10 9 9 7 13 0 8 8 1 0 9 9 13 1 8 9 8 11 9 9 8 8 8 1 1 1 6 1 8 9 15 8 8 0 6 1 8 1 9 8 8 8 13 8 6 6 8 8 8 9 1 1 1
split_gain=1.17211 5.40611 6.66107 5.97448 5.529 4.30134 3.58354 5.13176 4.50269 3.13436 4.92615 8.47956 3.43702 4.98516 8.46346 4.82063 4.33752 3.90435 3.66742 6.53161 3.69478 3.82499 4.58678 3.49972 3.49617 3.44897 3.32331 3.3048 3.21929 3.15321 3.06257 4.38225 5.80071 3.06149 2.96606 4.54668 3.79399 5.06189 4.52305 3.45923 4.39495 5.2984 4.97569 4.95529 4.86121 4.12956 3.05446 3.92016 2.92993 2.8573 2.79491 3.15992 4.90677 2.66906 6.15627 4.21184 4.8485 4.53211 3.20077 2.787 3.11484 4.16531
threshold=0 1.5000000000000002 4.2500000000000009 3.5000000000000004 1 7.5000000000000009 8.5000000000000018 1.0000000180025095e-35 2 1.5000000000000002 4.4500000000000011 4.2500000000000009 3.5000000000000004 3 12.500000000000002 30.500000000000004 30.500000000000004 12.500000000000002 1.0000000180025095e-35 4.5500000000000007 4.6500000000000012 4 20.500000000000004 37.500000000000007 4.3500000000000005 24.500000000000004 1.0000000180025095e-35 4.3500000000000005 4.3500000000000005 26.500000000000004 30.500000000000004 33.500000000000007 19.500000000000004 19.500000000000004 9.5000000000000018 1.0000000180025095e-35 15.500000000000002 23.500000000000004 4.8500000000000005 5 27.500000000000004 37.500000000000007 7.5000000000000009 3.5000000000000004 17.500000000000004 23.500000000000004 20.500000000000004 4.8500000000000005 25.500000000000004 31.500000000000004 21.500000000000004 6 30.500000000000004 1.0000000180025095e-35 2.5000000000000004 24.500000000000004 37.500000000000007 23.500000000000004 4.1500000000000012 9.5000000000000018 15.500000000000002 22.500000000000004
decision_type=9 10 8 2 9 8 2 2 1 2 10 8 2 9 10 10 10 2 10 10 8 9 2 8 10 10 8 8 10 10 10 10 2 2 2 2 2 10 8 1 8 10 10 2 2 10 2 10 10 10 8 9 8 2 2 10 10 8 10 2 2 2
left_child=-1 4 3 -3 6 -6 7 8 -2 12 11 30 18 28 16 -16 17 -15 19 33 21 22 23 25 49 -20 -27 -13 -14 -26 -11 -32 -33 -8 35 -22 37 38 -36 -38 42 44 43 45 -42 -41 47 -44 -37 -24 -10 52 -52 -23 59 57 58 -56 -57 -55 -61 -62
right_child=1 2 -4 -5 5 -7 9 -9 50 10 -12 27 13 14 15 -17 -18 -19 20 -21 34 53 24 -25 29 26 -28 -29 -30 -31 31 32 -34 -35 36 48 39 -39 -40 40 41 -43 46 -45 -46 -47 -48 -49 -50 -51 51 -53 -54 54 55 56 -58 -59 -60 60 61 -63
leaf_value=-2.8535938809632031e-05 0.0089810224920452795 -0.053652823327474883 -0.0019285172973897079 -0.0067518817878449676 -0.0020901822207383997 0.011065921271495223 0.018387446827435355 -0.012836967605774748 0.01232347384084331 -0.018020748739637563 0.0056560831562444003 -0.062004389797278306 0.026684259386295591 0.01056182606298188 -0.019630863646196203 0.031629332822842138 -0.05334398414379965 -0.030684055318819379 0.0086256341417270538 0.0024070545433432411 -0.016434500912550578 0.0046247821315009855 -0.023203216541196364 0.025501303468860745 0.051485895854791457 0.0061653829644471008 -0.025944066836733792 -0.019598988351363044 -0.0016972996697477755 0.015470434883674642 0.036295949366134464 -0.035641899585768445 0.0233578817008302 0.052701374261845554 -0.011543999868154672 0.046756349737361258 0.0078560518676323195 -0.00051600159980602232 -0.055968210953496314 -0.013227528420278046 0.011378454493754365 0.018417485223698231 0.010429117279871511 -0.026975290407916193 -0.019543385965051296 0.039630759938325689 0.0031408876550370352 0.044972682128343287 0.013732948013950402 0.019066831404924635 -0.014571550739424557 -0.0095820340315885526 0.014443429031227511 -0.050837540960737233 -0.0092703542643450959 -0.018120111520155375 -0.02730661982016707 -0.05476991514702071 0.0087626982825999566 0.00083680642208193911 -0.033138258372896037 -0.001708072227354949
leaf_weight=5300.879996266216 51.571202807128429 9.2128929533064383 40.20490600168705 8.2256863340735418 53.538849931210279 154.52213500440121 11.664866529405119 69.442658871412277 14.916533671319483 7.4142728298902538 399.13150216639042 4.9794037342071507 7.0696194767951956 4.9012390524149003 5.2624749243259412 6.6380053460597992 9.4530809819698316 14.641715079545973 13.28732894361019 47.528499886393547 5.2772741466760662 25.761867091059685 4.8432096019387263 5.8002054989337912 6.1730108261108425 7.2754481285810497 17.714760579168797 7.1813279911875734 66.963115811347961 10.514586023986338 7.3521148487925556 4.9388585388660413 5.7943098321557045 6.4663526341319075 11.935818299651148 6.715325295925143 147.42150127887726 58.332917802035809 5.2932359017431727 4.9694191664457339 10.039828367531298 9.7474808394908887 12.770135447382929 11.709062926471232 42.864801593124866 4.5119267031550407 20.588271588087082 8.9336530268192273 11.945009909570215 5.4242675714194775 14.380355648696421 88.786618791520596 26.529554165899754 4.5310346931219092 15.996249556541445 8.160362631082533 8.3131090477108938 4.4847566187381736 53.845203191041946 10.724691547453402 23.210761234164238 9.5108304992318136
leaf_count=22757 213 45 173 38 231 632 47 309 63 32 1673 26 26 19 22 24 43 63 56 206 22 107 21 22 24 31 81 34 267 42 33 23 24 23 54 26 628 252 27 23 41 42 55 53 198 17 90 35 48 23 64 385 111 21 75 38 39 23 225 44 107 41
internal_value=0.000268255 0.0011635 -0.0108837 -0.0315299 0.00157207 0.00768055 0.000720028 -0.00349204 -0.000184251 0.00163262 0.00435123 -0.00947783 0.000127996 -0.00626582 -0.0156222 0.00896172 -0.0310996 -0.0203399 0.00121779 0.0101992 0.000248865 -0.0036731 0.00394064 -0.00345328 0.0174933 -0.00784077 -0.016596 -0.0369625 0.000892403 0.0287931 0.00362962 0.0125054 -0.00379082 0.0306252 0.00272545 0.0163464 0.00179151 -0.00614251 -0.0251923 0.00398306 -0.00108071 -0.00868225 0.00625117 -0.0095693 -0.0136753 0.0119264 0.014178 0.0246478 0.0256171 -0.000872117 -0.00381028 -0.00595963 0.00341061 -0.00678702 -0.00939451 -0.00327051 0.00137886 -0.0192335 0.00522473 -0.0209845 -0.0178711 -0.0240028
internal_weight=7058.22 1757.34 57.6435 17.4386 1699.7 208.061 1491.64 265.627 196.184 1226.01 436.792 37.6603 789.216 114.929 40.8965 11.9005 28.996 19.543 674.287 65.6597 608.627 235.572 71.0328 44.0777 26.9551 38.2775 24.9902 12.1607 74.0327 16.6876 25.4996 18.0853 10.7332 18.1312 373.056 23.9376 349.118 75.562 17.2291 273.556 126.135 62.6521 63.4825 21.1904 52.9046 9.48135 42.2921 21.7038 18.6603 10.2675 144.613 129.697 40.9099 164.539 138.777 90.7997 70.3187 20.481 62.0056 47.9773 43.4463 32.7216
internal_count=30237 7480 256 83 7224 863 6361 1145 836 5216 1845 172 3371 464 171 46 125 82 2907 276 2631 1020 300 190 110 168 112 60 293 66 112 80 47 70 1611 96 1515 333 81 1182 554 281 273 93 239 40 180 90 74 44 623 560 175 720 613 400 302 98 263 213 192 148
cat_boundaries=0 1 2 3 4 5 6 7
cat_threshold=1 4 2 12 2 10 10
is_linear=0
shrinkage=0.04


Tree=122
num_leaves=63
num_cat=9
split_feature=16 11 9 6 16 0 12 15 9 0 1 1 1 6 1 6 10 1 0 14 11 8 8 8 8 8 6 8 8 0 8 7 1 8 0 6 10 10 8 8 8 6 15 0 6 6 1 0 0 11 8 14 0 11 9 8 6 8 8 12 9 15
split_gain=1.08393 4.98462 6.14376 5.51381 5.09606 3.96899 3.73852 6.7915 4.28393 4.50081 6.89029 4.18088 3.68081 5.42129 3.5107 3.45972 3.57243 3.45193 4.27562 3.74881 3.44123 3.38956 3.27674 3.55077 3.16937 4.02098 3.75527 2.89791 3.50653 2.85662 4.01263 3.01606 3.27507 3.79823 3.29755 2.73944 4.87883 2.5312 2.46294 2.46265 3.08782 2.87221 2.34175 2.61855 2.16766 3.96107 5.14498 3.54764 2.85642 1.99322 2.32063 3.29369 1.96947 1.94762 1.91348 1.91095 1.88517 1.87223 3.10357 1.91151 3.4155 2.81392
threshold=0 1.5000000000000002 4.2500000000000009 3.5000000000000004 1 7.5000000000000009 2 3 4.7500000000000009 12.500000000000002 20.500000000000004 15.500000000000002 8.5000000000000018 4.5000000000000009 15.500000000000002 1.5000000000000002 1.0000000180025095e-35 15.500000000000002 7.5000000000000009 4 1.0000000180025095e-35 23.500000000000004 23.500000000000004 26.500000000000004 35.500000000000007 24.500000000000004 3.5000000000000004 21.500000000000004 25.500000000000004 1.0000000180025095e-35 23.500000000000004 3.5000000000000004 19.500000000000004 28.500000000000004 12.500000000000002 3.5000000000000004 1.5000000000000002 1.5000000000000002 32.500000000000007 26.500000000000004 35.500000000000007 1.5000000000000002 5 12.500000000000002 1.0000000180025095e-35 2.5000000000000004 19.500000000000004 7.5000000000000009 12.500000000000002 1.0000000180025095e-35 35.500000000000007 6 7.5000000000000009 1.5000000000000002 4.0500000000000007 36.500000000000007 5.5000000000000009 20.500000000000004 21.500000000000004 7 4.4500000000000011 8
decision_type=9 10 8 2 9 8 1 1 8 10 2 2 2 2 2 2 2 2 10 9 8 10 8 8 10 10 2 10 10 10 10 2 2 10 10 2 2 2 8 8 8 2 1 10 2 2 2 10 8 8 10 9 10 8 10 10 2 8 8 1 10 1
left_child=-1 4 3 54 6 55 7 8 9 11 14 37 13 27 -11 -10 -17 18 39 -19 -20 -13 -15 -24 25 26 -18 -8 -29 -21 -31 32 33 -32 38 -27 -37 -2 -34 -9 -41 -42 43 -30 -4 48 47 -47 -46 -23 51 -51 -25 57 -3 56 -6 -7 -59 60 -60 -61
right_child=1 2 44 -5 5 53 12 17 15 10 -12 21 -14 22 -16 16 24 19 20 29 -22 49 23 52 -26 35 -28 28 42 30 31 -33 34 -35 -36 36 -38 -39 -40 40 41 -43 -44 -45 45 46 -48 -49 -50 50 -52 -53 -54 -55 -56 -57 -58 58 59 61 -62 -63
leaf_value=-2.7394495629329725e-05 0.0026170214842235261 -0.032188966975119929 0.02253227934747825 -0.0064829416850023056 -0.0016335347265427581 0.028612129576822624 0.0095925044243731841 0.0034969060304117384 0.022886989886653341 -0.019313483236016182 0.017045851061573296 0.020230769617427598 0.0025366489311819339 0.0056498529556070643 -0.062757149139266888 0.021205276484246069 0.0058006499232390284 0.025804878432751338 -0.06575175413167271 0.017071465040849911 -0.023528241077804681 -0.03555302884627605 -0.045794073676177396 -0.010098849794458034 -0.03127015245671895 -0.0067867328191978313 -0.033734680994354865 -0.01554014561137562 0.0050916125055661199 -0.037807071287296865 -0.024244386813194019 0.021872884955860178 -0.048293258828079479 0.01782923083886474 0.0033113765388214835 -0.00074629890481863316 0.051841393422057881 0.034133325038742168 -0.011241818336782663 -0.039971415047812861 -0.036147518829253281 0.0015868740056605641 -0.0049140008530171508 0.036234670725569795 -0.04042955673956055 -0.034512659971090973 0.026233297636451242 0.010461353737081586 -0.0040472051442987907 0.0026837034584871601 0.013842866643730124 -0.042524612449719258 -0.035271084601512917 0.034852687265808056 -0.068728395072760351 0.018293185672978243 -0.024951750114295575 -0.022988015446306943 0.019480893464516799 -0.00040746081068582089 -0.0058087261298576691 0.017138176101326254
leaf_weight=5300.8861052580178 8.7687521055340785 4.3275967389345187 5.0942640639841548 8.2242746874690038 40.602635283023119 8.0093044340610486 41.354391425848007 10.509580686688421 20.507446326315403 6.459823392331602 4.8828614577651015 5.2930888757109669 1048.5039505399764 10.686592072248457 5.5188678577542305 13.420157723128794 8.0960462987422925 5.539139598608017 4.9598293974995586 6.0219647884368888 8.1847201511263847 5.7938459590077427 6.725517012178897 30.710873186588287 5.3719060271978369 5.9730488955974606 7.3193306624889365 26.399329736828804 36.117586828768253 8.0818056315183622 5.3822859525680533 5.0957869440317145 7.6353525817394265 9.4795473515987378 5.3391588032245627 5.4086502492427808 5.9038924723863602 7.6209557950496665 4.5998756587505349 8.008523494005205 4.5570466145873061 11.061838530004023 43.677724853157997 4.9065823182463637 6.8432232439517948 5.9070965573191661 10.048093326389788 5.3461348116397858 6.9687686562538156 5.3766732290387154 5.1637637838721266 4.9545546472072584 5.9339735284447661 5.1352872848510733 4.8776202276349068 6.5168261006474486 6.4250870943069449 4.7686877921223632 11.754672199487684 26.953665226697922 31.288048312067986 66.487149603664875
leaf_count=22757 36 19 21 38 175 30 175 44 80 29 19 21 4462 45 27 53 32 23 26 24 38 27 33 136 24 26 34 115 152 38 25 19 36 37 23 23 21 28 22 38 21 47 187 20 32 28 40 23 29 24 21 22 28 20 26 27 29 22 46 113 135 266
internal_value=0.000257986 0.00111904 -0.0104496 -0.0302848 0.00151144 0.00737771 0.00069347 -0.00382805 0.00224914 -0.00549004 -0.0230037 0.0013821 0.00156282 -0.00330584 -0.039329 0.00899287 0.00345944 -0.0110244 -0.020076 -0.00546732 -0.0394604 -0.00841494 -0.0141897 -0.0190783 -0.00279572 0.00188187 -0.012971 0.000553312 -0.00281128 -0.00882199 -0.0122405 -0.00673518 -0.0112296 0.00259206 -0.0229178 0.0151277 0.0266986 0.0172716 -0.0343636 -0.0126119 -0.0197772 -0.00942271 0.00115597 0.00708851 -0.00185125 -0.00538883 0.00542937 -0.0131466 -0.022073 -0.0155372 -0.00805291 -0.0189969 -0.014175 0.0106321 -0.0515503 -0.00200636 -0.00481935 0.00979878 0.00873203 0.00984031 0.00089075 0.0125269
internal_weight=7057.77 1756.89 57.6371 17.4295 1699.25 207.941 1491.31 236.29 131.834 59.8332 16.8616 42.9716 1255.02 206.513 11.9787 72.0005 51.493 104.456 47.2815 57.1749 13.1445 26.5819 54.057 43.3704 38.0729 32.701 15.4154 152.456 111.101 51.6358 45.6138 37.532 32.4362 14.8618 17.5744 17.2856 11.3125 16.3897 12.2352 34.137 23.6274 15.6189 84.7019 41.0242 40.2076 35.1133 21.3013 11.2532 13.812 21.2888 15.495 10.3312 36.6448 154.397 9.20522 53.5445 47.0277 149.262 141.252 136.484 43.0427 93.4408
internal_count=30237 7480 256 83 7224 863 6361 1008 547 254 75 179 5353 891 56 293 213 461 214 247 64 115 242 197 160 136 66 649 474 224 200 162 143 62 81 70 44 64 58 150 106 68 359 172 173 152 91 51 61 94 67 46 164 632 45 231 204 612 582 560 181 379
cat_boundaries=0 1 2 3 4 5 6 7 8 9
cat_threshold=1 4 65 10 2 10 8 36 8
is_linear=0
shrinkage=0.04


Tree=123
num_leaves=63
num_cat=9
split_feature=8 14 12 9 12 5 1 7 8 11 0 6 0 8 8 9 0 0 6 1 1 1 6 0 11 0 1 8 11 6 4 6 8 0 6 1 16 9 11 9 9 9 6 16 0 1 6 1 1 8 6 6 8 16 14 12 13 7 8 0 9 6
split_gain=1.06194 2.57558 8.47633 4.96056 4.78346 6.42731 8.67968 5.94949 5.46389 4.59792 3.94302 4.05838 3.5157 3.37586 4.23223 4.13576 4.48254 4.24185 7.88752 3.88351 4.05926 3.35577 4.58885 3.24638 4.95106 5.41027 5.45748 3.82955 2.9922 2.98875 2.9078 4.30567 2.85826 2.73048 3.41221 3.47535 3.91964 3.84754 3.76689 2.63541 2.5167 3.92286 2.50826 6.2332 6.07503 4.33844 3.86146 3.94215 3.29399 5.29744 2.45541 2.35508 3.25562 2.34691 2.26377 3.40162 5.17191 4.15101 3.98522 3.55617 6.16916 3.31681
threshold=22.500000000000004 0 1 4.3500000000000005 2 1.0000000180025095e-35 9.5000000000000018 3.5000000000000004 21.500000000000004 1.5000000000000002 7.5000000000000009 3.5000000000000004 12.500000000000002 21.500000000000004 20.500000000000004 4.6500000000000012 7.5000000000000009 12.500000000000002 2.5000000000000004 20.500000000000004 16.500000000000004 14.500000000000002 1.5000000000000002 7.5000000000000009 1.0000000180025095e-35 12.500000000000002 18.500000000000004 20.500000000000004 1.0000000180025095e-35 2.5000000000000004 1.0000000180025095e-35 1.5000000000000002 21.500000000000004 12.500000000000002 1.0000000180025095e-35 17.500000000000004 3 4.7500000000000009 1.0000000180025095e-35 4.7500000000000009 3.4500000000000006 4.0500000000000007 2.5000000000000004 4 12.500000000000002 9.5000000000000018 3.5000000000000004 19.500000000000004 12.500000000000002 20.500000000000004 2.5000000000000004 1.0000000180025095e-35 21.500000000000004 5 6 7 8 3.5000000000000004 23.500000000000004 12.500000000000002 4.6500000000000012 1.5000000000000002
decision_type=8 9 1 10 1 2 2 2 10 8 8 2 10 10 10 10 10 10 2 2 2 2 2 10 8 10 2 10 10 2 2 2 10 8 2 2 9 10 10 10 8 10 2 9 8 2 2 2 2 8 2 2 8 9 9 1 9 2 8 8 8 2
left_child=1 4 3 40 5 6 10 -7 42 33 -1 32 -5 14 19 -16 28 18 -18 20 -4 22 -8 -23 27 26 -26 -25 -17 -29 31 -15 -12 -10 -35 36 37 -36 -37 -32 -3 -42 48 -44 46 -46 -45 -48 49 -6 -21 -27 -53 -19 -2 57 -57 -56 -59 -60 -61 -62
right_child=54 2 13 12 8 7 21 -9 9 -11 11 -13 -14 30 15 16 17 53 -20 50 -22 23 -24 24 25 51 -28 29 -30 -31 39 -33 -34 34 35 38 -38 -39 -40 -41 41 -43 43 44 45 -47 47 -49 -50 -51 -52 52 -54 -55 55 56 -58 58 59 60 61 -63
leaf_value=-0.015644423506071058 -0.00060855806800749247 -0.0020002844020740145 0.0071218022927609318 -0.0080443865117217021 0.00114222034206157 0.01583726890048065 -0.0083902543842322517 -0.017503063687839274 0.019482882903950637 -0.021635444939970383 0.03999943973904168 -0.0091024798968113406 0.0045429973609863519 0.022480751601658848 0.028297920933121782 0.0036886619272920181 -0.056838217533816814 -0.00036301445227465375 0.0089864019910920606 0.035519440339450856 -0.015543959557671952 -0.018890657823245661 -0.05316783476404302 -0.041735949090974576 0.048630270862413907 0.013323451123701409 0.0036835275664283927 0.0062984321606604542 0.034034027707905742 -0.030160201536218071 0.00050076453021551841 -0.0040195665520344802 0.0062364254023784564 0.028334266129161886 -0.017786709130999216 0.033562084849568394 -0.037930163660614878 0.022740279590027331 0.0019345808961374511 -0.029657225112952018 -0.064055849846307841 -0.020739006846443454 0.010562363536661557 0.0044036791050259981 -0.021260166377062482 0.020237115109929742 -0.021375568539471403 -0.068578405909755488 0.0020691073636628942 -0.032562396581738783 0.0055625324250093665 -0.036120121031841652 0.0029205217150710156 0.031931193909483881 0.0013967105834770594 0.0016310250354458604 -0.0036476877239947875 0.03190956726095473 0.01136052540457594 0.01361190081027246 -0.022724314990053614 -0.0014495505876826879
leaf_weight=6.4261367022991207 3516.8164034374058 6.0959399007260826 24.515849344432354 132.24472390115261 17.380155704915527 44.793728850781918 7.6999277323484403 10.587857663631437 67.829156696796417 6.0611957460641852 12.27336965501309 5.9415784254670134 48.531602896749973 12.964173540472983 24.711315885186195 8.6850374788045883 5.2973935008049011 10.133828647434711 6.469924233853817 6.9928280413150814 26.103094324469566 34.663075640797615 6.9826010391116142 7.4320172443985948 7.0466127619147327 5.2613564133644131 11.179937869310377 9.9767015278339368 12.953098386526108 5.6264510378241548 8.5206958875060099 40.316864125430584 5.9599235206842414 10.476633738726376 7.933238796889782 9.0726955011487025 5.5660203173756608 7.1049133613705635 17.937762793153524 10.169619947671888 4.4965035319328335 13.063441067934034 111.17137713730335 5.1323820650577572 5.8244426324963596 13.091379985213278 8.7823911830782873 4.1773460134863845 82.380162961781025 13.073572643101214 11.706211559474466 7.4217389449477169 6.3345334157347688 5.5848264172673217 1122.831338878721 698.77837366610765 501.86471408233047 10.211295813322065 104.56745418906212 36.102091684937477 16.342953309416771 41.494239687919617
leaf_count=29 15124 27 107 574 74 182 36 44 271 27 50 26 199 53 99 35 26 44 28 27 118 157 35 38 29 24 48 42 49 26 35 173 24 40 38 36 26 31 75 46 24 59 460 24 28 51 38 22 354 59 48 35 27 21 4846 2976 2181 37 402 138 69 166
internal_value=0.000248368 0.00145028 -0.000944405 -0.00659646 0.00315722 -0.0019734 -0.00663098 0.00946326 0.00561817 0.0123939 0.0122048 0.0196077 -0.00466515 0.0045231 0.00828628 0.0149503 0.00823589 -0.00248496 -0.0206464 0.00118799 -0.00456644 -0.0118889 -0.0296852 -0.00913672 -0.00352781 0.00548772 0.0210605 -0.0181045 0.0218541 -0.00684844 -0.00233354 0.00242841 0.0289633 0.0140319 0.00766707 0.00311967 -0.0092534 0.00136064 0.0125581 -0.0159086 -0.0241438 -0.031831 0.00240728 0.00582897 -0.00839009 0.00745953 -0.0249613 -0.0365906 -0.00208627 -0.0133269 0.0167654 -0.00943727 -0.0181426 0.0111111 4.80513e-05 0.000959978 -0.000587363 0.00234202 0.00753968 0.00628608 0.000637515 -0.00746112
internal_weight=7057.17 1008.16 419.557 204.432 588.602 195.608 140.226 55.3816 392.995 131.982 30.601 24.1749 180.776 215.125 143.153 73.8354 49.1241 27.486 11.7673 69.318 50.6189 109.625 14.6825 94.9424 60.2793 37.2442 18.2266 23.0352 21.6381 15.6032 71.9714 53.281 18.2333 125.92 58.0913 47.6146 20.6042 15.0382 27.0105 18.6903 23.6559 17.5599 261.013 148.179 37.0079 18.9158 18.0921 12.9597 112.834 30.4537 18.699 19.0176 13.7563 15.7187 6049.01 2532.19 1200.64 1331.55 208.718 198.507 93.9393 57.8372
internal_count=30237 4298 1792 883 2506 852 626 226 1654 544 129 100 773 909 602 302 203 119 54 300 225 497 71 426 269 163 77 106 84 68 307 226 74 517 246 206 95 69 111 81 110 83 1110 623 163 79 84 60 487 133 75 86 62 65 25939 10815 5157 5658 812 775 373 235
cat_boundaries=0 1 2 3 4 5 6 7 8 9
cat_threshold=4 19 36 1 1 1 4 75 12
is_linear=0
shrinkage=0.04


Tree=124
num_leaves=63
num_cat=12
split_feature=8 13 14 8 16 0 7 8 6 0 17 8 11 16 10 12 8 0 12 0 6 0 5 14 0 6 6 11 6 11 10 6 11 0 6 11 14 8 0 6 6 15 12 0 8 10 15 8 6 2 7 8 10 11 6 10 6 0 6 7 8 0
split_gain=1.02869 2.29508 4.30179 3.04687 3.82926 3.52142 2.69082 5.0708 6.11499 4.8778 5.10797 4.55498 5.7611 3.26131 4.64635 2.76387 2.71978 5.17349 3.57931 3.94187 3.20414 3.27504 2.63535 2.56882 2.82144 2.8604 3.72868 2.51104 2.50595 7.90889 2.56931 2.99635 2.42905 3.91939 3.20544 3.18182 2.25717 2.21805 3.29737 3.62413 2.17055 3.96093 5.0701 3.93899 3.69032 6.36208 2.99383 4.86227 8.15192 5.13824 3.26463 3.39509 3.35469 5.15959 3.89288 3.01155 4.5794 3.80924 6.83269 2.96874 4.61371 3.82853
threshold=33.500000000000007 0 1 37.500000000000007 2 12.500000000000002 3.5000000000000004 36.500000000000007 5.5000000000000009 12.500000000000002 3 35.500000000000007 2.5000000000000004 4 1.0000000180025095e-35 5 34.500000000000007 7.5000000000000009 6 12.500000000000002 3.5000000000000004 7.5000000000000009 1.0000000180025095e-35 7 7.5000000000000009 1.0000000180025095e-35 1.5000000000000002 2.5000000000000004 1.5000000000000002 1.0000000180025095e-35 1.5000000000000002 3.5000000000000004 1.0000000180025095e-35 1.0000000180025095e-35 3.5000000000000004 1.5000000000000002 8 34.500000000000007 12.500000000000002 2.5000000000000004 1.5000000000000002 9 10 12.500000000000002 38.500000000000007 1.0000000180025095e-35 11 38.500000000000007 5.5000000000000009 1.0000000180025095e-35 2.5000000000000004 34.500000000000007 1.5000000000000002 1.0000000180025095e-35 3.5000000000000004 1.5000000000000002 2.5000000000000004 7.5000000000000009 3.5000000000000004 3.5000000000000004 34.500000000000007 12.500000000000002
decision_type=8 9 9 10 9 10 2 10 2 10 9 8 8 9 2 1 10 10 1 10 2 10 2 9 10 2 2 8 2 10 2 2 8 10 2 10 9 10 8 2 2 1 1 10 8 2 1 10 2 2 2 8 2 10 2 2 2 8 2 2 8 8
left_child=-1 2 3 4 -2 -5 7 11 9 10 27 15 13 14 -13 -4 17 -8 19 22 21 -20 36 24 25 -15 -27 -9 -25 -30 31 -31 -17 34 -34 37 -18 -35 -39 -40 41 42 44 -44 -3 -46 47 50 49 55 51 -42 -53 -54 -55 57 -57 -49 -59 -43 -61 -62
right_child=1 40 6 5 -6 -7 16 8 -10 -11 -12 12 -14 23 -16 32 18 -19 20 -21 -22 -23 -24 28 -26 26 -28 -29 29 30 -32 -33 33 35 -36 -37 -38 38 39 -41 46 59 43 -45 45 -47 -48 48 -50 -51 -52 52 53 54 -56 56 -58 58 -60 60 61 -63
leaf_value=0.00057817714499955601 0.0080907789233754905 0.010552121096025527 -0.0079969106245579395 -0.015859323268690519 0.039106431571650474 0.021342821498939561 0.016296769453957444 -0.0077419766061861467 0.016363830989340401 0.0091077011333411378 0.021938290616665395 -0.056496764935048828 -0.049495996435139196 -0.035613304338293454 -0.012123524598628062 0.013791090338318502 -0.015741948664905678 -0.024877752117156975 -0.053083608090487372 0.022091041332611333 -0.012647922718787017 -0.02045378014723731 -0.028004322038182053 -0.01383051147676523 -0.022427902679879326 0.02592993466742307 -0.007465126495367509 0.023169700631467935 0.04856021085123241 0.031282151822950549 -0.018322015877947306 -0.0090664430749968512 0.030886771172697728 -0.016041241365532734 -0.0030893126148437457 0.011655866157279267 0.015452468280675735 0.007022109786368547 -0.045672679647152763 0.0014615905886234987 -0.034677003492224162 0.003137941947561168 -0.022511237202058915 0.0036388912722839332 -0.047801971547634714 0.001705361134256082 -0.0025647058652797251 -0.0076810384108046397 -0.015679429958829653 -0.0099633656040290439 0.00093209332686473682 -0.014443491699359679 -0.031535177379341979 0.064273077654527 0.0077244509216478812 0.0048824754746295681 0.042415335535038158 0.040054736979279325 -0.0011491809578967347 0.038719496489476368 0.019316525639981576 -0.002052021905244623
leaf_weight=4720.0816168822348 28.400803994387388 45.092107720673084 57.010843303054571 13.449218675494196 8.2102199047803861 5.838202789425849 14.668373167514803 130.65882561355829 40.025346882641315 57.658819030970335 10.720880363136528 5.3338510766625431 6.028095729649066 4.47431482002139 12.924147158861159 23.340260609984398 7.003265842795372 7.318639174103736 9.4394793808460253 9.1365548223257083 17.757782146334648 10.283053606748579 7.7217535078525534 12.295683316886423 24.422733440995216 6.4425330907106391 31.529873438179493 4.3444399908184996 5.9919434487819698 5.3891986347734928 9.9445525705814362 6.4924210123717785 10.323842681944372 30.765296809375286 7.7992072701454154 16.021271232515574 7.8955522179603594 23.731358639895916 4.7675176337361318 5.7676539197564125 7.7483838051557532 289.83305278420448 33.787627097219229 12.673213653266428 5.2354446724057224 20.090808730572462 577.84812312200665 10.182946950197218 15.924909688532351 10.433441609144209 459.093306183815 22.010039672255516 3.135885946452615 3.0905035845935345 5.2680147811770439 7.429364480078223 17.342616125941277 14.063642147928478 11.877557113766668 9.3053655177354795 25.817410111427307 27.92683832347393
leaf_count=20134 121 185 247 65 31 25 56 603 160 251 46 25 33 23 57 98 29 31 43 34 73 43 33 57 112 25 146 18 22 21 44 33 41 138 33 69 30 95 23 24 77 1240 157 54 24 84 2504 47 72 45 1820 193 32 21 42 32 69 54 51 33 97 112
internal_value=0.000238383 -0.000448041 -0.00234371 0.00826794 0.0150462 -0.00459843 -0.00329906 -0.00225121 0.00207227 -0.000740284 -0.00463685 -0.00563726 -0.0113003 -0.00946186 -0.0250866 -0.00149648 -0.00966493 0.00259134 -0.013557 -6.33603e-05 -0.0197136 -0.0360709 -0.00903964 -0.0067953 -0.011596 -0.00536355 -0.0017992 -0.00674723 0.00120738 0.00785418 -0.00332086 0.00923465 0.00201651 -0.00055121 0.0162653 -0.00431128 0.000789373 -0.00824496 -0.00124527 -0.0198682 0.000377023 0.00267477 -0.00358349 -0.0126545 0.00323079 -0.0085288 -0.000545904 0.00145822 0.0101963 0.0159732 -3.64483e-05 -0.0108151 -0.00529673 0.0122179 0.0286329 0.020417 0.0311589 0.0130508 0.0211889 0.0047155 0.0127153 0.0082129
internal_weight=7056.62 2336.54 701.328 55.8984 36.611 19.2874 645.429 554.205 243.408 203.383 145.724 310.797 131.269 125.241 18.258 179.527 91.2245 21.987 69.2374 31.7571 37.4803 19.7225 22.6206 106.983 66.8695 42.4467 37.9724 135.003 40.1138 27.8181 21.8262 11.8816 122.516 99.1761 18.123 81.0531 14.8988 65.0318 34.2665 10.5352 1635.21 469.762 116.879 46.4608 70.4184 25.3263 1165.45 587.601 87.2545 71.3296 500.346 41.2528 33.5044 11.4944 8.35852 60.8961 24.772 36.1241 25.9412 352.883 63.0496 53.7442
internal_count=30237 10103 3058 242 152 90 2816 2444 1078 918 667 1366 598 565 82 768 372 87 285 126 159 86 92 483 306 194 171 621 177 120 98 54 521 423 74 349 59 280 142 47 7045 1986 504 211 293 108 5059 2555 370 298 2185 365 288 95 63 253 101 152 105 1482 242 209
cat_boundaries=0 1 2 3 4 5 6 7 8 9 10 11 12
cat_threshold=2 2 1 1 4 48 11 4 4 1 99 9
is_linear=0
shrinkage=0.04


Tree=125
num_leaves=63
num_cat=12
split_feature=9 13 9 6 4 8 8 10 15 14 9 9 6 8 10 12 2 0 0 15 6 10 8 8 0 8 8 8 8 6 14 1 1 8 15 16 1 5 8 15 14 0 6 0 9 2 8 8 1 1 0 10 1 14 8 6 8 12 6 10 8 8
split_gain=1.43297 4.4594 3.86301 3.16947 3.45861 4.6259 10.1116 5.40198 4.14881 6.40143 4.20965 3.97782 3.70232 3.47923 3.45409 3.10884 3.7741 3.82833 3.33627 3.31157 3.45018 4.00134 3.56006 3.27997 3.44702 3.31843 3.15819 4.26315 3.03049 3.8952 3.22173 3.06962 3.41919 2.99616 2.9098 2.9239 2.88982 2.83739 4.19022 2.82079 2.7973 2.69008 2.63608 3.9216 8.05459 3.21439 2.51651 2.47226 4.2617 3.88624 2.46388 2.4446 2.34144 4.75153 3.80811 6.75993 4.75024 2.69453 5.14846 4.04885 5.64999 3.64945
threshold=4.1500000000000012 0 3.6500000000000008 5.5000000000000009 1.0000000180025095e-35 33.500000000000007 35.500000000000007 1.0000000180025095e-35 1 2 3.7500000000000004 4.0500000000000007 3.5000000000000004 35.500000000000007 1.5000000000000002 3 1.0000000180025095e-35 12.500000000000002 12.500000000000002 4 2.5000000000000004 1.5000000000000002 30.500000000000004 35.500000000000007 7.5000000000000009 28.500000000000004 30.500000000000004 35.500000000000007 31.500000000000004 2.5000000000000004 5 19.500000000000004 20.500000000000004 23.500000000000004 6 7 9.5000000000000018 1.0000000180025095e-35 31.500000000000004 8 9 7.5000000000000009 1.5000000000000002 12.500000000000002 4.0500000000000007 1.0000000180025095e-35 28.500000000000004 36.500000000000007 20.500000000000004 18.500000000000004 7.5000000000000009 1.5000000000000002 22.500000000000004 10 32.500000000000007 1.5000000000000002 24.500000000000004 11 1.5000000000000002 1.0000000180025095e-35 26.500000000000004 38.500000000000007
decision_type=10 9 8 2 2 10 10 2 1 9 10 8 2 8 2 1 2 10 10 1 2 2 10 10 8 10 10 10 8 2 9 2 2 10 1 9 2 2 10 1 9 10 2 10 8 2 10 10 2 2 10 2 2 9 10 2 10 1 2 2 10 8
left_child=1 2 47 4 8 7 -7 -6 9 13 40 12 -11 -3 -8 16 17 28 -18 20 26 23 -23 24 -22 -26 -17 -28 29 33 -30 -31 -33 -4 36 41 -5 38 39 -9 -10 -36 43 44 -21 -44 -20 49 -49 -1 -38 -19 -2 54 55 -54 -57 -55 59 60 -59 -60
right_child=52 3 15 34 5 6 14 37 10 11 -12 -13 -14 -15 -16 19 18 51 46 42 21 22 -24 -25 25 -27 27 -29 30 31 -32 32 -34 -35 35 -37 50 -39 -40 -41 -42 -43 45 -45 -46 -47 -48 48 -50 -51 -52 -53 53 57 -56 56 -58 58 61 -61 -62 -63
leaf_value=0.032007927752206372 0.00062925383276751399 0.011794345041903718 0.023770659643351844 -0.0092179647094605861 0.012604620765290538 0.042514123111053168 -0.010604187036688506 0.0034870657434234119 -0.045429425563727824 -0.0051518206512741463 -0.0050432244140800513 0.0084213644918003112 -0.043615199476583565 0.049649800610526276 0.017654611223220987 -0.005876541417948346 -0.0052224646333443193 0.0052553775573990335 -0.058629924825585322 0.0071264873806697682 0.017183365489406618 -0.00081258276836784977 -0.045369981030865203 0.01869820320028575 -0.0054443451144543624 -0.038887099058683788 0.030863780314574579 -0.0062996579863808947 0.029056476796071644 -0.044702480349350572 -0.00046540798395095103 0.0083293879412118434 -0.037598913144151681 -0.011204016079340474 -0.014371647610730563 0.0062682307812117321 0.032129691946476836 0.010586370707565762 -0.037650267922551175 -0.0069069652028712339 -0.0096056630856163581 -0.042072838180409987 -0.015615783933689445 -0.056417428975479467 -0.043843352489139974 0.0090477737671809597 -0.015619856008910622 -0.0012317733712970506 0.050425872025272635 -0.0052096504300262469 0.0021066468042094024 0.029904121847380605 -0.041601353453790076 0.0027917850382879325 -0.033054671714287755 -0.019555253200032846 0.020555614949971268 0.013625975442301297 -0.0073508922631746604 0.010877693050648703 -0.019383592924406595 0.014542799189714031
leaf_weight=5.453348875045779 5579.1027778014541 9.5690401047468203 6.1860901713371304 16.952085129916668 66.300583638250828 15.773488517850636 15.002400338649752 78.951807487756014 7.7357213422656059 15.677064158022405 61.673561133444309 25.963230647146702 5.3775104545056811 6.5392291918396941 12.846952710300682 20.273914411664009 15.977692015469074 17.90510842576623 4.1314299032092094 9.7719473987817818 5.6590605787932899 4.4110785759985438 8.2071004733443242 8.155675392597912 12.498269565403463 7.6549744307994834 12.624507650732996 8.1123821474611741 6.431573174893856 7.4907718673348453 73.574539721012115 6.0825379341840726 4.5212499834597111 10.693684242665766 15.043013513088228 6.1231043487787273 7.1054467521607902 29.835860248655081 5.3554354868829241 70.343462932854891 6.3505604900419694 8.9439541772007924 59.393485486507416 5.6893927529454222 10.075216338038443 9.8582335263490659 4.6001385897397995 5.2174732461571676 5.0078219920396805 25.386508699506521 11.3749363720417 10.052036322653295 6.6556021571159389 182.68525041639805 13.115248076617716 7.7256494686007526 12.158717840909956 13.785390019416807 236.10252160578966 61.173045832663774 20.835886269807816 12.844442240893839
leaf_count=21 23809 40 25 76 281 66 68 344 39 69 267 111 29 25 59 89 69 75 20 41 25 19 42 33 57 40 49 38 27 38 326 25 23 51 69 26 28 131 26 304 31 44 273 29 47 42 21 23 18 108 48 41 31 782 61 34 47 55 1026 255 94 55
internal_value=0.000163132 -0.00133702 -0.00446933 0.00118461 0.00244841 0.00490296 0.016925 0.00281181 -0.00275473 0.00466142 -0.00843593 -0.00205583 -0.0149757 0.0271619 0.00243164 -0.00594525 -0.00156007 0.000842193 -0.016088 -0.00937643 -0.00279243 -0.0105595 -0.0297936 -0.00341458 -0.0104014 -0.0181472 0.00534967 0.0163252 -0.00238575 -0.0122076 0.00190781 -0.0251007 -0.0112536 0.00161348 -0.00698957 -0.0138147 0.00211292 -0.000707525 -0.00288639 -0.00163936 -0.0292789 -0.0247005 -0.0146138 -0.0271404 -0.0187478 -0.0121048 -0.0359705 0.00702281 0.0240675 0.00137146 0.0136501 0.0141179 0.000380346 -0.00206848 -0.0154217 -0.00670796 0.00497139 -0.0010645 -0.00309911 0.00469116 -0.00623995 -0.00622129
internal_weight=7036.12 889.936 391.097 498.838 433.296 294.41 43.6228 250.787 138.886 63.1261 75.7598 47.0178 21.0546 16.1083 27.8494 350.032 167.647 142.938 24.7093 182.385 87.597 46.5862 12.6182 33.968 25.8123 20.1532 41.0108 20.7369 114.98 34.9743 80.0061 18.0946 10.6038 16.8798 65.5425 30.1101 35.4325 184.487 154.651 149.295 14.0863 23.987 94.7883 25.5366 19.8472 69.2517 8.73157 41.0652 10.2253 30.8399 18.4804 27.9571 6146.18 567.082 39.6552 26.54 19.8844 527.427 344.741 95.7943 34.6213 248.947
internal_count=30165 3916 1735 2181 1890 1279 193 1086 611 274 337 209 98 65 127 1565 741 631 110 824 392 216 61 155 122 97 176 87 515 162 353 86 48 76 291 139 152 805 674 648 70 113 432 117 88 315 41 170 41 129 76 116 26249 2440 173 112 81 2267 1485 404 149 1081
cat_boundaries=0 1 2 3 4 5 6 7 8 9 10 11 12
cat_threshold=3 9 8 22 10 2 5 1 10 8 2 36
is_linear=0
shrinkage=0.04


Tree=126
num_leaves=63
num_cat=14
split_feature=9 4 6 8 8 10 9 8 12 16 7 8 12 6 6 16 5 6 11 14 9 5 7 8 15 7 8 8 8 12 11 8 15 1 10 14 9 8 9 10 8 1 8 14 3 6 10 9 1 14 6 6 9 8 15 6 8 12 6 10 11 16
split_gain=1.32345 3.65798 4.71838 4.49941 8.47845 3.49266 6.9543 5.21378 3.66979 6.2755 3.39277 3.25678 6.23509 10.8281 3.14841 3.08562 3.76295 3.07799 2.74239 2.72475 2.45139 2.43323 6.47807 6.13283 5.1627 7.62289 3.78232 3.37438 4.93502 2.99405 3.2057 4.42195 3.08744 3.31031 3.08507 5.36838 2.79619 2.77197 2.4408 2.19877 2.19619 2.30924 2.92871 2.81533 2.1891 3.07136 2.168 2.40314 2.15497 4.38589 3.60622 5.55407 3.29431 2.89516 2.66132 4.5815 4.28928 4.06846 5.4402 4.19522 2.79601 2.95094
threshold=4.1500000000000012 1.0000000180025095e-35 5.5000000000000009 33.500000000000007 35.500000000000007 1.0000000180025095e-35 3.7500000000000004 21.500000000000004 0 1 2.5000000000000004 36.500000000000007 2 1.5000000000000002 2.5000000000000004 3 1.0000000180025095e-35 3.5000000000000004 1.0000000180025095e-35 4 4.0500000000000007 1.0000000180025095e-35 3.5000000000000004 23.500000000000004 5 3.5000000000000004 31.500000000000004 31.500000000000004 33.500000000000007 6 1.5000000000000002 26.500000000000004 7 11.500000000000002 1.0000000180025095e-35 8 4.0500000000000007 31.500000000000004 3.9500000000000006 1.5000000000000002 25.500000000000004 16.500000000000004 34.500000000000007 9 1.0000000180025095e-35 2.5000000000000004 2.5000000000000004 3.0500000000000003 22.500000000000004 10 5.5000000000000009 1.5000000000000002 4.7500000000000009 32.500000000000007 11 5.5000000000000009 30.500000000000004 12 1.5000000000000002 1.5000000000000002 1.0000000180025095e-35 13
decision_type=10 2 2 10 8 2 10 10 1 9 2 10 1 2 2 9 2 2 8 9 10 2 2 8 1 2 10 8 8 1 10 10 1 2 2 9 8 8 10 2 10 2 8 9 2 2 2 10 2 9 2 2 8 8 1 2 10 1 2 2 10 9
left_child=1 11 3 5 14 7 8 -3 9 -7 -10 21 13 -13 -5 16 20 -15 -14 -4 -9 22 29 -24 36 27 -27 -26 -29 32 -31 -32 -1 -34 -35 -36 -23 -38 -30 44 -25 -42 43 -43 45 -6 47 -21 -2 50 51 52 -50 -53 55 -51 -57 58 -56 -60 61 -59
right_child=48 2 19 4 39 6 -8 15 10 -11 -12 12 18 17 -16 -17 -18 -19 -20 46 -22 24 23 40 25 26 -28 28 38 30 31 -33 33 34 35 -37 37 -39 -40 -41 41 42 -44 -45 -46 -47 -48 -49 49 54 -52 53 -54 -55 57 56 -58 60 59 -61 -62 -63
leaf_value=-0.013655559321181494 0.00060410046771858488 0.00092806716252753058 -0.017522952246856769 0.047692061635786952 0.020812088347344999 0.0030288178399877847 -0.029175667107658149 0.0015589614094399882 -0.025371762257240898 0.039783270449465759 -0.0010945766111860674 -0.054170698419808753 -0.0068100010988796983 0.018340153960131247 0.016110704341163955 -0.0011123719625094741 0.05443031438685033 -0.011617015339424932 0.015927278946445213 0.021895203221965701 0.03189434052307602 0.020028346631583621 0.020046182204213427 -0.047686290784512322 -0.035057215052375405 -0.01090963719370981 0.027772981856593871 0.0074660641233402908 -0.014383998632995179 0.005004397537280875 0.019358092965410661 -0.021746715299321054 -0.02513661284825857 0.027526661547709885 -0.02235830325129478 0.013626540672669057 0.014528860741092898 -0.022385262920265787 -0.043977828420587811 0.012923124480199897 0.0045491479692900214 -0.032670928423559592 -0.054361269590737463 -0.00056977139812167967 -0.028202833081158486 -0.017092368974125836 -0.017122667962625376 -0.008029737553369316 -0.057311457639682123 -0.0095828708378722822 -0.04349648199932634 0.0097676572619324591 -0.013517515288900913 -0.02380425572847163 0.0093749893785085702 -0.0034605053094285071 0.033286734628986708 0.0026699154451399094 -0.024548230947417347 0.001077793540729684 -0.00057223076579365133 0.014895026262788992
leaf_weight=40.520169831812382 5578.9508722871542 61.242468781769276 30.616596426814795 11.550801608711483 6.6168011650443095 28.30770418420434 13.655409701168535 7.6532023623585745 9.7452034503221494 10.079215012490748 167.82309341430664 7.71749019622803 10.35662718862295 9.3103098757565039 8.9751205891370756 7.6310317069292095 6.365902852267026 13.365477345883845 47.023318018764257 9.3607602380216175 9.6194441393017769 12.968723203986885 5.591050222516059 5.7653504908084861 26.062600281089544 8.9983299374580401 7.3460127562284461 10.005269691348078 10.018472116440536 128.13002577424049 5.5897991061210659 16.6910635009408 6.2843865305185309 8.423714913427828 10.707855351269245 17.431555956602097 5.8184441104531262 7.3870313689112672 8.0357481017708761 14.968440804630516 4.8380358964204815 9.9408489316701889 4.6031806766986838 7.8020789474248931 5.7428300566971293 7.0802768915891647 7.9003506749868384 7.9320907145738593 4.9160470217466328 107.67643807083368 5.9608593732118598 17.094261042773727 6.232392095029355 5.410938285291194 18.484858728945255 13.23881806433201 8.2489078268408758 92.384961701929569 31.608090735971928 15.106631703674791 192.57358536124229 48.008990317583084
leaf_count=186 23809 268 139 45 28 121 66 36 115 39 672 37 50 43 40 32 24 63 202 41 39 55 21 26 125 37 27 46 44 549 23 79 28 35 49 76 24 32 41 69 19 43 21 31 28 32 37 33 24 470 29 68 27 25 77 55 31 393 148 62 834 197
internal_value=0.000156606 -0.00128538 0.00134935 0.00295604 0.013537 0.00115159 -0.00149223 0.00771341 0.00025827 0.010059 -0.00229755 -0.00378244 0.00314274 -0.00996642 0.0338829 0.0210027 0.028142 0.000682912 0.0100686 -0.00950559 0.0184533 -0.0054299 -0.0034948 -0.0186893 -0.0108827 -0.0152937 0.00647638 -0.0246938 -0.015068 -0.000989845 0.0024091 -0.0114344 -0.00661739 0.00136299 0.00629047 -6.67274e-05 0.00494598 -0.00612059 -0.0275559 0.00139983 -0.0252622 -0.0205064 -0.025931 -0.0185551 -0.00747294 0.00121856 0.000237686 0.00816888 0.000365329 -0.00198427 -0.0148204 -0.00974114 -0.032829 0.00169594 -0.00101999 -0.00577076 0.0106464 0.000649766 -0.00779719 -0.0162613 0.00248291 0.0068504
internal_weight=7035.5 889.6 432.867 377.057 54.9343 322.123 229.611 92.512 215.955 38.3869 177.568 456.733 87.7732 30.3933 20.5259 31.2696 23.6385 22.6758 57.3799 55.8098 17.2726 368.96 272.319 38.5405 96.6406 70.4664 16.3443 54.1221 28.0595 233.779 150.411 22.2809 83.3677 42.8475 36.5631 28.1394 26.1742 13.2055 18.0542 34.4083 32.9495 27.1841 22.3461 17.7429 19.4399 13.6971 25.1932 17.2929 6145.9 566.946 39.6145 33.6536 11.1484 22.5052 527.331 129.164 21.4877 398.167 65.1996 46.7147 332.968 140.394
internal_count=30165 3916 1904 1654 242 1412 1013 399 947 160 787 2012 395 143 85 131 99 106 252 250 75 1617 1186 161 431 320 64 256 131 1025 651 102 374 188 160 125 111 56 85 157 140 114 95 74 88 60 111 74 26249 2440 173 144 51 93 2267 556 86 1711 287 210 1424 590
cat_boundaries=0 1 2 3 4 5 6 7 8 9 10 11 12 13 14
cat_threshold=36 1 5 1 4 4 33 5 4 4 2 2 2 1
is_linear=0
shrinkage=0.04


Tree=127
num_leaves=63
num_cat=14
split_feature=9 13 9 12 2 15 10 8 8 10 12 7 8 7 9 9 7 8 5 8 15 8 14 16 3 11 9 5 14 8 4 11 8 1 9 1 8 1 1 14 10 1 7 8 5 8 11 8 8 12 13 5 14 9 8 15 3 1 1 14 8 8
split_gain=1.22931 3.95071 3.45556 2.79606 3.4765 3.01712 2.80192 3.37834 4.33667 2.79093 2.93423 4.11324 4.65107 3.78373 2.74979 2.72769 2.68682 3.49439 4.24529 3.17438 2.69907 4.32464 2.66062 8.56775 2.80787 2.70308 2.65647 3.26931 2.63226 2.53861 5.41551 2.47726 2.56542 2.56269 2.99447 2.41166 2.22986 3.985 3.53213 2.19209 2.16 5.09825 2.13102 2.49727 4.86923 2.73251 2.08443 2.90624 2.00247 3.42424 2.79285 3.47717 3.46768 3.28639 2.69028 2.8525 2.43109 1.99009 1.98646 4.04824 3.24764 3.78045
threshold=4.1500000000000012 0 3.6500000000000008 1 1.0000000180025095e-35 2 1.5000000000000002 30.500000000000004 29.500000000000004 1.0000000180025095e-35 3 3.5000000000000004 35.500000000000007 3.5000000000000004 3.9500000000000006 4.0500000000000007 3.5000000000000004 23.500000000000004 1.0000000180025095e-35 21.500000000000004 4 32.500000000000007 5 6 1.0000000180025095e-35 1.5000000000000002 4.0500000000000007 1.0000000180025095e-35 7 29.500000000000004 1.0000000180025095e-35 1.0000000180025095e-35 38.500000000000007 19.500000000000004 3.7500000000000004 8.5000000000000018 36.500000000000007 20.500000000000004 18.500000000000004 8 1.5000000000000002 12.500000000000002 2.5000000000000004 28.500000000000004 1.0000000180025095e-35 31.500000000000004 1.5000000000000002 32.500000000000007 33.500000000000007 9 10 1.0000000180025095e-35 11 3.4500000000000006 26.500000000000004 12 1.0000000180025095e-35 20.500000000000004 22.500000000000004 13 32.500000000000007 24.500000000000004
decision_type=10 9 8 1 2 1 2 10 10 2 1 2 10 2 10 8 2 10 2 8 1 10 9 9 2 10 10 2 9 10 2 8 10 2 10 2 10 2 2 9 2 2 2 10 2 8 8 10 10 1 9 2 9 10 10 1 2 2 2 9 10 10
left_child=1 2 36 4 16 6 7 8 -5 10 11 12 15 26 -9 35 19 39 -19 -4 21 -21 23 -11 25 -25 -12 -28 -23 30 -17 33 -33 34 -7 -3 38 -38 -1 -18 41 -6 57 44 -44 -45 47 -47 49 -24 51 52 -51 54 55 -52 -50 -22 -2 60 61 -60
right_child=58 9 3 5 40 31 -8 14 -10 22 13 -13 -14 -15 -16 29 17 18 -20 20 42 28 48 24 -26 -27 27 -29 -30 -31 -32 32 -34 -35 -36 -37 37 -39 -40 -41 -42 -43 43 45 -46 46 -48 -49 56 50 53 -53 -54 -55 -56 -57 -58 -59 59 -61 -62 -63
leaf_value=0.030602074796086738 0.00057995201223618766 0.018486300697445359 -0.028209813031071673 -0.0010430927513220562 -0.039477104560010863 -0.023072264396113221 -0.013842483999034627 0.039862237641537547 -0.042566919774983426 0.02066476213765666 0.0016740165619400318 -0.021388527940516499 -0.022876091997764456 0.027658722085954227 0.0063255985130437854 -0.019757382733164623 -0.012861277321780201 -0.044589898225659307 0.0026638809345364022 -0.019821170579169382 -0.026159783413023972 -0.0073818814506891586 -0.011159853672561346 -0.011914534923713018 0.0081971972992513527 -0.04007070173984504 0.027990210670154139 -0.0042410150476206547 0.033457310768030137 0.026857011779212882 0.01879748552172094 -0.010513771895900153 -0.041612534442621751 -0.010183266699118728 -0.067473306025448418 -0.01285709439082407 -0.0015072436735975193 0.0485529417198605 -0.0049359868473539447 0.024278258731790014 0.0081022953874454583 0.0014935244337725905 0.026659777558973103 -0.012454948926241384 -0.0099212273337851292 0.03139581885838777 0.030653511439823304 -0.00084649236041064947 0.0047541071402488226 0.029460390786181186 0.0088879997521001623 -0.0081572398042528711 -0.0057895576653070194 -0.02738649143554835 0.029364500036955548 -0.0046746037086441731 0.029539615878952988 0.021023125689150376 -0.0259558348949325 -0.00097937186928973453 -0.030556642279382196 0.0053597804763835608
leaf_weight=5.4321399331092861 5578.8041254281998 5.2998683303594616 4.9149299636483184 27.667640961706638 10.974866755306726 5.6305174119770545 26.113889258354902 4.6603340953588512 4.7091572768986216 15.746704045683146 51.08174791187048 13.060472220182417 9.5589852668344957 17.09018562734127 24.356241255998611 8.7935161441564578 5.0685748755931854 7.6113969981670362 5.067067414522171 17.232859600335363 5.0174483694136134 5.0248129479587078 28.806078962981701 68.875074364244938 10.231347370892761 5.9247645474970332 16.139141492545608 7.3186175487935534 5.076213598251341 14.119039095938204 17.291082285344601 73.669085972011089 4.5036266967654219 6.6832324229180804 4.2758094966411591 15.171095594763754 5.2147177755832654 4.9683287739753723 25.389515727758408 5.1025796979665774 5.000487081706523 8.7212051525711995 26.306616559624672 11.69141139090061 7.4766225814819327 5.5291065275669125 6.3287094831466666 23.417875707149506 39.886479467153549 19.484911072999239 25.111462481319904 8.5264415927231294 5.7926828414201763 7.1970037482678881 4.9415943510830393 75.380349636077881 7.5265904515981665 2.0005822032690048 9.7741489037871379 527.22601883485913 13.076018169522284 16.717562153935432
leaf_count=21 23809 21 23 122 51 27 122 18 24 69 229 55 46 63 106 40 21 34 20 87 56 23 128 315 44 29 66 33 21 60 72 329 22 30 24 71 23 18 108 19 21 38 97 48 31 20 23 93 177 76 106 39 26 35 21 330 30 15 44 2267 61 68
internal_value=0.000149596 -0.00124051 -0.00418969 -0.00558457 -0.00143212 -0.00883849 -0.00257372 0.00180027 -0.00708267 0.00113371 0.00522681 -0.000692547 0.00305742 0.00963207 0.0117119 0.00714312 0.000877899 -0.0116938 -0.0257045 0.00327139 0.00461565 -0.00559362 -0.00104493 -0.00643746 -0.0114565 -0.0141447 0.00679118 0.0179343 0.0131416 0.013195 0.00580005 -0.0138257 -0.0123054 -0.0293238 -0.0422368 -0.00474239 0.00668898 0.0229172 0.00132739 0.00577057 -0.0153752 -0.0213358 0.00756997 0.0102699 0.018564 0.00430406 0.00985849 0.00531205 0.00139584 -0.000577311 0.00212167 0.0107512 0.0213824 -0.00113383 0.000550668 -0.000866226 0.00868868 -0.0127097 0.000350728 -0.00190546 -0.0142453 -0.00619415
internal_weight=7034.79 889.193 390.838 349.833 167.563 182.27 87.5073 61.3934 32.3768 498.355 174.924 83.2941 70.2336 91.6297 29.0166 60.6746 142.867 22.8496 12.6785 120.017 115.102 27.3339 323.431 100.778 85.0312 74.7998 74.5395 23.4578 10.101 40.2036 26.0846 94.7623 78.1727 16.5896 9.90633 20.471 41.0047 10.183 30.8217 10.1712 24.6966 19.6961 87.7684 80.7503 33.7832 46.9671 35.2757 28.947 222.654 175.241 146.434 33.804 25.2776 112.63 105.433 100.492 47.4131 7.01803 6145.6 566.794 39.5677 26.4917
internal_count=30165 3916 1735 1565 741 824 392 270 146 2181 756 365 310 391 124 264 631 94 54 537 514 131 1425 457 388 344 328 99 44 172 112 432 351 81 51 92 170 41 129 40 110 89 383 312 128 184 136 113 968 761 633 141 102 492 457 436 207 71 26249 2440 173 112
cat_boundaries=0 1 2 3 4 5 6 7 8 9 10 11 12 13 14
cat_threshold=3 22 10 36 8 4 4 4 4 10 8 8 2 2
is_linear=0
shrinkage=0.04


Tree=128
num_leaves=63
num_cat=4
split_feature=7 10 8 8 1 12 1 11 15 1 9 8 8 1 1 1 9 5 6 9 8 9 8 8 11 6 10 11 6 1 8 8 12 9 8 6 8 3 6 9 6 10 8 8 9 9 6 8 8 6 6 9 14 6 9 9 8 1 8 8 8 1
split_gain=1.18507 1.57084 4.57706 3.44383 3.04245 2.3984 5.93003 3.15057 3.13498 4.85939 3.83211 2.85727 2.48978 3.39755 2.33944 2.67008 2.30269 2.39275 5.23688 7.35265 4.06095 2.94894 2.34535 2.42137 5.20213 4.78966 2.73888 3.59694 3.59327 2.72679 2.33238 2.29305 2.79036 4.36332 5.64731 4.1967 2.7322 2.68103 2.47453 2.53612 2.42275 2.22064 4.84318 7.11708 3.53105 2.82924 2.4726 2.34984 2.19398 3.89865 3.9031 2.91829 3.352 2.18689 3.98595 2.95345 2.70552 2.16417 4.53684 2.13925 2.09368 1.98808
threshold=2.5000000000000004 1.5000000000000002 20.500000000000004 21.500000000000004 20.500000000000004 0 22.500000000000004 1.0000000180025095e-35 1 11.500000000000002 4.1500000000000012 36.500000000000007 38.500000000000007 17.500000000000004 9.5000000000000018 21.500000000000004 4.6500000000000012 1.0000000180025095e-35 3.5000000000000004 4.7500000000000009 23.500000000000004 4.7500000000000009 37.500000000000007 31.500000000000004 1.5000000000000002 3.5000000000000004 1.0000000180025095e-35 1.0000000180025095e-35 1.5000000000000002 10.500000000000002 25.500000000000004 28.500000000000004 2 4.6500000000000012 24.500000000000004 1.5000000000000002 22.500000000000004 1.0000000180025095e-35 5.5000000000000009 4.0500000000000007 3.5000000000000004 1.0000000180025095e-35 32.500000000000007 25.500000000000004 4.5500000000000007 4.7500000000000009 1.5000000000000002 25.500000000000004 30.500000000000004 1.5000000000000002 3.5000000000000004 4.4500000000000011 3 1.5000000000000002 4.2500000000000009 4.5500000000000007 35.500000000000007 20.500000000000004 25.500000000000004 35.500000000000007 35.500000000000007 8.5000000000000018
decision_type=2 2 8 8 2 1 2 10 1 2 8 10 10 2 2 2 10 2 2 10 10 10 10 10 10 2 2 10 2 2 10 10 1 8 10 2 10 2 2 10 2 2 10 8 8 10 2 8 10 2 2 8 9 2 10 10 8 2 10 10 8 2
left_child=1 5 -3 -4 -5 6 14 -8 9 10 -7 31 16 -14 -1 53 22 18 19 30 -19 -20 23 25 29 26 27 -10 -29 -25 -18 32 33 34 37 -35 40 -11 39 -33 -34 42 43 -12 -45 -46 -43 -48 -6 -50 -51 -52 -53 56 -55 -56 -16 58 -23 -49 61 -21
right_child=-2 2 3 4 48 8 7 -9 12 11 41 -13 13 -15 15 -17 17 20 21 60 -22 57 -24 24 -26 -27 -28 28 -30 -31 -32 38 36 35 -36 -37 -38 -39 -40 -41 -42 46 -44 44 45 -47 47 59 49 50 51 52 -54 54 55 -57 -58 -59 -60 -61 -62 -63
leaf_value=-0.031092266388448715 0.00029058438324138148 -0.039244057671553027 0.022086139957399126 -0.0086074821991235506 0.011169147489755686 0.059015587522685896 0.062461379964246007 0.0025370924624255075 -0.020132021699946802 -0.018755490277799738 -0.02591987349392532 -0.017849597240058517 0.047045759385966467 -0.0066810495122669742 -0.038471511256205328 -0.03703871919958393 -0.0053078408098406263 0.023366885883582631 -0.005374952219657593 0.017784646734185016 -0.0219196817426821 -0.020355952965368299 -0.045799657453966483 -0.0470983756528119 0.045884761773787898 -0.031372968691411034 -0.020298890356550307 0.059187617681740683 0.0023429973966099648 -0.00054910415475454253 0.033884990675519727 -0.03057853584102813 0.023859705932041862 -0.047332141733706472 0.072794565320149163 0.0073914606795098207 -0.022551235375215632 0.031689565137144778 0.030495962761987624 0.0082567111988500856 -0.016994005851552023 0.044380897119954146 -0.02999841113066604 0.073111084244812871 -0.0055212046066815904 0.047521020425620106 0.041296710317841649 -0.0052021314479718181 -0.03801072830145065 0.033291545948257673 -0.046820706067690912 -0.022561833850297138 0.020680306231450816 -0.045291337082765767 0.037138206897743213 -0.00051555243064709509 0.012033314353274756 0.051773504894773538 0.033940194118679316 0.030783933540752054 -0.046406794823304579 -0.017152878646864836
leaf_weight=9.1888920664787275 6509.9712596684694 5.9607987664639941 7.9697535187005988 109.17097902297974 26.595844477415085 3.1775428876280776 2.6239075288176528 3.0189233794808388 3.7811260446906108 3.1180696636438388 4.4472164586186418 11.542528692632912 3.654516488313674 3.8854774460196495 5.6259659193456146 4.6966504231095305 3.5225858613848668 4.028555445373061 5.7869256809353855 3.0059844478964868 14.834201484918593 3.3815943375229862 2.8411912582814685 2.3372755125165048 3.6138017959892741 15.582512531429527 7.2086698003113261 3.2502344697713852 3.931242324411869 14.533566500991581 7.8286594897508621 2.8965125866234294 4.8413538485765475 3.0227507650852194 3.2264852933585644 8.683433532714842 17.548360951244831 3.6696029007434845 7.5007965937256804 37.833804715424776 4.4641383662819862 5.8188030868768719 5.0948061868548384 2.8053761869668952 3.4290165007114419 3.0313235968351364 3.8679551184177425 8.7733774930238706 4.7407348379492786 4.8993880897760418 2.556680575013158 5.3967766091227531 6.1216276660561562 2.7363434620201614 3.9812247604131725 20.469692934304476 2.4301588684320459 4.4166021905839434 9.0570521801710111 3.7826830670237532 3.34613387659192 19.583349477499723
leaf_count=87 25846 57 55 969 179 19 15 29 37 23 39 115 25 43 55 45 30 26 47 24 126 27 33 23 27 154 66 21 31 127 56 32 37 30 19 63 138 24 44 287 34 38 41 16 27 19 27 66 44 38 28 42 40 34 29 163 20 29 64 27 36 173
internal_value=0.00014326 -0.00168644 -0.00480069 -0.0035746 -0.00485694 -0.000146773 -0.00713175 0.0304018 0.00134141 0.00518312 0.0166958 0.000961962 -0.00281724 0.0193595 -0.0128944 -0.00870767 -0.00425525 0.000176895 0.00408758 -0.00512668 -0.0122477 0.0192614 -0.0103733 -0.00851755 0.00233131 -0.0151016 -0.00114825 0.0114446 0.0280701 -0.00699801 0.0217224 0.00320495 -0.00292953 0.00673977 0.0292264 -0.00673917 -0.00966215 0.0085165 0.00938307 0.00549497 0.00426089 0.01342 0.00330268 0.0156751 0.0356393 0.0193673 0.0219749 0.0140367 0.00328144 -0.00556437 0.00254229 -0.0081612 0.000419846 -0.00493218 0.000491763 0.00561543 -0.0232365 0.0277199 0.0191791 0.00563916 -0.0168778 -0.0125037
internal_weight=7034.14 524.172 173.413 167.452 159.482 350.759 54.7718 5.64283 295.987 152.576 44.2281 108.348 143.411 7.53999 49.1289 39.94 135.871 78.7916 59.9289 37.2867 18.8628 22.6422 57.0796 54.2384 20.4846 33.7538 18.1713 10.9626 7.18148 16.8708 11.3512 96.8053 48.5742 21.7203 10.0142 11.7062 26.8539 6.78767 48.2311 40.7303 9.30549 41.0506 18.8077 13.7129 9.26572 6.46034 22.2428 16.424 50.3111 23.7152 18.9745 14.0751 11.5184 35.2434 27.1873 24.4509 8.05612 16.8552 12.4386 12.5561 25.9355 22.5893
internal_count=30165 4319 1452 1395 1340 2867 477 44 2390 1165 319 846 1225 68 433 346 1157 638 486 319 152 167 519 486 177 309 155 89 52 150 86 731 368 159 66 93 209 47 363 319 71 300 142 101 62 46 158 120 371 192 148 110 82 301 226 192 75 120 91 93 233 197
cat_boundaries=0 1 2 3 4
cat_threshold=32 6 5 8
is_linear=0
shrinkage=0.04


Tree=129
num_leaves=63
num_cat=12
split_feature=9 13 9 12 2 0 0 17 14 15 6 7 10 0 8 8 14 8 8 10 10 12 7 8 0 6 8 0 7 6 9 0 8 14 16 0 16 11 6 8 8 5 9 11 12 6 11 10 2 7 15 9 0 6 6 11 8 8 8 0 10 9
split_gain=1.11976 3.64531 3.18605 2.5854 3.22127 3.52037 3.03147 2.91098 3.71572 2.77377 3.07454 7.13012 3.79062 3.64162 3.60109 5.27488 3.50712 2.76437 4.01174 2.58355 2.57607 2.71137 3.78953 4.27771 7.82622 4.53244 5.60451 6.29427 3.50034 6.30612 3.37437 5.33027 3.02501 2.43927 7.90859 3.32859 4.11045 5.27031 7.04886 5.42764 2.911 7.28621 6.22035 3.35544 3.32362 2.42621 6.04354 3.47134 2.99517 2.74178 2.35948 3.94762 4.13667 3.23394 3.47495 3.02156 2.33761 2.27536 2.92748 2.24391 2.19852 2.17511
threshold=4.1500000000000012 0 3.6500000000000008 1 1.0000000180025095e-35 12.500000000000002 12.500000000000002 2 3 4 2.5000000000000004 3.5000000000000004 1.5000000000000002 7.5000000000000009 36.500000000000007 28.500000000000004 5 30.500000000000004 33.500000000000007 1.0000000180025095e-35 1.0000000180025095e-35 6 3.5000000000000004 35.500000000000007 7.5000000000000009 1.5000000000000002 29.500000000000004 12.500000000000002 3.5000000000000004 5.5000000000000009 4.0500000000000007 7.5000000000000009 27.500000000000004 7 8 12.500000000000002 9 1.0000000180025095e-35 3.5000000000000004 33.500000000000007 28.500000000000004 1.0000000180025095e-35 3.5500000000000003 1.0000000180025095e-35 10 1.5000000000000002 1.0000000180025095e-35 1.0000000180025095e-35 1.0000000180025095e-35 3.5000000000000004 11 3.7500000000000004 1.0000000180025095e-35 3.5000000000000004 1.5000000000000002 1.0000000180025095e-35 28.500000000000004 24.500000000000004 30.500000000000004 12.500000000000002 1.5000000000000002 3.9500000000000006
decision_type=10 9 8 1 2 10 10 9 9 1 2 2 2 8 10 8 9 10 10 2 2 1 2 10 10 2 10 8 2 2 10 8 10 9 9 8 9 10 2 10 10 2 10 10 1 2 10 2 2 2 1 10 10 2 2 8 10 8 10 8 2 10
left_child=1 2 -1 4 5 7 -6 8 -4 10 17 12 13 -12 15 -15 -14 -5 -19 -17 21 22 23 25 -25 26 27 -3 29 30 -23 -32 -27 34 -22 36 37 38 -35 57 44 43 -43 -42 -37 46 -11 -48 49 -47 55 53 -53 54 -52 -10 -8 -39 -59 -34 -7 -57
right_child=-2 20 3 9 6 60 56 -9 50 45 11 -13 16 14 -16 19 -18 18 -20 -21 33 28 -24 24 -26 32 -28 -29 -30 -31 31 -33 59 35 -36 40 -38 39 -40 -41 41 42 -44 -45 -46 48 47 -49 -50 -51 51 52 -54 -55 -56 61 -58 58 -60 -61 -62 -63
leaf_value=0.0064282788080871223 0.00032891652271573979 -0.033506181226391332 0.024573748729278928 -0.0052699599042707228 -0.0044337927972338187 0.0051943793558042548 -0.055640971438357591 -0.03146787977347832 0.0071720116113252533 -0.062075378236588756 0.017125055940769289 0.02511023280043681 -0.0088976663199816508 0.008959697910660834 0.014871983387347644 -0.059014316213547809 -0.055676520311136964 0.038076366337767384 0.0017617080967145429 -0.021851924624961189 0.01988575845434393 0.0047367019999490891 -0.020509455255172317 0.018056458623799298 -0.054698439873744412 0.0082754001816838802 0.043438847873367326 0.029042954110509549 0.026637830293705506 -0.026152102879167357 -0.0084881680138319954 0.037416568402595829 -0.030075235399952247 -0.057427336634121334 -0.010988276944179181 -0.0035497992334088593 -0.034250690423701408 -0.028371935688416387 0.0083187562046876384 0.023163464635026079 0.047327016748790127 0.019042478363770442 -0.04180942640896089 0.016131378363781805 0.0088519336115749775 -0.011534351318387931 0.005744922927545768 -0.028390717578788444 0.0096400203213675671 -0.042110768404062381 0.0070035194145765299 -0.030197300497883512 -0.00014546572370065488 -0.0057439914869574348 0.041304478379786624 -0.038893315975532056 -0.014155573330661114 0.013158757253213058 -0.020328486898586708 -0.00055088746969454727 0.028598936215028351 -0.010973806156252406
leaf_weight=40.948908295482397 6144.4906129576266 4.5820995569229135 8.4843567907810211 20.279083002358675 15.968935154378414 17.875065844506025 4.120315782725811 5.2048944197595111 6.4499789960682419 5.5664106495678451 6.507264785468581 7.7903847843408576 4.2570865973830223 5.0267292223870816 4.4811876863241187 5.8068124204874021 6.4489057585597021 7.8334764838218716 12.854303583502768 6.1772877722978592 15.731823083013296 46.123051524162292 13.082398384809492 4.3040535375475866 5.252644706517458 23.469705350697041 10.073398582637308 5.873820625245572 17.029160514473915 8.380222484469412 5.6443204358220127 14.30298103764653 7.5816897228360203 5.7945712395012361 85.00135499984026 82.078112877905369 7.6768305115401736 6.2907612994313267 4.7462842836976051 14.737144678831099 7.7128921635448959 4.9774410650134069 5.8426872044801712 19.374703630805016 45.861502099782228 54.19652434438467 7.8650365918874767 12.09891804307699 9.8464235663413984 5.1369903087615958 10.458540365099912 9.035842336714266 38.791319295763969 9.8250900581479055 8.620831646025179 8.8250514976680297 4.598761186003685 10.395200546830894 6.9825926981866351 9.0175017416477186 10.022206239402296 9.0359652489423734
leaf_count=170 26249 21 36 89 69 75 20 25 28 29 29 29 20 21 18 33 34 30 57 32 69 207 55 19 27 101 38 24 63 38 26 57 37 30 388 356 38 32 20 60 30 22 27 83 194 250 33 55 42 23 42 44 169 46 36 47 21 44 32 43 41 42
internal_value=0.000137002 -0.00119041 -0.0040248 -0.00536473 -0.00136888 0.000858409 -0.014791 -0.00224036 -0.000851418 -0.00849336 -0.00248114 -0.00980444 -0.0168319 -0.00909135 -0.017029 -0.0254328 -0.0370756 0.00522485 0.0155123 -0.0398587 0.00109107 0.00502615 -0.000665341 0.00294032 -0.0219318 0.00686281 0.022146 0.00163204 0.0092648 0.00653547 0.0106815 0.0244273 -0.000967522 -0.0010024 -0.00616658 0.00133591 -0.00703765 -0.00276953 -0.0278235 0.0041068 0.0041948 0.0139305 -0.0138165 0.025014 0.00131018 -0.0132783 -0.025219 -0.0149426 -0.0107911 -0.0141816 -0.00298632 0.00108829 -0.00582307 0.0129008 0.0225021 -0.0115454 -0.03376 -0.00775876 -0.000296794 -0.0140361 0.0136026 -0.0247687
internal_weight=7032.85 888.36 390.439 349.49 167.317 142.629 24.688 114.732 109.527 182.173 87.4625 46.4957 38.7053 27.9993 21.492 17.0108 10.706 40.9669 20.6878 11.9841 497.921 174.717 83.2373 70.1549 9.5567 60.5982 20.5293 10.4559 91.4797 74.4506 66.0704 19.9473 40.0689 323.204 100.733 222.471 56.6234 48.9466 10.5409 38.4057 165.847 37.9077 10.8201 27.0876 127.94 94.7103 25.5304 19.964 69.1799 59.3335 101.043 76.7316 47.8272 28.9045 19.0794 24.311 8.71908 23.6686 17.3778 16.5992 27.8973 17.861
internal_count=30165 3916 1735 1565 741 631 110 515 490 824 392 216 187 133 104 86 54 176 87 65 2181 756 365 310 46 264 83 45 391 328 290 83 181 1425 457 968 256 218 50 168 712 162 49 113 550 432 117 88 315 273 454 337 213 124 78 117 41 108 76 80 116 89
cat_boundaries=0 1 2 3 4 5 6 7 8 9 10 11 12
cat_threshold=3 22 1 2 10 4 36 4 4 1 74 8
is_linear=0
shrinkage=0.04


Tree=130
num_leaves=63
num_cat=6
split_feature=8 8 8 14 11 1 17 9 6 9 0 9 6 11 11 8 9 1 11 14 9 11 6 8 1 9 10 8 0 9 1 0 15 9 4 11 0 6 11 5 1 10 10 1 8 1 1 5 8 1 14 1 16 0 10 8 9 6 1 6 1 8
split_gain=2.04107 3.49673 3.67806 4.10449 4.08879 6.41081 3.98615 3.18244 2.99033 3.83101 5.17339 4.06829 2.71606 3.54036 3.55027 3.38776 4.43995 4.02344 3.40108 3.05745 2.9399 3.38181 3.26932 4.29418 3.01172 3.25409 2.96108 3.99751 3.19885 2.90629 6.36581 6.15333 2.65003 2.82414 3.74058 3.8047 7.34757 3.61885 3.28811 4.18506 6.3347 3.83981 5.08429 4.49781 4.01166 7.03786 5.51372 4.74475 4.54886 3.78545 3.75595 4.73121 2.81395 2.79562 3.23482 3.30222 2.77435 8.63515 3.57789 3.21121 4.43406 12.5461
threshold=33.500000000000007 29.500000000000004 31.500000000000004 0 1.5000000000000002 19.500000000000004 1 4.8500000000000005 2.5000000000000004 4.5500000000000007 12.500000000000002 4.3500000000000005 2.5000000000000004 1.5000000000000002 2.5000000000000004 22.500000000000004 4.4500000000000011 21.500000000000004 1.5000000000000002 2 4.3500000000000005 1.0000000180025095e-35 1.5000000000000002 23.500000000000004 9.5000000000000018 4.2500000000000009 1.0000000180025095e-35 26.500000000000004 7.5000000000000009 4.3500000000000005 20.500000000000004 12.500000000000002 3 4.5500000000000007 1.0000000180025095e-35 1.0000000180025095e-35 1.0000000180025095e-35 5.5000000000000009 1.0000000180025095e-35 1.0000000180025095e-35 18.500000000000004 1.0000000180025095e-35 1.5000000000000002 8.5000000000000018 22.500000000000004 20.500000000000004 15.500000000000002 1.0000000180025095e-35 26.500000000000004 18.500000000000004 4 11.500000000000002 5 7.5000000000000009 1.5000000000000002 24.500000000000004 4.1500000000000012 4.5000000000000009 8.5000000000000018 5.5000000000000009 19.500000000000004 24.500000000000004
decision_type=8 10 10 9 10 2 9 10 2 10 10 10 2 10 10 10 8 2 10 9 10 8 2 8 2 8 2 8 10 10 2 8 1 10 2 8 10 2 8 2 2 2 2 2 10 2 2 2 10 2 9 2 9 10 2 10 10 2 2 2 2 10
left_child=1 7 3 8 6 -6 -4 12 -3 11 -11 -10 15 32 29 16 17 19 -18 -1 21 -17 23 -23 -25 26 27 -26 -28 31 -31 -15 -14 34 35 -34 -37 -36 41 40 53 -35 44 -44 46 47 -43 49 52 -46 51 -45 -47 -40 -55 -56 57 -38 -58 60 -60 -62
right_child=-2 2 4 -5 5 -7 -8 -9 9 10 -12 -13 13 14 -16 20 18 -19 -20 -21 -22 22 -24 24 25 -27 28 -29 -30 30 -32 -33 33 38 37 36 56 -39 39 -41 -42 42 43 50 45 48 -48 -49 -50 -51 -52 -53 -54 54 55 -57 58 -59 59 -61 61 -63
leaf_value=-0.0071371347078695449 -0.00070478231895939008 0.0033868162670627777 0.00072141691320423988 0.0054267541456400207 -0.023995692535314996 0.0050425693282537196 0.021296563719105658 0.0020511394957357797 -0.02064704127278616 -0.041112982740328534 0.0075939316047508414 0.029996721321927797 -0.0023238744494776557 -0.02894105056373112 0.018262675537553313 0.0024061309019318628 -0.0014609058634386452 -0.014474131289195544 0.032929737727158369 0.02153364309147102 -0.0027675963208548967 0.021969218403416219 -0.025812176845054734 -0.040859593177888176 -0.055910836351366983 0.015521698223262093 0.019065313359532061 -0.0093433050645772061 -0.021652510658931284 -0.040314010859027791 0.013906771653788523 0.020586753452334291 0.0038415816802205884 0.0077736579249613981 0.010738296273641415 -0.037933721541431202 0.0033917704586195765 -0.0098776388541740572 0.012961891574304859 0.0088297090337272136 -0.0059352800535736397 0.025174501863865949 0.018958104356091212 -0.042053280625660577 -0.0039108918005501016 -0.028638673073461525 -0.0097136491670329946 -0.037620893179864064 0.022004956119625056 -0.042923314017642905 0.0068998672738022938 -0.0041849348532709395 0.010651587506788169 -0.0058375065457415389 -0.0033928624816356098 0.025469094479180346 0.025155943140726167 -0.044195192834560547 -0.015844455262393399 0.0083029497594260277 0.04133299999669568 -0.027331639099225903
leaf_weight=7.1294556856155396 2329.0697220563889 26.934670016169548 609.80182861164212 630.47208553180099 26.69657539203763 22.346891090273857 15.447300940752028 919.89011415466666 5.2135374322533625 12.080824077129366 4.9060287177562705 4.9452715814113617 319.98096936568618 7.8357613161206272 5.6162467971444121 24.683315489441156 263.91951847448945 7.7697776183485976 4.6826847642660132 36.007608614861965 635.74825534969568 6.4937697872519484 26.727638874202967 5.4154938459396353 5.2219313383102461 6.9807230159640303 6.050475247204302 6.7776198908686647 6.3029319494962692 13.919475369155409 4.6125640496611586 8.2281363606452924 56.504550963640213 69.169540159404278 56.740095976740122 12.358067460358141 13.985912863165142 17.927841912955046 66.500776387751102 238.08312944322824 106.2979786247015 10.965420145541428 22.304653897881508 6.2221319302916518 19.424446903169159 7.5943279489874858 21.378326751291752 21.651348885148764 10.801517665386198 5.0048947110772124 43.966993600130081 34.820696905255318 4.7349450439214706 39.706925094127655 11.592859171330931 14.00529872626066 7.0177671164274207 10.82226527482271 45.059871941804886 22.724327526986599 8.7982736080884951 8.249725513160227
leaf_count=31 10087 112 2608 2655 125 98 63 3886 24 58 21 18 1399 36 22 106 1128 34 21 143 2695 25 126 24 24 29 24 29 28 67 20 34 251 298 240 58 60 80 273 975 467 46 89 33 89 35 94 107 43 24 190 150 20 172 50 55 29 52 204 93 34 38
internal_value=0.000263601 0.000743147 0.00245421 0.00451962 0.00035738 -0.0107643 0.00122974 4.79361e-05 -0.00605584 -0.0154251 -0.0270458 0.00400616 -0.000712102 0.000457945 -0.0112359 -0.002244 0.00119142 0.0120226 -0.000861356 0.0167951 -0.0037468 -0.0103237 -0.0148143 -0.00801673 -0.0133154 -0.00855486 -0.0154564 -0.0296084 -0.00170966 -0.0160247 -0.0268186 -0.00357227 0.000810342 0.0018041 -0.00177148 -0.00481416 -0.00860507 0.00578839 0.00306151 0.00507963 0.00132987 -0.000394843 -0.00309993 0.00297105 -0.00951521 -0.0149499 0.00211439 -0.023987 0.00305351 -0.0119035 -0.00122359 -0.00992581 -0.0135496 0.00718903 0.00131046 0.0123981 -0.00549817 -0.0173675 -0.00229234 -0.004563 -0.00927046 0.00810538
internal_weight=7032.32 4703.25 1358.85 684.552 674.293 49.0435 625.249 3344.41 54.0803 27.1457 16.9869 10.1588 2424.52 1374.61 40.2122 1049.91 319.509 50.9068 268.602 43.1371 730.402 94.6539 69.9706 43.2429 36.7492 31.3337 24.353 11.9996 12.3534 34.5959 18.532 16.0639 1334.4 1014.41 260.189 185.521 129.016 74.6679 754.226 476.187 238.104 278.039 208.87 107.314 101.555 69.2115 32.3437 46.0807 23.1308 24.4293 85.0098 41.0428 12.3293 131.806 65.3051 25.5982 116.658 24.8082 91.85 84.8322 62.1079 17.048
internal_count=30149 20062 5782 2888 2894 223 2671 14280 233 121 79 42 10394 5927 179 4467 1357 208 1149 174 3110 415 309 183 158 134 105 53 52 157 87 70 5748 4349 1139 819 568 320 3210 1992 1017 1218 920 462 458 318 140 220 98 113 373 183 55 550 277 105 510 112 398 369 276 72
cat_boundaries=0 1 2 3 4 5 6
cat_threshold=2 1 8 4 8 1
is_linear=0
shrinkage=0.04


Tree=131
num_leaves=63
num_cat=14
split_feature=8 8 8 14 11 1 12 6 12 10 15 6 15 16 0 1 11 1 4 5 0 7 6 1 10 6 14 16 7 0 11 10 1 1 13 1 1 0 10 7 7 1 12 6 8 10 15 10 14 3 11 1 1 11 12 1 1 1 16 5 0 8
split_gain=1.88081 3.22419 3.39139 3.78378 3.77044 5.91488 3.07826 2.75759 2.69827 6.83049 4.95996 4.71866 4.06461 4.0323 6.02629 3.43646 3.15386 4.96701 6.98258 3.41163 3.23337 3.13475 2.96393 8.41836 5.2752 2.62122 4.13342 2.83548 4.14904 4.27966 4.87274 4.95514 3.66484 3.46485 2.56706 2.38881 2.83024 2.35776 2.2953 2.21467 2.1778 3.56 3.65385 3.93645 4.94308 3.46702 3.3228 4.30857 3.09837 2.84376 3.57127 2.59296 3.14453 2.40852 2.37186 3.52548 5.11899 3.35552 4.90286 3.06268 6.41884 4.42243
threshold=33.500000000000007 29.500000000000004 31.500000000000004 0 1.5000000000000002 19.500000000000004 1 2.5000000000000004 2 1.5000000000000002 3 5.5000000000000009 4 5 7.5000000000000009 21.500000000000004 1.0000000180025095e-35 19.500000000000004 1.0000000180025095e-35 1.0000000180025095e-35 12.500000000000002 3.5000000000000004 2.5000000000000004 10.500000000000002 1.0000000180025095e-35 5.5000000000000009 6 7 3.5000000000000004 12.500000000000002 1.0000000180025095e-35 1.0000000180025095e-35 19.500000000000004 20.500000000000004 8 10.500000000000002 19.500000000000004 7.5000000000000009 1.5000000000000002 3.5000000000000004 3.5000000000000004 1.0000000180025095e-35 9 1.5000000000000002 36.500000000000007 1.0000000180025095e-35 10 1.5000000000000002 11 1.0000000180025095e-35 1.0000000180025095e-35 14.500000000000002 9.5000000000000018 2.5000000000000004 12 14.500000000000002 16.500000000000004 22.500000000000004 13 1.0000000180025095e-35 7.5000000000000009 35.500000000000007
decision_type=8 10 10 9 10 2 1 2 1 2 1 2 1 9 10 2 10 2 2 2 10 2 2 2 2 2 9 9 2 8 10 2 2 2 9 2 2 8 2 2 2 2 1 2 10 2 1 2 9 2 10 2 2 10 1 2 2 2 9 2 8 10
left_child=1 -1 3 7 6 -6 -4 35 25 10 11 16 15 -12 -15 39 22 19 -19 20 -18 -14 24 -24 -10 27 -27 -5 29 30 -29 -32 -31 -33 -2 -3 -37 -7 -28 -11 53 42 45 -44 48 -42 47 -43 -45 50 -49 52 -48 54 55 -36 -57 -56 59 61 -61 -59
right_child=34 2 4 8 5 37 -8 -9 9 12 13 -13 21 14 -16 -17 17 18 -20 -21 -22 -23 23 -25 -26 26 38 28 -30 32 31 33 -34 -35 40 36 -38 -39 -40 -41 41 46 43 44 -46 -47 51 49 -50 -51 -52 -53 -54 -55 57 56 -58 58 -60 60 -62 -63
leaf_value=4.5788914117964499e-05 -0.0026918471730720244 0.026054790069170854 0.0069054634364212001 0.011454819359415468 -0.023058188550733567 0.02545103537023731 -0.00018816424018548036 -0.014816888670534545 0.00094648131118778474 0.023686878045798804 -0.0037533533775674388 0.022875627094246266 -0.0041257519282867144 -0.045071838062501264 -0.003948042360814686 -0.0058201365436616739 0.0089426920341428122 0.034179965363850921 -0.0038801679004901004 -0.028649208477052237 -0.018769535661833526 0.023421691591124803 0.04834221000118151 -0.016802174904644866 -0.049054420090937773 -0.012174826453803115 0.028360578202592399 -0.03209700978073439 -0.0285811272997256 0.0075058691664918612 0.027886750331924809 -0.03127901838482601 0.043452275734471864 0.012745836680869043 0.0092930550701723121 -0.015945511395807764 0.013529557594952739 -0.0033509207182478647 -0.0014606820384023736 0.051075658331782903 0.034972337969699036 0.0056432451646162129 -0.046370017392952996 -0.040646950367703348 0.02331876445877154 -0.00060848771583348819 -0.007221903868413964 -0.00073467751054320796 -0.0017690420662651537 0.049955730519961938 0.028141209848607841 -0.0042584157715106485 0.017485394346673021 0.023689816499720892 -0.00052461271872584299 -0.030674663634936521 0.0011798216726682572 -0.021557315642847189 0.0056876789330631795 -0.055689219785457642 -0.01162695147228044 -0.00012358172039923158
leaf_weight=3343.9745602682233 695.23503647372127 5.7744600176811245 111.1730875223875 219.92243609577417 26.671232666820288 6.355333466082814 514.01894408091903 27.128392353653908 6.8437738791108149 31.409635949879885 83.488218616694212 18.946852676570415 36.080613404512405 10.46721136569977 12.52217300236225 5.5992214456200591 25.839282982051373 17.708088420331478 13.663389503955843 7.1262619644403449 9.1120459884405118 8.0916120558977109 4.4534014016389838 11.047028206288813 6.6626878157258034 23.797441944479942 8.4945098236203194 7.6408209204673794 6.5437712520360938 14.06087724119425 8.8484572917222994 6.4827683717012388 6.7005118802189818 5.1187372356653214 91.806214675307274 11.842690698802473 9.3099717274308187 15.98695784434676 8.036522850394249 5.5598685294389716 5.5416076779365566 70.027333348989487 6.4635556936264065 7.218073695898056 5.1161843985319129 20.93443389236927 12.608067959547041 10.540653243660929 6.0112189799547213 5.2438835501670829 19.587189957499504 69.190129995346069 23.799665868282318 6.5861247815191737 1018.9392486512661 8.6722319647669774 116.55647183209658 23.505476176738739 33.914751775562763 7.2270955890417126 19.73419126495719 44.678616762161255
leaf_count=14280 3029 22 467 913 125 26 2204 121 28 128 363 74 160 50 53 27 107 68 63 32 41 30 16 51 31 103 33 35 28 58 35 30 26 21 387 53 37 72 32 19 20 274 29 32 19 84 51 42 24 18 72 278 90 27 4472 42 508 115 149 37 88 200
internal_value=0.000252975 0.000713377 0.00235662 0.00434034 0.000343134 -0.0103402 0.00118068 -0.00581595 0.0052114 0.00231757 -0.001245 0.00419219 0.0119441 -0.00716511 -0.022672 0.0189349 0.00114629 0.00555661 0.0176034 -0.00342505 0.00171793 0.000750561 -0.0100212 0.00191434 -0.0237188 0.00777606 -0.00150165 0.0094175 0.00132931 0.00533583 -0.00484233 0.00534097 0.0191072 -0.0118547 -0.000676571 0.00325227 -0.00297258 0.00484188 0.013863 0.0278059 0.000196215 0.00353697 -0.00591545 -0.013917 -0.0100692 0.00496393 0.00583449 0.010404 -0.0229813 0.0227703 0.0180386 0.00026343 0.00892921 -0.000441176 -0.000557605 0.00319184 -0.00102614 -0.00128308 -0.00737067 -0.0120253 -0.023438 -0.00751255
internal_weight=7031.64 4702.5 1358.53 684.324 674.206 49.0135 625.192 54.0555 630.268 314.621 227.88 121.403 86.741 106.478 22.9894 42.5687 102.456 73.4491 31.3715 42.0776 34.9513 44.1722 29.0069 15.5004 13.5065 315.647 40.3285 275.318 55.3959 48.8522 28.0908 20.45 20.7614 11.6015 2329.14 26.9271 21.1527 22.3423 16.531 36.9695 1633.9 262.282 51.2851 24.809 18.3455 26.476 210.997 105.399 13.2293 35.3717 30.1278 105.598 36.4077 1371.62 1365.03 217.035 125.229 1148 129.06 95.1454 26.9613 68.1841
internal_count=30149 20062 5782 2888 2894 223 2671 233 2655 1341 977 511 364 466 103 174 437 311 131 180 148 190 126 67 59 1314 168 1146 233 205 121 86 84 51 10087 112 90 98 65 147 7058 1033 208 104 75 104 825 406 56 132 114 419 141 6025 5998 937 550 5061 589 440 125 315
cat_boundaries=0 1 2 3 4 5 6 7 8 9 10 11 12 13 14
cat_threshold=2 8 14 10 12 1 4 1 2 81 10 4 32 1
is_linear=0
shrinkage=0.04


Tree=132
num_leaves=63
num_cat=12
split_feature=8 8 8 14 11 1 17 12 9 9 1 0 8 5 12 9 14 14 6 9 0 9 6 11 11 8 9 1 11 14 9 11 6 8 1 9 10 8 0 9 1 0 12 10 15 6 15 16 0 9 1 9 6 16 9 1 1 0 11 1 1 5
split_gain=1.73625 2.97868 3.12244 3.48902 3.48004 5.45859 3.68388 2.94373 2.93397 2.78467 3.27133 2.64625 3.48665 4.47349 4.41963 3.31268 8.52044 2.96016 2.53964 3.53154 4.76966 3.75262 2.50179 3.26434 3.27435 3.12194 4.09924 3.715 3.13722 2.8278 2.71016 3.11707 3.02261 3.95833 2.76199 2.99761 2.72394 3.66866 2.94679 2.6835 5.87431 5.67058 2.48771 6.30517 4.57185 4.3573 3.75854 3.71412 5.55074 4.12732 3.18044 2.9704 5.43509 7.0109 4.23305 3.03373 4.04713 2.9709 2.90707 4.58716 6.46352 3.13982
threshold=33.500000000000007 29.500000000000004 31.500000000000004 0 1.5000000000000002 19.500000000000004 1 2 4.8500000000000005 4.3500000000000005 22.500000000000004 7.5000000000000009 27.500000000000004 1.0000000180025095e-35 3 4.9500000000000011 4 5 2.5000000000000004 4.5500000000000007 12.500000000000002 4.3500000000000005 2.5000000000000004 1.5000000000000002 2.5000000000000004 22.500000000000004 4.4500000000000011 21.500000000000004 1.5000000000000002 6 4.3500000000000005 1.0000000180025095e-35 1.5000000000000002 23.500000000000004 9.5000000000000018 4.2500000000000009 1.0000000180025095e-35 26.500000000000004 7.5000000000000009 4.3500000000000005 20.500000000000004 12.500000000000002 7 1.5000000000000002 8 5.5000000000000009 9 10 7.5000000000000009 4.6500000000000012 21.500000000000004 4.6500000000000012 5.5000000000000009 11 4.4500000000000011 19.500000000000004 9.5000000000000018 inf 1.0000000180025095e-35 19.500000000000004 21.500000000000004 1.0000000180025095e-35
decision_type=8 10 10 9 10 2 9 1 10 10 2 10 10 2 1 10 9 9 2 10 10 10 2 10 10 10 8 2 10 9 10 8 2 10 2 10 2 8 10 10 2 8 1 2 1 2 1 9 10 10 2 10 2 9 10 2 2 8 10 2 2 2
left_child=1 8 3 18 6 -6 7 9 22 -4 -11 12 -10 14 15 16 -14 -16 -3 21 -21 -20 25 -24 39 26 27 29 -28 -1 31 -27 33 -33 -35 36 37 -36 -38 41 -41 -25 51 44 45 58 50 -46 49 -49 -45 52 53 -5 -54 56 -53 -55 -44 61 -61 -60
right_child=-2 2 4 42 5 -7 -8 -9 11 10 -12 -13 13 -15 17 -17 -18 -19 19 20 -22 -23 23 24 -26 30 28 -29 -30 -31 -32 32 -34 34 35 -37 38 -39 -40 40 -42 -43 43 46 47 -47 -48 48 -50 -51 -52 55 54 57 -56 -57 -58 -59 59 60 -62 -63
leaf_value=-0.0068512930064541311 -0.00064998215784932271 0.0031243661829437235 0.017216821637251207 0.011059367716837935 -0.022161857257720446 0.0046499966646459442 0.020452191083451247 -0.0006883963007154266 0.0014290565789384371 -0.0003894886406792744 0.023147652520764918 0.0039343891692101901 0.067582037505210565 -0.023431465707582637 -0.028792825579893586 -0.0047878996986686281 0.0028056350229279537 -0.0045262827518212367 -0.019183596104557967 -0.038885007522561021 0.007881505417852085 0.029457776896004168 0.00077563435718985081 -0.027795823798222513 0.017564196177441673 0.0023083544261890436 -0.0014042043435104801 -0.013886558809741942 0.031640322719045766 0.020723881941700065 -0.0026584940925723113 0.021126801452768639 -0.024808946485792731 -0.039105967960310628 -0.053546495684329481 0.014911176025283131 0.018305934299799844 -0.0089684239185586906 -0.020768611697494156 -0.038745862364796969 0.013353162304981563 0.019744104041228547 -0.0096177731559974038 0.026771932782679815 -0.0036025928126304624 0.021998276800042224 0.00072095693548143052 -0.020079388666928388 -0.0037888237994425774 -0.070466082080989478 -0.0055900782966067817 0.01947529902102145 -0.00049950647380555733 -0.018417906472602479 -0.037370942673858903 0.01831026830948328 0.0014513275745784921 0.017159474674694763 0.001649796888290771 0.032918907026939143 -0.0037251872075966591 -0.027467981140184367
leaf_weight=7.1316863670945168 2328.8990551605821 26.912999331951141 30.195355586707592 111.52639688178897 26.640564177185297 22.334737576544285 15.410810284316538 501.29394879564643 337.53000096604228 67.260034777224064 10.991980679333208 499.76348397880793 5.0143164843320847 21.503612495958805 11.771881029009819 9.6030828952789307 9.228590324521063 25.391506612300873 5.2252851724624652 12.077964171767237 4.9068817198276511 4.9339300245046616 1334.0919387899339 7.8328283354640034 5.6056385263800612 24.680167015641928 263.93736920133233 7.7754968330264083 4.6783865019679061 35.916667886078358 635.80211837217212 6.482268124818801 26.6986676864326 5.4319026321172705 5.2342978715896651 6.9751362428069106 6.0488317087292653 6.7798258662223825 6.3087634667754173 13.904456160962583 4.6110426336526862 8.2352125309407693 29.010347843170166 36.864240631461143 83.502439063042402 18.915049538016319 44.155722707509995 5.6566125601530093 12.526372767984865 4.8153435066342354 5.5965268164873114 28.807307854294777 12.459230706095697 21.163084164261821 8.3011216744780523 63.93189299851656 64.70211536437273 4.5656104534864417 34.942015558481216 17.652123764157299 13.662578567862509 7.135213464498519
leaf_count=31 10087 112 123 467 125 98 63 2151 1428 289 45 2098 18 100 53 40 38 111 24 58 21 18 5748 36 22 106 1128 34 21 143 2695 25 126 24 24 29 24 29 28 67 20 34 126 147 363 74 190 25 53 25 27 114 51 93 38 257 275 19 148 68 63 32
internal_value=0.000243174 0.00068555 0.00226533 0.0041695 0.000333429 -0.00993456 0.00113784 0.00064968 4.39574e-05 0.00631597 0.00291675 0.00196745 -0.000372808 -0.00774357 -0.00221415 0.00941888 0.0256106 -0.00962346 -0.00558279 -0.0142158 -0.0253743 0.0044396 -0.000685877 0.000437272 -0.0107948 -0.00215606 0.00114231 0.0115595 -0.000828679 0.0161556 -0.00359852 -0.00991374 -0.0142254 -0.00769376 -0.0127734 -0.00821039 -0.0148277 -0.0283901 -0.00164229 -0.0153915 -0.0257713 -0.0034306 0.00500644 0.00222675 -0.00119504 0.00402791 0.0114838 -0.00687708 -0.0217564 -0.0432488 0.0182163 0.00746974 0.0038321 0.00671724 -0.0152427 0.0115951 0.00700395 -0.0121046 0.00110188 0.00533915 0.0169311 -0.00328783
internal_weight=7030.94 4702.05 1358.08 683.948 674.127 48.9753 625.152 609.741 3343.97 108.447 78.252 919.806 420.043 82.513 61.0094 23.846 14.2429 37.1634 54.0571 27.1441 16.9848 10.1592 2424.16 1374.28 40.1892 1049.88 319.44 50.8239 268.616 43.0484 730.442 94.6399 69.9597 43.261 36.7788 31.3469 24.3717 12.0141 12.3576 34.5835 18.5155 16.068 629.891 314.435 227.818 121.317 86.6165 106.501 22.9983 10.472 42.4608 315.457 158.015 137.255 20.7604 157.441 93.5094 25.7287 102.402 73.3919 31.3147 42.0772
internal_count=30149 20062 5782 2888 2894 223 2671 2608 14280 457 334 3886 1788 360 260 96 56 164 233 121 79 42 10394 5927 179 4467 1357 208 1149 174 3110 415 309 183 158 134 105 53 52 157 87 70 2655 1341 977 511 364 466 103 50 174 1314 668 579 89 646 389 112 437 311 131 180
cat_boundaries=0 1 2 3 4 5 6 7 8 9 10 11 12
cat_threshold=2 1 8 24 8 8 8 14 10 12 1 1
is_linear=0
shrinkage=0.04


Tree=133
num_leaves=63
num_cat=14
split_feature=8 8 8 14 11 6 9 10 9 12 0 8 5 12 4 14 14 7 6 10 9 12 3 5 11 13 7 8 11 8 6 5 10 8 14 6 10 8 5 10 6 16 3 11 14 9 11 8 4 13 9 3 9 3 14 6 16 10 16 6 6 11
split_gain=1.60046 2.74688 2.88193 3.21781 3.20947 3.38562 5.21575 4.44956 2.70432 2.63641 2.43941 3.21378 4.12236 4.07423 3.2404 2.79223 2.73017 2.40268 5.07559 5.29153 5.14707 3.72479 3.65611 3.08745 2.75498 2.87139 3.13783 3.42294 2.99124 4.52755 4.27878 3.17204 3.48577 5.66026 3.80374 2.66796 2.64114 2.61294 19.5724 5.0891 5.34765 3.32789 3.73906 2.77465 2.73754 2.59221 2.54066 2.36954 2.81614 2.36886 2.62586 3.80973 2.36316 2.72338 2.31201 6.13606 2.55403 2.53718 3.83451 3.97427 2.30567 3.01114
threshold=33.500000000000007 29.500000000000004 31.500000000000004 0 1.5000000000000002 2.5000000000000004 4.2500000000000009 1.5000000000000002 4.8500000000000005 1 7.5000000000000009 27.500000000000004 1.0000000180025095e-35 2 1.0000000180025095e-35 3 4 2.5000000000000004 2.5000000000000004 1.5000000000000002 4.9500000000000011 5 1.0000000180025095e-35 1.0000000180025095e-35 2.5000000000000004 6 3.5000000000000004 25.500000000000004 1.0000000180025095e-35 26.500000000000004 2.5000000000000004 1.0000000180025095e-35 1.5000000000000002 23.500000000000004 7 5.5000000000000009 1.5000000000000002 25.500000000000004 1.0000000180025095e-35 1.0000000180025095e-35 2.5000000000000004 8 1.0000000180025095e-35 1.0000000180025095e-35 9 4.9500000000000011 1.0000000180025095e-35 22.500000000000004 1.0000000180025095e-35 10 3.7500000000000004 1.0000000180025095e-35 4.0500000000000007 1.0000000180025095e-35 11 1.5000000000000002 12 1.5000000000000002 13 2.5000000000000004 2.5000000000000004 1.5000000000000002
decision_type=8 10 10 9 10 2 10 2 10 1 10 10 2 1 2 9 9 2 2 2 10 1 2 2 8 9 2 10 10 10 2 2 2 10 9 2 2 10 2 2 2 9 2 10 9 8 8 10 2 9 8 2 8 2 9 2 9 2 9 2 2 10
left_child=1 8 3 52 9 7 -7 -6 60 -4 11 -10 13 14 15 -13 -15 18 -12 20 -20 35 -22 -21 25 26 37 -28 31 -30 -31 32 47 -34 -35 54 -33 41 39 -39 46 42 -23 -44 -45 -46 -41 -27 -49 -2 51 -51 -3 -54 55 56 -19 58 -57 -60 -1 -62
right_child=49 2 4 -5 5 6 -8 -9 10 -11 17 12 -14 16 -16 -17 -18 21 19 23 22 24 -24 -25 -26 28 27 -29 29 30 -32 36 33 34 -36 -37 -38 38 -40 40 -42 -43 43 44 45 -47 -48 48 -50 50 -52 -53 53 -55 -56 57 -58 -59 59 -61 61 -63
leaf_value=-0.002069889541067431 -0.0025597205428695992 0.020937967084678717 0.006392863337227014 0.0048097843752513891 0.0079121986362403526 0.0066928476957283959 -0.034880650812786365 -0.033038622774406362 0.0013719656479859689 -0.000174293071061827 -0.027042325722008084 0.047424232712974516 -0.022494341487582805 -0.027652976073374021 -0.0068194359018649408 0.011449996199612599 -0.004345018678552086 0.0001984308065702484 -0.0075535852013168953 -0.048794122369719639 0.016493108446418638 0.029117484327395717 0.069096553678473449 0.0033864157124142832 0.033693462711722411 -0.00076796579400682872 0.0093771411415181014 0.042604146430992466 0.0021625076469595416 0.036386732844033334 0.0067819192801769857 0.018753959272061336 -0.020473466466308682 0.00011556220670250578 0.0399076723343934 0.011875444497263589 -0.011702285157505073 -0.017166517118891961 -0.056141208688614289 0.024332631656072762 0.044710478045334574 0.028274069174985948 -0.017924644958242242 -0.011941775928836097 0.0054033002766267022 0.03513951021494166 -0.014568362900854916 -0.012800623167222233 -0.041718758410345815 0.0034038185322509623 -9.2797167473381069e-06 0.035107540281714214 -0.0011165682969346388 -0.020883191289243392 0.003027850039690218 0.0089796990439701459 0.029042195118922177 -0.034718794668599319 0.0035376488250287458 -0.030052748337037551 0.00074462595606349146 -0.010372933774966927
leaf_weight=1049.8198413811624 695.32872027531266 4.9637123718857756 111.06612297147512 629.51896607130766 21.762422978878025 7.1873677186667946 14.711335249245165 5.274203695356845 337.51281284168363 514.01352519541979 12.285357750952242 5.280612550675869 21.503469340503216 11.766918540000916 8.5822001397609711 9.9697230979800207 25.392723269760609 17.366962060332298 7.0614452883601198 3.7353947982192031 5.0727648213505745 10.689877867698668 3.6245046257972717 3.5276468843221664 6.1019383221864691 12.020547747611998 9.5668213963508624 10.302964046597479 75.628932699561119 14.293077453970911 17.224164828658104 16.199340596795086 9.2763663977384585 8.0671355277299881 7.3414017260074589 22.065943792462349 6.3382451385259619 5.7867452204227474 7.658709540963172 5.4049128890037546 10.959170863032339 18.554193407297134 8.4177472144365293 7.8030496537685394 13.303216829895979 7.2449684441089621 5.3404259532690057 16.065788790583611 8.1069348454475421 23.313922241330147 1602.1213949434459 8.1966139785945433 31.911983236670494 17.143330439925194 53.874535396695137 10.332642868161201 6.84884184598923 9.6619772017002088 8.1296732276678103 18.370741963386536 1334.0620297789574 40.152324326336384
leaf_count=4467 3029 20 467 2655 91 34 72 26 1428 2204 116 20 100 53 36 40 111 69 55 33 32 39 18 23 22 48 37 36 299 51 67 61 39 32 26 85 26 24 35 20 38 68 35 32 52 26 22 66 36 104 6921 33 137 76 212 40 25 42 32 79 5748 179
internal_value=0.000233514 0.000658302 0.00217573 0.00400584 0.000319765 -0.00954527 -0.0212358 -7.6334e-05 4.22211e-05 0.00109206 0.00188907 -0.000357888 -0.0074352 -0.00212594 0.00904622 0.0239065 -0.0092393 0.00377785 -0.00628136 0.00479755 0.0178166 0.00454271 0.0384151 -0.0234501 0.00685964 0.0065543 0.0111523 0.0266061 0.00289669 0.00747054 0.0202077 -0.00263108 -0.00737709 0.00421274 0.0190745 -0.000884008 0.0101887 0.00921938 0.000409582 0.0161639 0.0250503 0.0139103 0.00829478 0.00224098 0.00822834 0.0158878 0.00499886 -0.0152817 -0.0224991 -0.000623966 0.000214313 0.0116507 -0.0053631 -0.0080244 -0.00321486 -0.00797117 0.00835618 -0.0164749 -0.0116892 -0.019748 -0.000658461 0.000419789
internal_weight=7030.21 4701.25 1357.55 683.538 674.015 48.9353 21.8987 27.0366 3343.7 625.08 919.664 420.008 82.4956 60.9922 23.8325 15.2503 37.1596 499.655 35.3071 23.0218 15.7587 464.348 8.69727 7.26304 317.697 311.595 121.033 19.8698 190.562 107.146 31.5172 83.4158 60.8782 24.6849 15.4085 146.651 22.5376 101.163 35.15 27.4913 21.7045 66.0131 47.4589 36.769 28.3512 20.5482 10.7453 36.1933 24.1727 2328.96 1633.63 31.5105 54.019 49.0553 124.585 70.7108 24.2158 46.495 36.8331 26.5004 2424.03 1374.21
internal_count=30149 20062 5782 2888 2894 223 106 117 14280 2671 3886 1788 360 260 96 60 164 2098 277 161 105 1821 50 56 1237 1215 464 73 751 417 118 334 247 97 58 584 87 391 139 104 80 252 184 145 110 78 42 150 102 10087 7058 137 233 213 499 287 94 193 151 111 10394 5927
cat_boundaries=0 1 2 3 4 5 6 7 8 9 10 11 12 13 14
cat_threshold=2 8 24 8 8 36 3 8 1 8 2 4 1 4
is_linear=0
shrinkage=0.04


Tree=134
num_leaves=63
num_cat=13
split_feature=8 8 8 12 9 14 11 14 11 10 10 8 5 0 0 16 0 14 9 0 12 9 11 9 16 0 9 10 9 6 9 16 10 0 6 9 0 9 12 10 15 6 15 16 0 9 9 6 16 9 11 9 4 0 11 6 6 3 0 10 10 0
split_gain=1.47751 2.53654 2.65163 3.10181 3.54319 2.96621 2.93998 3.18999 2.86824 2.78759 3.78998 2.61751 3.5737 16.6795 4.68862 3.93117 3.12359 4.33295 4.14501 3.55358 3.10922 6.21616 3.5028 3.76042 2.85653 3.61064 2.62435 3.52553 3.05908 6.45316 2.49377 2.47863 3.20544 2.74943 2.32808 3.19398 4.37817 3.55197 2.31601 5.82382 4.20832 4.02658 3.51682 3.42597 5.12445 3.82803 2.74281 5.00977 6.46651 3.89129 2.77546 5.43072 4.70366 2.7357 2.68017 2.77823 2.72516 4.86442 7.91428 4.84093 2.69987 2.65101
threshold=33.500000000000007 29.500000000000004 31.500000000000004 0 4.2500000000000009 1 1.5000000000000002 2 1.0000000180025095e-35 1.0000000180025095e-35 1.5000000000000002 32.500000000000007 1.0000000180025095e-35 12.500000000000002 7.5000000000000009 3 12.500000000000002 4 4.9500000000000011 7.5000000000000009 5 4.9500000000000011 1.5000000000000002 4.8500000000000005 6 7.5000000000000009 4.6500000000000012 1.0000000180025095e-35 4.7500000000000009 2.5000000000000004 4.8500000000000005 7 1.5000000000000002 12.500000000000002 2.5000000000000004 4.5500000000000007 12.500000000000002 4.3500000000000005 8 1.5000000000000002 9 5.5000000000000009 10 11 7.5000000000000009 4.6500000000000012 4.6500000000000012 5.5000000000000009 12 4.4500000000000011 1.0000000180025095e-35 4.0500000000000007 1.0000000180025095e-35 inf 1.0000000180025095e-35 1.5000000000000002 2.5000000000000004 1.0000000180025095e-35 7.5000000000000009 1.0000000180025095e-35 1.0000000180025095e-35 12.500000000000002
decision_type=8 10 10 1 8 9 10 9 8 2 2 10 2 10 8 9 10 9 8 10 1 8 8 10 9 8 10 2 10 2 10 9 2 8 2 10 10 10 1 2 1 2 1 9 10 10 10 2 9 10 10 10 2 8 10 2 2 2 10 2 2 8
left_child=1 30 5 6 8 34 7 -4 -5 -8 -11 12 16 14 -14 -16 18 -18 -6 -20 22 26 23 -13 25 -25 31 -28 29 -29 -1 32 33 -22 -3 37 -37 -36 46 40 41 54 -41 -42 45 -45 47 48 50 -49 51 -7 -53 -50 56 60 59 58 -58 -40 -56 -52
right_child=-2 2 3 4 11 38 9 -9 -10 10 -12 20 13 -15 15 -17 17 -19 19 -21 21 -23 -24 24 -26 -27 27 28 -30 -31 -32 -33 -34 -35 35 36 -38 -39 39 42 43 -43 -44 44 -46 -47 -48 49 53 -51 61 52 -54 -55 55 -57 57 -59 -60 -61 -62 -63
leaf_value=-0.00063210986385914616 -0.00059942701531263997 0.0031858086637834076 0.013839354842592759 -0.0052016356214643743 -0.00076974486929166648 0.050307041960346355 -0.0043957440525231048 -0.0037619828419582042 0.01414451623891535 -0.012151558393938817 -0.063414264084869651 0.0065714962100450374 -0.018342563813212347 -0.056149473937194924 0.0030920396167814571 0.043839525441818787 -0.0021955856874254966 0.023252502693988417 -0.04907507072911086 -0.0025297608102062565 -0.011161691959913674 -0.030237636897855098 -0.013430305721891817 0.03881792886129086 0.050092072923127062 0.0040614951813950032 0.023809749640671389 0.044608924006699018 -0.0069249776013396722 -0.007260995232248991 0.0018148472056916647 0.01172743950833713 0.0034953323498417904 -0.048177533890626192 -0.018622345355346487 -0.036991105888984549 0.0078396532384115598 0.028737386322275973 0.0011006066616963169 0.0173729544063588 -0.003651076762471105 0.02097468431341324 0.00054073823974988468 -0.019462950437782324 -0.0038299896023216862 -0.0680192825203981 0.010952705363484857 -0.00067208062023713805 -0.017855637727616943 -0.036008357977716655 0.013170408098035345 -0.00027814719937643915 0.040961253598276334 0.016285158168016838 0.027453730011611062 -0.00052647654707507839 -0.015329507466280231 -0.030624218325087452 0.054141772156907415 -0.046758353714167457 0.00040262374473005986 -0.0013187360212947303
leaf_weight=2424.0776157677174 2328.9876185469329 26.914326697587967 18.110319003462791 15.430061072111128 87.380451954901218 7.5087068304419544 10.958716675639154 182.41538236290216 59.712241943925619 5.399180516600607 4.0299128517508507 59.585847645998001 12.017567992210386 10.693846739828585 15.32335138320923 5.0323715209960929 23.739397168159485 19.497477509081364 5.6152491644024831 4.9273371249437332 7.4994287043809882 10.705417312681673 9.5790270790457708 7.9143604114651707 5.6203989163041141 12.084138505160807 14.917801328003405 6.7949741631746283 27.029545620083809 8.8175006657838804 919.022251740098 7.9912528693676022 9.5082599520683289 5.6140697821974763 5.2273555845022219 12.063573352992536 4.9016809165477744 4.9172784686088562 6.846007741987707 42.341174773871899 83.497920773923397 18.872175522148609 44.142385572195053 5.658228702843191 12.525294996798037 4.8028526529669762 157.24992434680462 12.455763787031175 21.184028282761577 8.3147274851798993 44.702588867396116 16.214093446731571 6.0862588062882415 4.5643904432654372 13.981950327754021 49.112817235291004 5.5659835338592512 4.9607654437422743 4.9634586051106453 6.6823726817965508 10.216924525797367 36.867693424224854
leaf_count=10394 10087 112 76 65 379 27 47 787 255 25 22 249 54 52 65 19 99 77 29 21 34 51 42 29 21 52 61 24 120 37 3886 35 39 28 24 58 21 18 28 174 363 74 190 25 53 25 646 51 93 38 191 67 23 19 57 212 24 25 18 31 42 159
internal_value=0.000224425 0.000632635 0.00209095 0.000310679 0.00219061 0.00384675 -0.0034859 -0.00217233 0.0101719 -0.0181154 -0.0340608 0.000661527 -0.00275172 -0.0128379 0.00146924 0.0131657 0.000325509 0.00928012 -0.0036283 -0.027321 0.00390848 -0.00132102 0.00859632 0.0120815 0.0248971 0.0178163 0.00204004 0.00707269 0.00121743 0.0153142 4.05616e-05 -0.00742256 -0.0141874 -0.0270087 -0.00514787 -0.0134214 -0.0240384 0.00433373 0.00461889 0.00195414 -0.00134011 0.00369289 0.0108529 -0.00677895 -0.0210901 -0.041756 0.00699153 0.0034894 0.00626235 -0.0148177 0.0104388 0.020884 0.010977 -0.0118035 0.000866592 0.00493937 -0.00942275 0.00203271 0.0174185 -0.0225394 0.0160326 0.00662168
internal_weight=7029.38 4700.39 1357.29 673.945 453.031 683.343 220.914 200.526 75.1423 20.3878 9.42909 377.889 184.227 43.0671 32.3733 20.3557 141.16 43.2369 97.923 10.5426 193.662 98.8783 94.7838 85.2047 25.6189 19.9985 88.1728 57.5598 42.642 15.6125 3343.1 30.613 22.6218 13.1135 54.0242 27.1099 16.9653 10.1446 629.318 314.17 227.687 121.202 86.4836 106.484 22.9864 10.4611 315.148 157.898 137.128 20.7705 111.379 29.8091 22.3004 25.7484 102.33 73.3117 29.0186 15.4902 10.5294 13.5284 24.1989 81.5703
internal_count=30149 20062 5782 2894 1937 2888 957 863 320 94 47 1617 795 190 138 84 605 176 429 50 822 429 393 351 102 81 378 242 181 61 14280 136 101 62 233 121 79 42 2655 1341 977 511 364 466 103 50 1314 668 579 89 467 117 90 112 437 311 126 67 42 59 99 350
cat_boundaries=0 1 2 3 4 5 6 7 8 9 10 11 12 13
cat_threshold=6 2 2 1 4 9 1 1 14 10 12 1 1
is_linear=0
shrinkage=0.04


Tree=135
num_leaves=63
num_cat=13
split_feature=6 8 11 0 8 8 9 13 4 8 11 8 16 8 9 0 8 15 12 8 9 8 12 8 8 8 0 5 0 14 3 6 9 3 16 10 6 9 13 14 15 9 0 15 9 8 9 15 8 6 6 8 14 10 8 3 9 3 8 9 7 8
split_gain=1.19465 4.10683 4.5447 6.8731 5.62145 3.20905 3.39192 3.15571 4.02549 6.73002 4.95839 3.08965 3.05315 4.6159 3.79422 7.84574 6.38218 4.0118 5.73106 5.61852 4.84007 4.23555 4.32157 4.00222 3.98926 4.91651 3.74498 3.73828 3.70993 3.53071 5.08946 3.39942 2.99857 5.44625 2.97549 8.89198 3.89348 4.49806 2.80498 4.4067 4.41948 7.81756 3.18562 4.53911 6.77468 4.59181 3.96222 3.85055 3.46013 3.19243 3.97327 4.70447 3.13287 3.22979 6.14331 2.92644 2.92313 2.89341 3.90363 4.60449 3.09312 5.63215
threshold=2.5000000000000004 29.500000000000004 inf 12.500000000000002 37.500000000000007 35.500000000000007 3.6500000000000008 0 1.0000000180025095e-35 33.500000000000007 1.5000000000000002 35.500000000000007 1 20.500000000000004 4.5500000000000007 7.5000000000000009 33.500000000000007 2 3 38.500000000000007 4.8500000000000005 22.500000000000004 4 34.500000000000007 25.500000000000004 29.500000000000004 12.500000000000002 1.0000000180025095e-35 1.0000000180025095e-35 5 1.0000000180025095e-35 3.5000000000000004 4.7500000000000009 1.0000000180025095e-35 6 1.0000000180025095e-35 1.5000000000000002 4.4500000000000011 7 8 9 4.8500000000000005 12.500000000000002 10 4.9500000000000011 33.500000000000007 4.9500000000000011 11 32.500000000000007 1.5000000000000002 1.0000000180025095e-35 30.500000000000004 12 1.0000000180025095e-35 32.500000000000007 1.0000000180025095e-35 4.8500000000000005 1.0000000180025095e-35 30.500000000000004 4.8500000000000005 3.5000000000000004 31.500000000000004
decision_type=2 8 8 8 8 10 10 9 2 10 8 8 9 8 8 8 10 1 1 10 10 10 1 10 10 8 8 2 10 9 2 2 10 2 9 2 2 10 9 9 1 10 10 1 8 10 10 1 10 2 2 10 9 2 10 2 10 2 8 10 2 10
left_child=1 -1 5 11 -5 38 -7 8 12 10 -10 -4 -2 27 15 16 -15 -16 20 21 24 31 28 29 -19 -26 -24 -14 -23 30 -17 -20 33 -28 35 -8 -37 -38 39 40 -3 -42 43 44 48 57 -47 52 56 50 -49 -52 -44 -54 -55 -53 -40 -45 59 -59 61 -60
right_child=7 2 3 4 -6 6 34 -9 9 -11 -12 -13 13 14 17 23 -18 18 19 -21 -22 22 26 -25 25 -27 32 -29 -30 -31 -32 -33 -34 -35 -36 36 37 -39 42 -41 41 -43 47 45 -46 46 -48 49 -50 -51 51 55 53 54 -56 -57 -58 58 60 -61 -62 -63
leaf_value=-0.0021559244566013757 -0.00085881881818394032 0.0015807877124071866 -0.010500939689120388 -0.014313740133578563 -0.067044371946468381 0.019062788626111653 -0.025312853105111947 0.0016633748636937856 -0.00013851919791739008 -0.017884603808980486 -0.026645903068106637 0.026201455167509078 -0.027258141953986379 -0.0041873414543821793 0.013272970995571669 0.011138223066073698 -0.041832766301061745 -0.025527665838388086 0.050373811374169852 -0.02607429979516163 -0.036974302661334925 -0.015877971670607016 0.0055596427903396133 0.01775045461958439 0.037032773044357148 -0.0093848299328316391 -0.022126011817209214 0.0051716894606854526 0.017325235303346818 0.0099324536962779042 -0.026332467656578321 0.014751778049243831 -0.019567421028488317 0.018915206174683011 -0.00035147753246615249 0.0061622985064375612 0.017484385092418255 -0.022781602391424502 -0.022777899286576066 0.0025214442534581302 -0.0080734676919144016 -0.044267993334356354 0.012551108137227358 -0.00090446545967632491 0.010742330999309593 0.014420758670487657 -0.012481908691935608 0.015435913234740105 -0.0028101099407038389 0.020628831920199518 0.028074981888931153 0.003101770361882571 0.0015277675583215211 -0.061003824850216833 -0.0025914150110876019 -0.021169882761213416 0.0068853826236309999 -0.018335760142592274 0.023310256872252199 0.026571694835570234 0.028835258784828528 -0.0021800056329234368
leaf_weight=1448.4560696221888 1479.5042692907155 51.938216716051102 9.9660776406526566 7.8753552809357616 5.4895857423543939 12.800634626299141 32.26752582192421 1815.6771540306509 173.5917124338448 54.190315335988998 12.076326645910738 5.8086959198117265 14.184238500893116 16.879742491990331 79.92110975086689 9.15225750207901 12.5722782574594 8.6911896616220492 5.4348159134387997 8.5004112944006902 9.9656057432293874 5.9432158991694441 65.598689951002598 23.636727154254913 5.9065250828862164 9.5608480796217918 9.0493173748254776 9.4938821345567703 57.249114543199539 20.038221374154091 15.833085335791111 20.28411740064621 22.855943359434605 12.07868517935276 456.47720324620605 50.419999860227108 5.8144747875630882 18.761667042970657 36.450118146836758 214.31333700567484 35.520651392638683 13.057714246213434 12.137187961488962 189.06440331041813 34.139249429106712 91.816478077322245 9.6830354556441289 47.253926217556 48.165642462670803 46.777856525033712 6.9148394241929045 16.892029725015163 12.952836610376837 5.0088036581873876 6.7806616127490997 15.01105882972479 6.2227582782506934 15.514119081199171 23.082578934729099 4.7782637700438491 14.190605714917181 34.745718535035849
leaf_count=6169 6389 219 42 35 27 58 146 7849 758 243 61 23 64 73 326 39 59 43 19 38 46 26 277 98 24 41 39 41 236 82 72 83 103 51 1962 207 24 82 161 902 151 62 52 811 140 372 43 195 201 187 28 71 54 25 28 65 28 73 93 19 52 154
internal_value=-1.72408e-05 -0.000613309 0.000784865 -0.0148673 -0.0359726 0.00107557 -0.00129785 0.000439272 -0.000593602 -0.00548241 -0.00186263 0.00301387 1.33094e-05 0.00292711 0.00389775 -0.00298645 -0.0202572 0.00600161 0.00291988 0.00550505 -0.0104552 0.00713476 0.00488038 0.00442187 -0.00384368 0.00834066 -0.000453921 -0.0142552 0.0122621 -0.00257544 -0.0126068 0.0222793 -0.00952589 0.00133688 -0.00176017 -0.00775508 -0.000200747 -0.0132551 0.0024544 -0.00069736 -0.00762961 -0.0147634 0.00387198 0.00234355 -0.00411939 0.00444468 0.0118542 0.00867336 -0.0101583 0.0113625 0.00764657 -0.00183557 -0.0032211 -0.0122599 -0.0274082 -0.00831854 -0.0184523 0.00192983 0.00773479 -0.00776137 0.0121011 0.00799462
internal_weight=7024.42 3046.55 1598.09 29.1397 13.3649 1568.95 576.542 3977.87 2162.19 239.858 185.668 15.7748 1922.33 442.83 419.152 98.1123 29.452 321.04 241.118 206.994 34.1242 198.494 172.775 68.6603 24.1586 15.4674 109.583 23.6781 63.1923 45.0236 24.9853 25.7189 43.9839 21.128 563.741 107.264 74.9961 24.5761 992.412 314.83 100.517 48.5784 677.582 507.853 124.978 382.875 101.5 169.729 90.8385 132.85 86.0719 38.8179 36.8795 24.7423 11.7895 31.9031 42.6729 281.376 92.3113 20.2924 72.0189 57.8283
internal_count=30141 12961 6792 127 62 6665 2479 17180 9331 1062 819 65 8269 1880 1775 423 132 1352 1026 872 154 834 732 291 108 65 470 105 262 193 111 102 193 90 2421 459 313 106 4186 1334 432 213 2852 2147 530 1617 415 705 390 546 359 164 159 107 53 136 189 1202 391 92 299 247
cat_boundaries=0 1 2 3 4 5 6 7 8 9 10 11 12 13
cat_threshold=10 1 1 32 3 4 4 4 8 9 1 8 8
is_linear=0
shrinkage=0.04


Tree=136
num_leaves=63
num_cat=15
split_feature=6 13 1 11 9 11 16 9 14 9 16 9 12 1 15 9 1 9 14 11 15 6 1 9 9 9 11 9 17 9 10 9 14 6 3 6 9 15 11 9 1 16 10 9 9 14 6 9 11 1 9 1 3 1 9 1 7 9 14 5 12 9
split_gain=1.10378 2.90268 3.71556 4.51523 3.47353 2.89583 10.2453 7.29041 3.40143 4.86295 2.83358 3.68491 3.6652 5.42529 4.27165 4.48651 3.53497 6.97018 2.96106 2.78219 3.61672 5.6506 3.43497 3.12242 2.87522 2.65614 2.51653 2.44069 2.35395 4.33346 2.83232 4.96866 6.09399 4.41931 2.70024 2.50648 2.11008 4.58874 7.92872 3.65589 3.99445 3.6569 2.60157 3.5324 4.74068 2.8237 2.59165 2.94356 2.40201 4.71301 2.04939 1.9887 1.95798 4.38506 1.93902 2.74911 1.87509 9.67435 4.58736 3.81545 2.89862 3.16507
threshold=2.5000000000000004 0 14.500000000000002 1.5000000000000002 4.4500000000000011 1.5000000000000002 1 3.6500000000000008 2 4.4500000000000011 3 4.5500000000000007 4 16.500000000000004 5 4.7500000000000009 17.500000000000004 4.8500000000000005 6 1.0000000180025095e-35 7 5.5000000000000009 17.500000000000004 4.6500000000000012 4.8500000000000005 3.4500000000000006 1.0000000180025095e-35 4.9500000000000011 8 4.8500000000000005 1.0000000180025095e-35 4.2500000000000009 9 1.5000000000000002 1.0000000180025095e-35 1.0000000180025095e-35 4.0500000000000007 10 1.0000000180025095e-35 3.4500000000000006 9.5000000000000018 11 1.5000000000000002 3.5500000000000003 3.7500000000000004 12 1.0000000180025095e-35 3.8500000000000001 1.5000000000000002 1.0000000180025095e-35 4.0500000000000007 19.500000000000004 1.0000000180025095e-35 15.500000000000002 3.9500000000000006 20.500000000000004 3.5000000000000004 4.6500000000000012 13 1.0000000180025095e-35 14 4.5500000000000007
decision_type=2 9 2 8 8 10 9 8 9 8 9 8 1 2 1 10 2 8 9 8 1 2 2 10 8 10 10 8 9 10 2 8 9 2 2 2 8 1 10 10 2 9 2 10 10 9 2 10 8 2 8 2 2 2 8 2 2 10 9 2 1 8
left_child=5 2 3 56 -5 36 8 -8 -7 -10 25 -12 14 -14 15 -13 -16 18 -18 20 21 22 -15 -22 -23 -4 -17 -21 29 30 50 34 33 -33 -32 -34 37 39 54 -1 -41 -42 46 -44 -45 -46 -40 -48 -38 -50 -9 -36 53 -52 55 -39 59 58 -58 -2 -61 -62
right_child=1 -3 10 4 -6 6 7 28 9 -11 11 12 13 19 16 26 17 -19 -20 27 23 24 -24 -25 -26 -27 -28 -29 -30 -31 31 32 35 -35 51 -37 48 38 42 40 41 -43 43 44 45 -47 47 -49 49 -51 52 -53 -54 -55 -56 -57 57 -59 -60 60 61 -63
leaf_value=-0.042658453341955636 0.00013711848760748115 0.0015972820829676269 -0.026923590351678878 0.0012567750607464666 -0.034794474600055081 0.0015532781435785026 -0.035891974785992778 0.042861843093089463 -0.065380004076564746 -0.015365713776965072 -0.0038789455956892479 0.024925380153756515 -0.010872293337604951 0.039233000042034331 -0.048250499970517426 0.010292274506872501 0.023642301904088638 -0.053875624766044593 -0.015387423923461721 0.012980487737082203 -0.029014805352995412 -0.029943156810083291 0.011466160875352903 -0.0015063652598193151 0.0096713025393220329 -0.00071438101255946241 -0.025357184334610934 -0.0017128314662785099 -0.0041877030590790482 -0.0069140014767821922 -0.030853886238584614 0.055043089016203119 -0.024082831772707595 0.009034430662202721 0.021212880037909634 0.010787537172704365 -0.0009557613166296039 0.0027203934942783303 0.0086234344212510819 0.028971430756259756 -0.018789223095454582 0.017990021629184436 -0.011709614695405051 0.049963374168215412 -0.010814494660534484 0.02835243435707362 0.0040263524147257689 -0.019352475171281146 -0.037272630019166413 -0.0046024557755291766 0.026449195854728186 -0.010446720268472494 0.024819814085158286 -0.011260547857071647 0.035755330461292867 0.037701485060611835 -0.037861183353083354 0.025851593531236196 0.0076840838128735623 0.0011732431280542944 -0.038972997341913597 -0.013708339195450534
leaf_weight=4.7112441211938849 101.56222731620073 1815.5900656618178 6.212848898023366 6.2231021299958256 13.667706884443758 6.3203681521117687 5.7630150541663161 6.153010129928588 4.9729573503136644 8.3054148703813553 101.24070880934596 12.639960490167143 25.935092434287071 9.6792625188827497 5.8731435313820866 5.9414235502481443 5.981007345020771 4.687017820775508 6.4793656840920466 154.27704814821482 8.1056423708796483 6.8046630546450588 27.048281617462635 35.591020673513412 5.1501576304435739 1473.3426750712097 6.7877531424164772 20.490495938807726 16.482294298708439 16.905171647667885 5.7906253598630437 8.6812156438827497 4.4054873622953901 5.429577700793744 5.1898199170827874 13.121673539280891 2674.9171161800623 9.7745389305055159 18.845328368246555 4.7348334342241314 20.391961213201281 5.4899001792073312 7.1109419167041805 6.1881621852517155 6.5487332157790661 5.35200512036681 14.651281878352163 20.921040128916502 8.1707189604639989 52.209463506937027 10.437442742288114 8.1750872731208784 30.105886392295361 9.357055298984049 15.047108881175516 5.6853215545415869 8.3680033981800079 17.036401629447937 6.1305339634418496 29.499408852308989 9.5136140510439855 47.773864630609751
leaf_count=22 450 7849 30 28 70 27 28 23 26 37 438 50 115 37 29 24 24 22 31 630 39 30 111 156 21 6359 32 91 77 74 28 33 21 23 21 56 11360 44 79 19 93 22 33 27 30 23 63 95 38 219 41 37 118 44 58 22 37 63 24 127 46 217
internal_value=-1.55552e-05 0.000423265 -0.000567387 -0.00526512 -0.0235154 -0.000588525 0.00455528 0.00820063 -0.0226001 -0.0340968 1.5634e-05 0.00282317 0.00481024 0.00637672 -0.00496844 0.00577024 -0.0149663 -0.0122941 0.00334693 0.00828998 0.00267534 0.00913293 0.0187839 -0.0053783 -0.0128772 -0.000824437 -0.00871757 0.0112578 0.0100126 0.011904 0.0148813 0.00803987 0.0177745 0.0373398 -0.00803815 0.0020228 -0.00088421 0.00381039 0.00751233 -0.00768147 -0.00480819 -0.0109878 0.00155073 0.0121761 0.0215659 0.00679967 -0.0033697 -0.00972337 -0.00113385 -0.00902342 0.0210808 0.00184724 0.018395 0.00862343 0.0255335 0.0155846 -0.00361419 0.00541314 -0.0186029 -0.00512562 -0.0112843 -0.0152432
internal_weight=7023.98 3977.63 2162.04 239.775 19.8908 3046.35 165.596 145.997 19.5987 13.2784 1922.27 442.712 341.471 293.082 48.3897 25.3691 23.0205 17.1474 12.4604 267.147 92.379 48.6824 36.7275 43.6967 11.9548 1479.56 12.7292 174.768 140.234 123.752 106.847 50.7935 31.638 14.1108 19.1555 17.5272 2880.75 145.452 110.124 35.3279 30.6167 25.8819 79.6175 25.1998 18.0889 11.9007 54.4177 35.5723 2735.3 60.3802 56.0534 13.3649 49.9004 19.7945 30.507 15.4599 219.884 31.5349 14.4985 188.349 86.7869 57.2875
internal_count=30141 17180 9331 1062 98 12961 714 624 90 63 8269 1880 1442 1230 212 106 106 77 55 1115 394 199 148 195 51 6389 56 721 596 519 445 219 133 56 86 77 12247 630 474 156 134 115 350 113 80 53 237 158 11617 257 226 58 203 85 124 66 964 124 61 840 390 263
cat_boundaries=0 1 2 3 4 5 6 7 8 9 10 11 12 13 14 15
cat_threshold=10 4 8 1 32 9 8 5 1 8 1 1 8 4 33
is_linear=0
shrinkage=0.04


Tree=137
num_leaves=63
num_cat=8
split_feature=6 8 11 1 8 8 9 1 8 14 15 0 7 8 9 9 10 6 10 9 14 10 7 8 1 0 0 7 2 7 8 0 6 6 8 9 9 9 12 8 16 8 10 14 10 0 9 16 10 6 9 1 13 1 8 11 8 8 11 9 10 7
split_gain=1.01781 3.70134 4.04073 7.5397 3.57571 2.94256 3.10594 2.77631 4.27925 4.35092 3.27452 5.21454 5.09683 5.56266 5.01416 4.95768 4.941 4.38169 4.10319 3.3989 5.58702 5.39399 5.39563 4.19765 4.11066 4.97786 4.10342 6.88297 4.66293 3.97177 5.85849 4.73946 4.76813 3.65867 4.54032 3.36711 3.3587 4.64982 3.15662 4.1402 3.06564 2.95386 2.86837 2.82061 2.7153 3.50612 2.6945 2.69007 8.13166 3.57881 4.16078 2.73219 2.67556 3.42493 6.16284 4.31327 2.75935 4.27523 2.98835 2.66165 4.37729 2.63336
threshold=2.5000000000000004 29.500000000000004 inf 1.0000000180025095e-35 32.500000000000007 35.500000000000007 3.6500000000000008 21.500000000000004 30.500000000000004 0 1 12.500000000000002 3.5000000000000004 31.500000000000004 4.8500000000000005 4.3500000000000005 1.0000000180025095e-35 1.0000000180025095e-35 1.5000000000000002 4.7500000000000009 2 1.0000000180025095e-35 2.5000000000000004 30.500000000000004 18.500000000000004 12.500000000000002 7.5000000000000009 3.5000000000000004 1.0000000180025095e-35 3.5000000000000004 32.500000000000007 12.500000000000002 1.0000000180025095e-35 1.5000000000000002 33.500000000000007 4.4500000000000011 4.4500000000000011 4.0500000000000007 3 34.500000000000007 4 31.500000000000004 1.5000000000000002 5 1.5000000000000002 inf 4.5500000000000007 6 1.0000000180025095e-35 1.5000000000000002 4.4500000000000011 20.500000000000004 7 14.500000000000002 33.500000000000007 1.5000000000000002 25.500000000000004 30.500000000000004 1.0000000180025095e-35 4.6500000000000012 1.5000000000000002 3.5000000000000004
decision_type=2 8 8 2 10 10 10 2 8 9 1 10 2 10 8 10 2 2 2 8 9 2 2 10 2 8 10 2 2 2 10 10 2 2 10 10 10 10 1 8 9 10 2 9 2 8 8 9 2 2 8 2 9 2 10 8 10 10 10 8 2 2
left_child=1 -1 5 -4 -5 7 -7 10 -9 59 11 14 13 -13 15 -3 17 -16 -17 20 33 22 -21 -24 25 26 -23 28 -28 30 31 32 46 -12 -35 -31 37 -34 -27 -40 -15 -25 -33 -26 45 -32 -22 48 -8 51 -51 61 53 54 55 56 -2 -58 -59 60 -10 -50
right_child=52 2 3 4 -6 6 47 8 9 -11 19 12 -14 40 16 18 -18 -19 -20 21 29 24 23 41 43 38 27 -29 -30 35 44 42 36 34 -36 -37 -38 -39 39 -41 -42 -43 -44 -45 -46 -47 -48 -49 49 50 -52 -53 -54 -55 -56 -57 57 58 -60 -61 -62 -63
leaf_value=-0.0020292529120570523 -0.0041646117885233043 0.0031917572312926373 -0.059362404706343644 -0.028593961760265196 0.005098989003265446 0.01827998045566533 -0.024162104479555913 0.011288821290313136 -0.025513037222166857 -0.00047005652931029162 0.0070027099494856006 -0.0068922362999926847 -0.016247055412911746 0.029604064430946996 0.01538840796042114 -0.024539818647694119 0.010795890206332662 -0.029768183999365906 -0.0039687747074188115 0.047661044156053975 -0.044840031202594645 -0.0041610698745767026 -0.0032700060608517947 0.038916881540733791 -0.00058307319749160329 -0.0054947649351444654 -0.050648990549160791 0.015271084723406037 -0.0050361054576786371 0.013619218496023058 0.00015482187466198981 0.04049545515424266 0.0096719467804703349 -0.011930657638063691 0.010288702552476398 0.044842052414038096 0.014198413971419317 -0.038163185969188607 -0.0047187980607480218 0.019879894832165457 0.00022736271953269747 0.010896754037293245 0.0057778880625260209 0.021267556376534592 0.025309680162661028 0.03730548286589537 -0.0074855818242310496 -0.0003383056612603406 -0.003750220030201585 0.016946503658393425 -0.021809935572123025 0.022840155970016734 0.0015338142693729288 1.5066799015215048e-05 -0.016933338424393381 -0.024835099042937774 0.013408207373047718 -0.030153876718557612 0.0011396838578529712 -0.022938204284902061 0.018738705533252031 0.02469170491903722
leaf_weight=1448.5759660080075 103.00045032799244 28.794629588723183 4.8809662982821491 7.1556300967931774 17.043068766593933 12.758824545890091 32.284046053886414 29.763418771326542 6.6925389915704709 89.72467003017664 127.88651081174612 13.620645746588705 10.366317883133886 26.756244175136089 5.0711685642600051 40.752502009272575 45.137621514499187 10.676416553556917 25.050859689712524 5.7178633548319331 6.208826191723344 23.937009736895561 33.198809117078781 7.2890312969684592 20.013248912990093 65.951961323618889 13.714406155049806 4.7422528713941565 4.8555430099368087 11.199987530708315 18.596961051225666 6.6021613925695393 7.0570495948195475 44.413515269756317 22.004720907658339 10.908932775259016 18.213596932590008 6.0290617644786835 19.979353584349155 24.217213481664658 7.2168089896440497 34.565317004919052 8.9957090690732002 17.912117004394531 40.359586715698242 5.2013742700219145 6.1501563265919694 456.4769469127059 32.442867077887058 5.8010161928832558 18.781240589916706 11.752808354794977 1815.5044138133526 1922.1334047988057 54.116148740053177 11.950723025947807 45.503564141690731 6.6491356864571598 18.376368597149849 28.807420492172241 7.6817323341965675 6.20461481809616
leaf_count=6169 460 120 25 31 71 58 146 124 29 389 538 60 43 104 20 183 185 49 104 40 31 102 133 26 87 287 67 18 20 43 78 26 29 193 89 38 73 27 85 99 33 133 39 71 163 20 26 1962 136 24 82 48 7849 8269 243 61 189 31 78 129 33 23
internal_value=-1.47505e-05 -0.000564964 0.000762721 -0.0140116 -0.00486412 0.00103663 -0.00123605 0.00235735 -0.00242069 -0.00549084 0.00329451 -0.00102316 0.009169 0.0147048 -0.00488834 -0.0106511 0.00406536 -0.0152265 -0.0167086 0.00473057 0.00748571 0.00151077 0.0102051 0.00735153 -0.00208455 -0.00493298 -0.0157941 -0.0277389 -0.0387224 0.0134122 0.0106152 0.00154689 -0.00521477 0.00304712 -0.00456926 0.0290251 0.00309177 -0.0123668 -0.000274003 0.00714357 0.0233636 0.0157765 0.0204729 0.00973696 0.0189908 0.00827449 -0.0262515 -0.00167775 -0.00737779 -0.000151237 -0.012664 0.00595176 0.000406662 -0.00054454 -0.00505665 -0.00159147 9.28008e-06 0.00610482 -0.00717484 -0.0159232 -0.00186453 0.000815956
internal_weight=7023.43 3046.19 1597.62 29.0797 24.1987 1568.54 576.502 992.035 162.67 132.906 829.365 213.443 57.96 47.5937 155.483 94.598 60.8852 15.7476 65.8034 615.922 339.828 276.094 80.771 75.0532 195.323 157.398 47.2492 23.3122 18.5699 145.523 123.414 59.2566 43.6587 194.305 66.4182 22.1089 31.2997 13.0861 110.149 44.1966 33.9731 41.8543 15.5979 37.9254 64.1579 23.7983 12.359 563.744 107.267 74.9825 24.5823 50.4003 3977.23 2161.73 239.596 185.48 173.53 70.5291 25.0255 43.1817 14.3743 38.6475
internal_count=30141 12961 6792 127 102 6665 2479 4186 704 580 3482 901 240 197 661 407 254 69 287 2581 1413 1168 332 292 836 678 207 105 87 593 512 251 186 820 282 81 129 56 471 184 137 159 65 158 261 98 57 2421 459 313 106 207 17180 9331 1062 819 758 298 109 191 62 159
cat_boundaries=0 1 2 3 4 5 6 7 8
cat_threshold=8 1 4 120 1 8 4 10
is_linear=0
shrinkage=0.04


Tree=138
num_leaves=63
num_cat=6
split_feature=6 8 11 1 8 8 12 17 0 9 4 9 6 1 17 6 0 9 10 8 0 4 8 0 12 9 8 0 8 8 9 1 1 8 1 8 6 9 7 9 3 3 12 1 10 11 6 9 9 9 12 10 10 9 8 8 1 10 10 6 9 9
split_gain=0.939676 3.40784 3.72958 7.05011 3.30485 2.70946 2.91161 4.0519 3.27875 5.28386 3.16851 2.70102 2.60511 4.54807 4.77846 3.26858 2.72692 4.15135 3.68569 3.23806 2.5796 3.71925 3.77933 4.22863 3.26129 4.70611 5.7926 3.67709 8.7704 4.25384 3.60512 5.8199 4.27544 4.19751 4.54732 3.99541 3.21176 5.27175 5.11829 3.30238 4.73127 3.19594 4.78324 5.24905 4.28899 3.42199 3.08375 5.54721 3.07889 3.33915 4.19971 4.30113 3.47616 4.55349 3.25676 3.46527 5.07248 3.02116 2.74107 3.98479 4.81024 3.90225
threshold=2.5000000000000004 29.500000000000004 inf 1.0000000180025095e-35 32.500000000000007 35.500000000000007 0 1 1.0000000180025095e-35 4.1500000000000012 1.0000000180025095e-35 4.2500000000000009 1.0000000180025095e-35 1.0000000180025095e-35 2 1.5000000000000002 7.5000000000000009 4.6500000000000012 1.5000000000000002 37.500000000000007 7.5000000000000009 1.0000000180025095e-35 21.500000000000004 12.500000000000002 3 4.9500000000000011 20.500000000000004 12.500000000000002 26.500000000000004 24.500000000000004 4.7500000000000009 18.500000000000004 16.500000000000004 20.500000000000004 19.500000000000004 27.500000000000004 1.5000000000000002 4.8500000000000005 3.5000000000000004 4.9500000000000011 1.0000000180025095e-35 1.0000000180025095e-35 4 22.500000000000004 1.5000000000000002 2.5000000000000004 1.0000000180025095e-35 4.6500000000000012 4.4500000000000011 4.8500000000000005 5 1.0000000180025095e-35 1.0000000180025095e-35 4.9500000000000011 24.500000000000004 26.500000000000004 -1.0000000180025095e-35 1.5000000000000002 1.5000000000000002 1.0000000180025095e-35 4.6500000000000012 4.7500000000000009
decision_type=2 8 8 2 8 10 1 9 10 10 2 10 2 2 9 2 8 10 2 8 8 2 10 10 1 8 10 10 10 10 10 2 2 10 2 10 2 10 2 10 2 2 1 2 2 8 2 8 10 10 1 2 2 10 10 8 2 2 2 2 10 10
left_child=1 20 5 -4 -5 -3 7 8 9 -7 -11 -6 16 15 -15 -14 17 19 -19 -8 41 24 23 -23 30 -26 -27 28 -28 -29 32 35 -22 -34 46 -32 37 -24 48 40 -39 42 43 44 -1 -43 -35 -48 -38 50 54 -52 -51 -54 -50 -56 -57 -36 59 61 -61 -44
right_child=-2 2 3 4 11 6 12 -9 -10 10 -12 -13 13 14 -16 -17 -18 18 -20 -21 21 22 36 -25 25 26 27 29 -30 -31 31 -33 33 34 57 -37 38 39 -40 -41 -42 45 58 -45 -46 -47 47 -49 49 52 51 -53 53 -55 55 56 -58 -59 -60 60 -62 -63
leaf_value=-0.0024217851915530964 0.00039056046662628647 0.0022617882444675658 -0.057595578031139807 -0.029219668263662242 0.029078963809121609 0.020574811542527931 -0.020941174848216192 -0.038368797872660253 -0.0020751654617478556 -0.047183611770803435 -0.015033598060304236 -0.0055601620111025889 0.0036628295431392461 0.00039413146240596441 0.033805631315655942 0.032719686574402579 -0.00061782101811302254 -0.014195734305663907 -0.05426774250389392 0.018135009373694232 0.0079967673567247037 -0.0033236463750876376 -0.0098173862623484112 0.021218512058648255 -0.0021272946132758872 0.027979548491458086 -0.031250440042624637 -0.01184773423200758 0.022252861756382771 -0.052021802614089563 -0.0037774036332223222 0.019723832345267842 -0.036796426043698788 0.0017076150764051615 -0.0026871944128498962 0.018171950650845505 -0.033753040468441568 0.022561142088652592 -0.036753559432071252 -0.0091743410698111004 -0.014858551826114636 0.0060789734680994365 -0.02612630835178642 -0.053538416040389745 -0.035898059769667569 -0.026361332926864437 -0.0089758066005166046 -0.04551634385822783 -0.0064344874867399782 -0.046332275184125832 -0.041952204379199456 -0.0061445099646678008 -0.034467876824982903 0.0072805374906110935 0.049591555715042715 0.035526487898910844 -0.020093319235594796 0.022603844281667122 0.0078248337341258137 0.012634488182526021 -0.0063079877497485594 0.0015085883323278486
leaf_weight=23.849868908524513 3977.0396865829825 991.72800774499774 4.8304850086569813 6.438768774271014 5.0208657830953625 4.900504648685458 5.9106883406639108 5.799083422869443 150.74870574846864 7.1844043731689462 15.456962108612061 12.74310929328203 11.523029930889606 239.42147731035948 7.0505084916949263 13.394101846963167 91.037623357027769 10.374449729919435 5.6848340556025496 7.9654900282621393 44.090076979249716 52.135034963488579 112.50110734254122 14.317858368158339 448.79381501302123 4.2730332389473906 12.151788663119079 7.3878416083753136 8.2166865915060026 9.8256235718727094 60.588945120573044 40.583904005587101 7.0813451930880538 16.551232099533081 19.579856872558594 16.989748410880566 8.3550012931227666 23.357461057603363 14.030843421816824 14.735715873539446 7.0344457402825347 161.1842620074749 19.302582338452339 5.431155487895011 8.2388646900653821 5.3762420043349257 23.044107288122177 9.3421087190508825 10.417747631669046 6.2689637430012253 7.2429533600807217 20.724982522428036 7.5835403650999078 9.3139944672584534 5.0766239464282963 5.5763509199023238 4.9543844684958467 12.307496860623361 59.07909432053566 37.504865944385529 50.104278139770031 14.182672411203383
leaf_count=100 17180 4186 25 28 19 22 28 27 657 34 67 55 49 1014 30 56 384 49 30 32 179 225 490 57 1897 17 57 32 32 48 262 163 32 69 86 68 43 91 62 63 30 686 86 26 38 24 99 45 45 32 37 90 35 37 19 21 22 51 244 155 216 58
internal_value=-1.43578e-05 -0.00054306 0.000731169 -0.0134744 -0.00466851 0.00099417 -0.00118664 -0.00518248 -0.00439373 -0.0170843 -0.0252352 0.00423035 0.000799838 0.00299632 0.00134989 0.0192822 -0.00406159 -0.0145346 -0.0283808 0.00149014 -0.00194793 -0.00296207 -0.0065394 0.00196418 -0.00139929 -0.00325725 -0.0161515 -0.0211692 -0.00966709 -0.0347795 0.00228374 0.00745023 -0.00216827 -0.00726663 -0.00467942 0.00102951 -0.00873669 -0.00518438 -0.0143617 0.00636548 0.0139001 0.000861379 -0.00232952 -0.0135584 -0.0110169 0.00503186 -0.0123381 -0.0195163 -0.0106878 -0.00819021 -0.00273961 -0.011357 -0.0208937 -0.011456 0.00786349 0.0224456 0.00935909 0.00707434 0.000721301 -0.00268478 0.00180115 -0.0144216
internal_weight=7022.94 3045.9 1597.21 29.0332 24.2027 1568.18 576.452 184.09 178.291 27.5419 22.6414 17.764 392.362 271.389 246.472 24.9171 120.973 29.9355 16.0593 13.8762 1448.69 1064.43 323.627 66.4529 740.808 490.649 41.855 37.5819 20.3685 17.2135 250.159 118.163 131.996 87.9061 80.8248 77.5787 257.174 157.629 99.5454 45.1276 30.3919 384.254 217.693 37.5199 32.0887 166.561 48.9374 32.3862 85.5145 77.1595 53.993 27.9679 23.1665 16.8975 26.0251 15.6074 10.5307 31.8874 180.173 121.094 87.6091 33.4853
internal_count=30141 12961 6792 127 102 6665 2479 807 780 123 101 74 1672 1149 1044 105 523 139 79 60 6169 4536 1399 282 3137 2083 186 169 89 80 1054 493 561 382 350 330 1117 674 443 184 121 1633 923 164 138 710 213 144 381 338 234 127 104 72 107 62 43 137 759 515 371 144
cat_boundaries=0 1 2 3 4 5 6
cat_threshold=5 1 1 18 16 26
is_linear=0
shrinkage=0.04


Tree=139
num_leaves=63
num_cat=17
split_feature=6 11 16 9 14 9 13 1 11 9 16 9 0 6 12 1 15 9 1 9 0 14 11 15 6 0 9 0 9 9 14 0 15 12 9 16 14 9 9 10 9 1 9 16 11 9 14 17 9 0 10 9 14 6 0 0 9 3 0 1 1 9
split_gain=0.866035 2.58099 9.37062 6.67294 3.08646 4.59938 2.467 3.15817 3.90382 3.24857 2.61262 3.39788 7.70737 4.76204 3.37959 5.00225 3.9343 4.14241 3.26063 6.40082 2.7324 2.73161 2.56821 3.33542 5.21304 4.05941 2.87573 4.40798 2.6416 2.53891 6.53788 2.52688 4.42891 7.89019 3.88576 4.77943 3.76679 3.67344 3.36967 2.65551 3.32362 2.51285 2.4532 2.32876 2.31297 2.25321 2.19259 2.17191 4.00723 3.13258 2.69645 4.55441 5.57201 4.08735 3.58702 3.00733 3.27263 2.50521 2.40673 2.00996 1.99664 5.96866
threshold=2.5000000000000004 1.5000000000000002 0 3.6500000000000008 1 4.4500000000000011 2 14.500000000000002 1.5000000000000002 4.4500000000000011 3 4.5500000000000007 7.5000000000000009 4.5000000000000009 4 16.500000000000004 5 4.7500000000000009 17.500000000000004 4.8500000000000005 12.500000000000002 6 1.0000000180025095e-35 7 5.5000000000000009 7.5000000000000009 4.6500000000000012 12.500000000000002 4.8500000000000005 4.8500000000000005 8 1.0000000180025095e-35 9 10 4.8500000000000005 11 12 4.3500000000000005 3.9500000000000006 1.0000000180025095e-35 4.6500000000000012 17.500000000000004 3.4500000000000006 13 1.0000000180025095e-35 4.9500000000000011 14 15 4.8500000000000005 7.5000000000000009 1.0000000180025095e-35 4.2500000000000009 16 1.5000000000000002 12.500000000000002 7.5000000000000009 4.5500000000000007 1.0000000180025095e-35 7.5000000000000009 20.500000000000004 12.500000000000002 4.9500000000000011
decision_type=2 10 9 8 9 8 9 2 8 8 9 8 8 2 1 2 1 10 2 8 8 9 8 1 2 10 10 8 8 10 9 10 1 1 8 9 9 10 8 2 10 2 10 9 8 8 9 9 10 10 2 8 9 2 8 10 10 2 10 2 2 10
left_child=1 -1 4 -4 -3 -6 7 8 -2 -10 42 12 13 -12 16 -16 17 -13 -18 21 -19 -20 23 24 25 -17 -25 29 -26 30 -28 32 33 37 -35 46 44 43 -38 -39 -41 -27 -9 -8 -34 -24 -36 48 50 -50 54 57 53 -53 55 -5 -57 -52 -54 -56 -40 -62
right_child=6 2 3 47 5 -7 31 10 9 -11 11 14 -14 -15 15 22 18 20 19 -21 -22 -23 45 26 28 41 27 -29 -30 -31 -32 -33 36 34 35 -37 38 39 60 40 -42 -43 -44 -45 -46 -47 -48 -49 49 -51 51 52 58 -55 59 56 -58 -59 -60 -61 61 -63
leaf_value=-0.00080041195463947457 -0.0033426378606655318 0.0013563217100111661 -0.034431513587445992 0.022692857364374097 -0.063177689959832362 -0.014444246853586874 0.019996251002590962 -0.02591473960239786 0.0020319234013907888 -0.032926854313667257 -0.03567452768946449 0.023957009219143878 0.0034520989846380102 -0.0038450926372820531 -0.010449798611019634 0.0024775121652973386 -0.046346776079543739 -0.024258644030969414 0.022715962556286069 -0.051582746367095186 0.013260661217583156 -0.014782963375878958 0.01245778749750542 -0.027856117802163745 -0.028681666475997489 0.054513855368807339 -0.035573196598403821 -0.019556568716435973 0.0092767077390308924 0.024943131853930673 0.022738003919391164 0.00064929041845187413 -0.026117166646730583 0.031810960662398274 -0.028728968336663847 0.036677073344494743 -0.029908044950938788 0.0093413066322142729 0.0018957771626653774 -0.043039537082822481 -0.0079269942712504281 0.021856574775188729 -0.00070202201211292422 -0.01185655488833558 -0.0037545190163761578 -0.0016604618727205603 0.0095616446333003265 -0.0040824546884196946 -0.031995909952291124 0.0050162224313974229 -0.029805625550431546 0.052703348625541969 0.014409077339547318 0.0084276064955830562 0.036651899647337775 0.011963720374702079 -0.028428144549784116 0.0016974219649724723 -0.015646016472806019 0.0096123017194355946 0.014065853541763363 -0.032172109301025882
leaf_weight=2880.1143363565207 219.77164877578616 6.3146313391625881 5.7434778735041609 15.639976412057877 4.942650832235814 8.3052427992224693 15.520947344601154 6.2006566636264315 6.2069326639175442 13.510711822658775 15.958287786692383 12.616765297949316 71.074562631547451 14.223968148231505 25.944404080510139 15.493484914302824 5.8718737214803722 7.3420013412833187 5.9718288406729698 4.700711987912654 5.3824508413672456 6.4815929010510462 154.12250123172998 8.1097166910767537 6.8232479766011211 4.9055309221148518 5.4021869152784348 13.419668413698671 5.1455478742718705 9.6252088248729688 7.1460494101047534 1397.4861718080938 11.007774189114569 37.576073601841927 4.7431137785315514 5.769890956580638 4.8618725389242163 9.119667172431944 213.96089862659574 5.5901159271597889 18.883898667991161 16.284106180071831 1473.3611172363162 4.8106458112597474 22.580339945852757 20.491490170359612 4.8285342678427678 16.477453127503395 5.3583076223731068 11.535315752029417 5.7885003872215757 8.6517054587602598 10.191683370620014 5.4296609014272699 20.942688345909122 8.702576667070387 5.0845938771963128 13.362163081765175 7.3281585946679106 5.5679479241371146 53.787263497710228 4.8713805451989165
leaf_count=12247 964 27 28 62 26 37 68 30 28 70 77 50 302 59 115 65 29 33 24 22 23 31 630 39 30 18 28 61 21 38 29 6043 49 149 23 22 23 39 937 26 83 65 6359 22 99 91 21 77 28 46 28 33 43 23 81 37 23 58 34 23 223 22
internal_value=-1.37739e-05 -0.000521386 0.00433828 0.00782605 -0.0216569 -0.0326262 0.000374943 -0.00053836 -0.00487233 -0.0219222 -1.15819e-06 0.00269535 -0.00373941 -0.0206743 0.00460453 0.00610963 -0.00478439 0.00553257 -0.0143759 -0.0118127 -0.00838796 0.00319902 0.00794775 0.0025532 0.00875932 0.0180388 -0.00517573 -0.00146225 -0.0123628 0.00948868 -0.00236576 0.00145735 0.00419434 0.0108272 0.0209299 0.00792141 0.00151925 -0.000809944 0.0030995 -0.00908203 -0.0159471 0.0294169 -0.000807685 0.0124596 -0.0110834 0.010801 -0.0094128 0.00955891 0.0113777 -0.00672326 0.0142439 0.00756781 0.0168958 0.035631 0.020301 0.0106869 -0.00293246 -0.00782472 0.0018377 0.0309729 0.00368816 0.010226
internal_weight=7022.47 3045.48 165.367 145.804 19.5625 13.2479 3976.99 2161.59 239.489 19.7176 1922.1 442.537 101.257 30.1823 341.28 292.913 48.3672 25.3412 23.026 17.1541 12.7245 12.4534 266.969 92.3547 48.6519 36.6831 43.7028 35.5931 11.9688 22.1734 12.5482 1815.4 417.912 106.843 52.9176 15.3415 311.07 53.9253 277.481 33.5937 24.474 21.1896 1479.56 20.3316 33.5881 174.614 9.57165 140.061 123.583 16.8936 106.69 50.7519 31.6012 14.0814 55.9378 29.4271 13.7872 19.1507 17.5198 26.5106 272.62 58.6586
internal_count=30141 12961 714 624 90 63 17180 9331 1062 98 8269 1880 438 136 1442 1230 212 106 106 77 56 55 1115 394 199 148 195 156 51 95 57 7849 1806 453 215 66 1353 238 1205 148 109 83 6389 90 148 721 44 596 519 74 445 219 133 56 226 122 60 86 77 104 1182 245
cat_boundaries=0 1 2 3 4 5 6 7 8 9 10 11 12 13 14 15 16 17
cat_threshold=4 8 10 1 32 9 8 5 4 2 114 1 2 1 4 1 8
is_linear=0
shrinkage=0.04


Tree=140
num_leaves=63
num_cat=11
split_feature=15 0 12 8 6 14 10 8 6 6 12 9 17 9 1 8 7 1 9 8 9 8 0 8 8 9 1 1 8 8 0 14 10 9 10 8 14 12 1 6 10 1 0 7 14 1 1 9 12 7 0 8 0 9 7 8 12 1 0 6 8 1
split_gain=1.36705 3.2663 3.07765 3.34776 3.65585 5.07945 5.84074 4.81634 4.49304 2.91681 8.07587 5.21756 5.01263 3.7346 3.68949 5.26468 3.93861 5.14842 3.8734 3.42586 3.36683 3.53269 3.30645 4.41792 3.29933 5.41935 6.75966 5.92721 3.18826 6.0964 4.14058 4.72029 4.02131 3.08183 7.44281 6.45982 7.1146 5.68271 11.2904 4.63712 3.92828 3.65784 3.58796 4.50066 3.45902 3.18892 3.12091 4.8587 4.0641 5.10043 4.80624 6.96161 3.83571 3.77421 3.61236 4.1438 3.39292 6.11789 5.7143 4.15579 6.08179 5.88533
threshold=0 12.500000000000002 1 20.500000000000004 3.5000000000000004 2 1.5000000000000002 28.500000000000004 4.5000000000000009 5.5000000000000009 3 4.2500000000000009 4 4.9500000000000011 16.500000000000004 27.500000000000004 3.5000000000000004 18.500000000000004 4.8500000000000005 27.500000000000004 4.7500000000000009 28.500000000000004 7.5000000000000009 25.500000000000004 35.500000000000007 4.9500000000000011 21.500000000000004 20.500000000000004 25.500000000000004 24.500000000000004 1.0000000180025095e-35 5 1.5000000000000002 4.9500000000000011 1.5000000000000002 24.500000000000004 6 7 9.5000000000000018 3.5000000000000004 1.0000000180025095e-35 12.500000000000002 7.5000000000000009 3.5000000000000004 8 19.500000000000004 11.500000000000002 3.7500000000000004 9 2.5000000000000004 7.5000000000000009 32.500000000000007 7.5000000000000009 4.1500000000000012 3.5000000000000004 28.500000000000004 10 22.500000000000004 12.500000000000002 2.5000000000000004 26.500000000000004 17.500000000000004
decision_type=1 10 1 10 2 9 2 10 2 2 1 8 9 10 2 10 2 2 8 10 10 10 8 8 10 8 2 2 10 8 10 9 2 10 2 10 9 1 2 2 2 2 10 2 9 2 2 8 1 2 8 10 8 8 2 10 1 2 8 2 10 2
left_child=1 -1 3 -3 -5 6 7 -6 -7 12 11 22 24 14 15 -13 17 20 -19 -20 21 -16 -11 -24 33 -26 27 -27 29 30 31 -12 -31 46 37 36 -36 38 -35 -39 -40 -41 -37 -44 45 -42 47 -2 52 50 -50 -52 -49 -51 -54 -56 57 58 59 60 61 -48
right_child=9 2 -4 4 5 8 -8 -9 -10 10 28 13 -14 -15 16 -17 -18 18 19 -21 -22 -23 23 -25 25 26 -28 -29 -30 32 -32 -33 -34 34 35 42 -38 39 40 41 44 -43 43 -45 -46 -47 56 48 49 53 51 -53 54 -55 55 -57 -58 -59 -60 -61 -62 -63
leaf_value=-0.00029912291366073152 0.032549465490750981 -0.01997528750864494 0.0013191304974691923 0.01377878254498472 0.03133501785815665 -0.0086324438666696042 -0.038750310626619967 -0.020802088570898932 0.018325682906091555 0.043365759256179096 0.0046874827218426679 0.00084672714670810652 -0.012038278755676072 0.021967329540881889 -0.0027912289788868624 0.022982234013588322 -0.016797505250656548 0.011963855852901967 -0.034197781619222968 0.0043617366823262447 0.0055768881497667193 -0.039176367631316676 0.046875474978095778 0.0044997107712676961 -0.0048785103558715735 0.007127821475287832 0.040196601732242918 -0.037906279426986045 -7.0737730355834564e-05 -0.018876098766283104 0.002003230567119537 -0.049075372063429656 -0.061155748192818014 0.047915058451979908 -0.019795126407182978 -0.036455419253675271 0.022802659101227665 -0.00030546032389186766 -0.012210852482943256 -0.049953639032901682 0.009278145928312994 -0.012663780482949383 -0.021693228843334328 0.02192330731545904 -0.0066909204619116092 0.048078570274866714 -0.02189139407058965 0.01864033044754923 0.0460109409846646 -0.017760176883625689 0.016647011209167256 -0.038769318588704638 0.0021191714938864027 -0.00043416756005994255 0.031884338816711398 -0.0052018096932373234 -0.002067055336388607 -0.010681787886363221 -0.0021585722364511565 0.0023920621937641318 0.019780043765358517 0.0093438323796017526
leaf_weight=2566.1756847389042 8.5134081020951253 6.7329876497387877 783.0233708396554 95.677126079797745 5.4436573386192322 15.019398026168345 9.1565808802843094 5.9157135710120201 28.97540869563818 8.8810958936810511 4.6103497371077538 37.533444352447987 65.966065131127834 19.325702533125877 7.6358000785112443 31.720336452126503 19.962093561887741 64.947136886417866 5.9183842465281478 9.776405140757559 10.492769390344618 9.6845292299985868 5.1421965062618282 16.787592053413391 521.83180085942149 42.679901167750359 8.8755180239677411 5.2515136003494254 160.99568056687713 14.016164399683477 44.319459237158298 6.0309336781501752 4.8430493474006644 11.026701830327509 12.743836969137192 20.636842057108879 12.355379715561867 63.447229687124491 17.22635941952467 5.3520955294370678 8.1120173782110196 19.703633025288582 22.216672748327259 4.5626115947961798 8.6703364253044128 5.8212065398693094 12.498881399631498 36.817902505397797 6.4514995366334906 21.226461097598076 21.924461603164676 4.3460392504930487 146.08813924714923 384.63796463608742 14.542339429259302 7.210779294371604 1036.746972899884 54.502840798348188 172.72836446017027 140.26907768845558 74.447882898151875 42.369000181555748
leaf_count=11107 34 32 3343 396 20 69 44 27 119 33 19 167 302 76 34 134 83 263 27 39 44 45 19 70 2263 186 34 23 681 62 189 28 24 40 58 96 48 269 76 27 33 88 102 17 39 23 55 145 38 89 170 34 626 1530 53 29 4470 242 736 593 298 177
internal_value=-0.000116225 0.00044138 0.00244642 0.00722277 0.00881685 0.0014577 -0.0149787 0.00418315 0.00912244 -0.000671862 0.00221512 0.00708586 -0.00113213 0.00518473 0.00354395 0.0109855 -0.000469171 0.0025362 0.00765439 -0.0101788 -0.0123036 -0.0231357 0.022775 0.0144362 -0.000890372 -0.00360129 0.00813131 0.00219375 -0.00309505 -0.0101101 -0.00337654 -0.0257825 -0.0297335 -0.000236006 -0.00484208 -0.0152351 0.00117413 0.000565903 0.0101078 -0.0054441 0.00217873 -0.0206292 -0.0239212 -0.0142619 0.0131452 0.0254887 0.000210569 0.0025293 0.00213198 -0.000112932 0.0150762 0.00747926 0.00662468 -0.00134031 0.0043836 0.0195909 -0.000774884 0.00192447 0.00352135 0.00716059 0.012333 0.00222846
internal_weight=7040.54 3516.12 949.944 166.921 160.188 64.5108 20.516 11.3594 43.9948 3524.42 482.623 247.807 3041.8 216.997 197.671 69.2538 128.417 108.455 80.6419 15.6948 27.8131 17.3203 30.8109 21.9298 2975.84 578.639 56.8069 47.9314 234.816 73.82 54.9607 10.6413 18.8592 2397.2 211.875 72.5153 25.0992 139.36 50.8566 88.503 39.8299 25.0557 47.4161 26.7793 22.6036 13.9332 2185.32 651.759 643.246 438.586 32.722 26.2705 204.659 405.864 167.841 21.7531 1533.56 496.816 442.313 269.585 129.316 54.8679
internal_count=30237 15157 4050 707 675 279 91 47 188 15080 2037 1034 13043 912 836 301 535 452 329 66 123 79 122 89 12741 2506 243 209 1003 322 236 47 86 10235 916 321 106 595 211 384 171 115 215 119 95 56 9319 2748 2714 1861 242 204 853 1619 708 82 6571 2101 1859 1123 530 232
cat_boundaries=0 1 2 3 4 5 6 7 8 9 10 11
cat_threshold=9 32 8 101 1 8 8 6 4 33 24
is_linear=0
shrinkage=0.04


end of trees

feature_importances:
Delivery_person_Age=1480
Delivery_person_Ratings=1388
order_hour=1013
day_of_week=897
prep_time_min=824
multiple_deliveries=516
Vehicle_condition=464
Type_of_vehicle=400
Weather_conditions=339
City=332
Type_of_order=223
month=219
is_weekend=193
is_peak_dinner=138
is_late_night=99
Festival=76
Road_traffic_density=73
is_peak_lunch=68

parameters:
[boosting: gbdt]
[objective: binary]
[metric: binary_logloss]
[tree_learner: serial]
[device_type: cpu]
[data_sample_strategy: bagging]
[data: ]
[valid: ]
[num_iterations: 800]
[learning_rate: 0.04]
[num_leaves: 63]
[num_threads: 20]
[seed: 42]
[deterministic: 0]
[force_col_wise: 0]
[force_row_wise: 0]
[histogram_pool_size: -1]
[max_depth: -1]
[min_data_in_leaf: 20]
[min_sum_hessian_in_leaf: 0.001]
[bagging_fraction: 0.9]
[pos_bagging_fraction: 1]
[neg_bagging_fraction: 1]
[bagging_freq: 5]
[bagging_seed: 400]
[bagging_by_query: 0]
[feature_fraction: 0.9]
[feature_fraction_bynode: 1]
[feature_fraction_seed: 30056]
[extra_trees: 0]
[extra_seed: 12879]
[early_stopping_round: 0]
[early_stopping_min_delta: 0]
[first_metric_only: 0]
[max_delta_step: 0]
[lambda_l1: 0]
[lambda_l2: 0]
[linear_lambda: 0]
[min_gain_to_split: 0]
[drop_rate: 0.1]
[max_drop: 50]
[skip_drop: 0.5]
[xgboost_dart_mode: 0]
[uniform_drop: 0]
[drop_seed: 17869]
[top_rate: 0.2]
[other_rate: 0.1]
[min_data_per_group: 100]
[max_cat_threshold: 32]
[cat_l2: 10]
[cat_smooth: 10]
[max_cat_to_onehot: 4]
[top_k: 20]
[monotone_constraints: ]
[monotone_constraints_method: basic]
[monotone_penalty: 0]
[feature_contri: ]
[forcedsplits_filename: ]
[refit_decay_rate: 0.9]
[cegb_tradeoff: 1]
[cegb_penalty_split: 0]
[cegb_penalty_feature_lazy: ]
[cegb_penalty_feature_coupled: ]
[path_smooth: 0]
[interaction_constraints: ]
[verbosity: -1]
[saved_feature_importance_type: 0]
[use_quantized_grad: 0]
[num_grad_quant_bins: 4]
[quant_train_renew_leaf: 0]
[stochastic_rounding: 1]
[linear_tree: 0]
[max_bin: 255]
[max_bin_by_feature: ]
[min_data_in_bin: 3]
[bin_construct_sample_cnt: 200000]
[data_random_seed: 175]
[is_enable_sparse: 1]
[enable_bundle: 1]
[use_missing: 1]
[zero_as_missing: 0]
[feature_pre_filter: 1]
[pre_partition: 0]
[two_round: 0]
[header: 0]
[label_column: ]
[weight_column: ]
[group_column: ]
[ignore_column: ]
[categorical_feature: 12,13,14,15,16,17]
[forcedbins_filename: ]
[precise_float_parser: 0]
[parser_config_file: ]
[objective_seed: 16083]
[num_class: 1]
[is_unbalance: 0]
[scale_pos_weight: 1]
[sigmoid: 1]
[boost_from_average: 1]
[reg_sqrt: 0]
[alpha: 0.9]
[fair_c: 1]
[poisson_max_delta_step: 0.7]
[tweedie_variance_power: 1.5]
[lambdarank_truncation_level: 30]
[lambdarank_norm: 1]
[label_gain: ]
[lambdarank_position_bias_regularization: 0]
[eval_at: ]
[multi_error_top_k: 1]
[auc_mu_weights: ]
[num_machines: 1]
[local_listen_port: 12400]
[time_out: 120]
[machine_list_filename: ]
[machines: ]
[gpu_platform_id: -1]
[gpu_device_id: -1]
[gpu_use_dp: 0]
[num_gpu: 1]

end of parameters

pandas_categorical:[["Cloudy", "Fog", "Sandstorms", "Stormy", "Sunny", "Windy", "nan"], ["High", "Jam", "Low", "Medium"], ["bicycle", "electric_scooter", "motorcycle", "scooter"], ["Buffet", "Drinks", "Meal", "Snack"], ["Metropolitian", "Semi-Urban", "Urban"], ["No", "Yes"]]
